{"stats":{"minecraft:custom":{"minecraft:jump":53,"minecraft:time_since_rest":10416,"lootr:looted_stat":5,"minecraft:sprint_one_cm":5301,"minecraft:leave_game":1,"minecraft:play_time":10416,"minecraft:damage_taken":30,"minecraft:time_since_death":10416,"minecraft:walk_one_cm":12036,"minecraft:total_world_time":10416,"minecraft:talked_to_villager":1,"minecraft:drop":1,"minecraft:fall_one_cm":3481,"minecraft:fly_one_cm":7689},"minecraft:mined":{"minecraft:tall_grass":1},"minecraft:dropped":{"immersive_melodies:trumpet":1},"minecraft:picked_up":{"immersive_melodies:trumpet":1}},"DataVersion":3465}