{"stats":{"minecraft:used":{"minecraft:sweet_berries":2,"minecraft:baked_potato":1,"minecraft:map":1,"minecraft:painting":4},"minecraft:custom":{"minecraft:time_since_rest":36432,"minecraft:sprint_one_cm":26227,"lootr:looted_stat":11,"minecraft:play_time":36432,"minecraft:damage_taken":70,"minecraft:walk_one_cm":34409,"minecraft:drop":1,"minecraft:jump":114,"minecraft:eat_cake_slice":2,"minecraft:leave_game":2,"minecraft:time_since_death":36432,"minecraft:climb_one_cm":793,"minecraft:total_world_time":36432,"minecraft:talked_to_villager":1,"minecraft:fall_one_cm":5004,"minecraft:fly_one_cm":19436},"minecraft:dropped":{"immersive_melodies:trumpet":1},"minecraft:mined":{"minecraft:large_fern":3,"minecraft:tall_grass":3,"minecraft:sweet_berry_bush":1},"minecraft:picked_up":{"minecraft:sweet_berries":14,"minecraft:wheat_seeds":1,"sophisticatedbackpacks:backpack":1,"immersive_melodies:trumpet":1}},"DataVersion":3465}