{"stats":{"minecraft:broken":{"minecraft:iron_boots":1,"minecraft:stone_pickaxe":3,"minecraft:golden_axe":1,"minecraft:stone_axe":1,"minecraft:wooden_sword":1,"minecraft:iron_sword":1,"minecraft:iron_pickaxe":3,"minecraft:iron_helmet":1},"minecraft:dropped":{"minecraft:bread":2,"naturalist:antler":1,"minecraft:wheat_seeds":1,"croptopia:elderberry_seed":4,"ecologics:coconut_seedling":7,"minecraft:copper_ingot":1,"minecraft:acacia_log":1,"minecraft:rail":4,"paraglider:spirit_orb":4,"minecraft:stick":1,"croptopia:tomato_seed":2,"minecraft:wooden_sword":2,"minecraft:sand":1,"minecraft:blackstone":92,"minecraft:iron_nugget":7,"minecraft:rotten_flesh":16,"universal_graves:grave_compass":1,"minecraft:clay_ball":8,"supplementaries:ash":6,"minecraft:gunpowder":2,"ecologics:coconut_husk":17,"minecraft:oak_sapling":1,"minecraft:wooden_pickaxe":1},"minecraft:picked_up":{"minecraft:charcoal":16,"minecraft:crafting_table":12,"minecraft:clay_ball":12,"naturalist:venison":4,"ecologics:seashell":1,"minecraft:amethyst_block":35,"minecraft:string":132,"minecraft:raw_copper":92,"minecraft:zombie_head":1,"minecraft:blackstone":494,"minecraft:cobbled_deepslate":42,"croptopia:tomato_seed":2,"minecraft:beef":1,"minecraft:andesite_stairs":1,"minecraft:calcite":224,"minecraft:iron_nugget":43,"minecraft:sugar_cane":41,"minecraft:furnace":1,"ecologics:crab_claw":1,"minecraft:stick":8,"minecraft:raw_iron":193,"minecraft:sandstone":1,"ecologics:coconut_slice":12,"minecraft:copper_ingot":2,"minecraft:oak_fence":3,"minecraft:torch":20,"ecologics:coconut_seedling":10,"minecraft:acacia_log":1,"minecraft:porkchop":9,"minecraft:redstone":59,"minecraft:arrow":27,"minecraft:rotten_flesh":40,"croptopia:persimmon":3,"minecraft:deepslate_bricks":3,"minecraft:hay_block":4,"ecologics:coconut_log":38,"croptopia:elderberry":2,"supplementaries:ash":20,"minecraft:obsidian":24,"minecraft:mutton":6,"minecraft:rail":5,"minecraft:white_wool":3,"minecraft:cobblestone":112,"minecraft:enchanting_table":1,"minecraft:andesite":92,"minecraft:salmon":3,"minecraft:leather":3,"artifacts:onion_ring":1,"paraglider:spirit_orb":12,"minecraft:tuff":8,"minecraft:oak_log":19,"minecraft:magenta_bed":1,"minecraft:cobbled_deepslate_stairs":3,"minecraft:gunpowder":3,"minecraft:lapis_lazuli":173,"minecraft:dirt":30,"minecraft:cooked_mutton":2,"minecraft:bone":33,"minecraft:apple":18,"minecraft:stone_bricks":3,"minecraft:wheat_seeds":3,"minecraft:raw_gold":94,"croptopia:tomato":1,"croptopia:elderberry_seed":4,"croptopia:roe":3,"minecraft:oak_planks":44,"artifacts:obsidian_skull":2,"minecraft:smooth_basalt":121,"minecraft:cooked_porkchop":2,"minecraft:gravel":14,"minecraft:sand":3,"minecraft:amethyst_shard":168,"ecologics:coconut_husk":5,"sophisticatedbackpacks:iron_backpack":1,"minecraft:blast_furnace":4,"minecraft:barrel":1,"minecraft:trapped_chest":1,"minecraft:spider_eye":3,"minecraft:bundle":2,"naturalist:antler":1,"minecraft:diamond":117,"croptopia:orange":5,"minecraft:granite":49,"minecraft:emerald":6,"minecraft:oak_sapling":1,"minecraft:coal":196},"minecraft:mined":{"minecraft:tuff":9,"croptopia:orange_crop":5,"minecraft:deepslate_diamond_ore":116,"minecraft:cobbled_deepslate_stairs":3,"minecraft:andesite_stairs":1,"minecraft:obsidian":24,"minecraft:glow_lichen":2,"croptopia:persimmon_crop":4,"minecraft:granite":49,"minecraft:stone_button":1,"minecraft:grass_block":3,"minecraft:deepslate_bricks":4,"ecologics:coconut_log":38,"minecraft:spawner":5,"minecraft:hay_block":4,"minecraft:deepslate_brick_slab":1,"minecraft:magma_block":4,"minecraft:furnace":1,"minecraft:iron_ore":125,"minecraft:fire":6,"minecraft:andesite":92,"minecraft:deepslate_lapis_ore":17,"minecraft:enchanting_table":1,"supplementaries:stick":1,"croptopia:apple_crop":18,"minecraft:deepslate_iron_ore":68,"minecraft:rail":2,"minecraft:deepslate_brick_stairs":1,"croptopia:elderberry_crop":2,"minecraft:stone":104,"minecraft:deepslate_redstone_ore":13,"minecraft:blackstone":607,"minecraft:amethyst_cluster":42,"minecraft:clay":1,"minecraft:crafting_table":11,"minecraft:blast_furnace":4,"minecraft:calcite":225,"minecraft:dead_bush":1,"minecraft:campfire":8,"minecraft:copper_ore":25,"minecraft:tall_grass":1,"minecraft:lapis_ore":9,"minecraft:deepslate_gold_ore":96,"minecraft:sugar_cane":21,"minecraft:wall_torch":2,"minecraft:amethyst_block":36,"supplementaries:urn":23,"ecologics:seashell":1,"minecraft:magenta_bed":1,"croptopia:tomato_crop":1,"minecraft:grass":6,"minecraft:oak_log":19,"minecraft:coal_ore":192,"minecraft:dirt":11,"minecraft:cobweb":120,"minecraft:smooth_basalt":100,"minecraft:stone_bricks":3,"minecraft:oak_leaves":1,"minecraft:deepslate":34},"minecraft:crafted":{"minecraft:wooden_sword":2,"minecraft:oak_planks":76,"naturalist:cooked_venison":4,"ecologics:coconut_planks":20,"minecraft:furnace":1,"croptopia:toast":35,"minecraft:cooked_mutton":4,"minecraft:diamond_helmet":1,"minecraft:diamond_leggings":1,"minecraft:iron_boots":1,"sophisticatedbackpacks:copper_backpack":1,"minecraft:stone_pickaxe":4,"minecraft:chest":1,"minecraft:diamond_boots":1,"sophisticatedbackpacks:iron_backpack":2,"ecologics:crab_meat":1,"minecraft:wheat":36,"minecraft:cooked_beef":1,"sophisticatedbackpacks:backpack":1,"minecraft:cooked_porkchop":7,"minecraft:crafting_table":4,"minecraft:wooden_pickaxe":1,"minecraft:iron_helmet":1,"minecraft:iron_sword":1,"minecraft:copper_ingot":16,"minecraft:cooked_salmon":3,"sophisticatedbackpacks:gold_backpack":1,"minecraft:bucket":1,"minecraft:stone_axe":2,"minecraft:bread":15,"minecraft:air":0,"minecraft:blue_dye":1,"minecraft:iron_chestplate":1,"minecraft:diamond_pickaxe":1,"minecraft:stick":104,"minecraft:iron_ingot":73,"minecraft:iron_pickaxe":2,"minecraft:iron_leggings":1,"minecraft:torch":276,"minecraft:diamond_chestplate":1},"minecraft:killed_by":{"minecraft:creeper":1,"minecraft:zombie":3},"minecraft:custom":{"lootr:looted_stat":32,"minecraft:mob_kills":106,"minecraft:interact_with_crafting_table":43,"minecraft:open_barrel":4,"minecraft:interact_with_campfire":4,"minecraft:leave_game":8,"minecraft:time_since_death":52634,"minecraft:sprint_one_cm":848996,"minecraft:walk_one_cm":681783,"minecraft:damage_blocked_by_shield":1930,"minecraft:drop":44,"minecraft:damage_dealt_absorbed":160,"minecraft:talked_to_villager":1,"minecraft:play_time":341569,"minecraft:sneak_time":3893,"minecraft:deaths":5,"minecraft:walk_under_water_one_cm":28815,"minecraft:jump":3159,"minecraft:interact_with_blast_furnace":19,"minecraft:enchant_item":5,"minecraft:walk_on_water_one_cm":26367,"minecraft:total_world_time":341569,"minecraft:interact_with_furnace":13,"minecraft:interact_with_cartography_table":2,"minecraft:sleep_in_bed":3,"minecraft:time_since_rest":4177,"minecraft:damage_taken":5782,"minecraft:damage_dealt":19447,"minecraft:swim_one_cm":49350,"minecraft:fly_one_cm":462511,"minecraft:open_chest":15,"minecraft:crouch_one_cm":5863,"minecraft:interact_with_smoker":11,"minecraft:fall_one_cm":54120,"minecraft:horse_one_cm":7801},"minecraft:used":{"minecraft:oak_fence":3,"minecraft:enchanting_table":1,"minecraft:shield":37,"minecraft:iron_sword":143,"minecraft:cooked_salmon":3,"minecraft:rotten_flesh":24,"minecraft:iron_chestplate":1,"minecraft:stick":1,"naturalist:cooked_venison":4,"minecraft:torch":301,"minecraft:dirt":16,"croptopia:elderberry":2,"ecologics:crab_meat":1,"ecologics:seashell":1,"minecraft:tuff":1,"minecraft:granite":40,"minecraft:iron_axe":3,"minecraft:iron_helmet":1,"minecraft:iron_boots":1,"minecraft:barrel":1,"minecraft:smooth_basalt":1,"croptopia:persimmon":3,"minecraft:furnace":1,"croptopia:roe":3,"ecologics:coconut_seedling":3,"minecraft:cooked_beef":1,"minecraft:golden_axe":16,"minecraft:cobbled_deepslate":16,"minecraft:iron_leggings":1,"minecraft:cooked_mutton":2,"minecraft:water_bucket":15,"minecraft:amethyst_block":2,"croptopia:tomato":1,"minecraft:stone_pickaxe":448,"minecraft:baked_potato":2,"minecraft:blackstone":14,"minecraft:sandstone":1,"minecraft:wooden_pickaxe":26,"minecraft:sugar_cane":6,"minecraft:sand":2,"minecraft:crafting_table":16,"croptopia:orange":5,"minecraft:diamond_pickaxe":815,"minecraft:apple":5,"minecraft:bread":18,"minecraft:iron_pickaxe":750,"minecraft:gravel":14,"minecraft:stone_axe":158,"ecologics:coconut_slice":12,"croptopia:toast":27,"minecraft:wooden_sword":81,"basicweapons:iron_club":143,"minecraft:cobblestone":10,"minecraft:andesite":15,"minecraft:cooked_porkchop":2,"minecraft:andesite_stairs":1,"minecraft:bucket":16},"minecraft:killed":{"naturalist:zebra":1,"minecraft:cave_spider":4,"minecraft:spider":8,"naturalist:robin":1,"naturalist:boar":5,"minecraft:skeleton":20,"naturalist:deer":2,"ecologics:coconut_crab":3,"minecraft:drowned":4,"artifacts:mimic":1,"naturalist:bear":1,"minecraft:salmon":3,"minecraft:creeper":2,"minecraft:sheep":3,"minecraft:zombie":42,"minecraft:cow":1}},"DataVersion":3465}