{"stats":{"minecraft:killed":{"minecraft:skeleton":2,"minecraft:zombie":1,"naturalist:boar":4,"minecraft:cow":2},"minecraft:custom":{"minecraft:time_since_rest":30153,"lootr:looted_stat":1,"minecraft:sprint_one_cm":45720,"minecraft:damage_taken":252,"minecraft:walk_one_cm":39156,"minecraft:mob_kills":9,"minecraft:drop":4,"minecraft:damage_dealt":1300,"minecraft:interact_with_crafting_table":1,"minecraft:fly_one_cm":40057,"minecraft:crouch_one_cm":319,"minecraft:play_time":30153,"minecraft:sneak_time":502,"minecraft:jump":224,"minecraft:leave_game":2,"minecraft:time_since_death":30153,"minecraft:walk_on_water_one_cm":184,"minecraft:total_world_time":30153,"minecraft:fall_one_cm":3054},"minecraft:dropped":{"croptopia:buttered_toast":64,"minecraft:golden_apple":64},"minecraft:used":{"minecraft:stone_sword":34,"minecraft:stone_pickaxe":97,"croptopia:buttered_toast":2,"minecraft:golden_apple":1,"minecraft:stone_axe":61,"minecraft:torch":13,"minecraft:crafting_table":1},"minecraft:picked_up":{"minecraft:raw_iron":1,"minecraft:stick":9,"minecraft:leather_chestplate":1,"minecraft:water_bucket":1,"minecraft:leather_leggings":1,"minecraft:leather":2,"minecraft:torch":8,"sophisticatedbackpacks:backpack":2,"minecraft:porkchop":11,"artifacts:onion_ring":1,"minecraft:oak_log":54,"minecraft:leather_helmet":1,"minecraft:raw_copper":6,"minecraft:leather_boots":1,"minecraft:stone_sword":1,"minecraft:bone":1,"minecraft:arrow":34,"minecraft:rotten_flesh":1,"minecraft:apple":1,"minecraft:bow":1,"minecraft:stone_axe":1,"minecraft:wheat_seeds":3,"croptopia:buttered_toast":96,"artifacts:aqua_dashers":1,"minecraft:beef":3,"minecraft:stone_pickaxe":1,"minecraft:oak_boat":1,"minecraft:golden_apple":69,"minecraft:oak_sapling":5,"minecraft:coal":82,"minecraft:cobblestone":18},"minecraft:mined":{"minecraft:iron_ore":1,"minecraft:grass":7,"minecraft:coal_ore":75,"minecraft:oak_log":54,"minecraft:copper_ore":2,"minecraft:tall_grass":2,"minecraft:stone":18},"minecraft:crafted":{"minecraft:oak_planks":40,"minecraft:crafting_table":1,"minecraft:stone_pickaxe":1,"minecraft:torch":12}},"DataVersion":3465}