{"stats":{"minecraft:killed":{"naturalist:boar":4,"minecraft:skeleton":5,"friendsandfoes:glare":1,"minecraft:zombie":3,"minecraft:enderman":1,"minecraft:cow":2},"minecraft:custom":{"lootr:looted_stat":1,"minecraft:interact_with_furnace":6,"minecraft:mob_kills":16,"minecraft:interact_with_crafting_table":3,"minecraft:leave_game":2,"minecraft:time_since_death":42153,"minecraft:time_since_rest":42153,"minecraft:sprint_one_cm":62202,"minecraft:walk_one_cm":71987,"minecraft:damage_taken":625,"minecraft:damage_absorbed":32,"minecraft:damage_blocked_by_shield":370,"minecraft:drop":7,"minecraft:damage_dealt":2695,"minecraft:fly_one_cm":54706,"minecraft:crouch_one_cm":676,"minecraft:play_time":42153,"minecraft:sneak_time":599,"minecraft:jump":399,"minecraft:walk_on_water_one_cm":653,"minecraft:total_world_time":42153,"minecraft:fall_one_cm":5734},"minecraft:dropped":{"minecraft:wheat_seeds":6,"minecraft:clay_ball":9,"minecraft:golden_apple":64,"minecraft:oak_sapling":5,"croptopia:buttered_toast":64},"minecraft:picked_up":{"minecraft:crafting_table":1,"minecraft:leather_chestplate":1,"minecraft:clay_ball":9,"minecraft:water_bucket":1,"minecraft:leather_leggings":1,"minecraft:leather":2,"artifacts:onion_ring":1,"minecraft:oak_log":54,"minecraft:moss_carpet":6,"minecraft:raw_copper":6,"minecraft:leather_boots":1,"minecraft:bone":5,"minecraft:apple":1,"minecraft:bow":1,"minecraft:wheat_seeds":6,"artifacts:aqua_dashers":1,"minecraft:beef":3,"minecraft:stone_pickaxe":1,"minecraft:oak_boat":2,"minecraft:moss_block":6,"minecraft:furnace":1,"minecraft:stick":9,"minecraft:raw_iron":2,"minecraft:torch":8,"sophisticatedbackpacks:backpack":2,"minecraft:porkchop":11,"minecraft:leather_helmet":1,"minecraft:stone_sword":1,"minecraft:arrow":36,"minecraft:rotten_flesh":4,"minecraft:stone_axe":1,"croptopia:buttered_toast":96,"minecraft:golden_apple":69,"minecraft:oak_sapling":5,"minecraft:coal":168,"minecraft:cobblestone":48,"minecraft:ender_pearl":1},"minecraft:used":{"minecraft:moss_block":6,"minecraft:moss_carpet":5,"minecraft:stone_sword":52,"minecraft:stone_pickaxe":168,"croptopia:buttered_toast":3,"minecraft:shield":3,"minecraft:rotten_flesh":4,"minecraft:torch":29,"minecraft:golden_apple":1,"minecraft:crafting_table":1,"minecraft:apple":1,"minecraft:stone_axe":65,"minecraft:cobblestone":13,"minecraft:bow":3,"minecraft:beef":1,"minecraft:furnace":1,"minecraft:oak_boat":1,"minecraft:cooked_beef":1},"minecraft:mined":{"minecraft:crafting_table":1,"minecraft:tall_grass":2,"minecraft:copper_ore":2,"minecraft:furnace":1,"minecraft:iron_ore":2,"minecraft:grass":7,"minecraft:oak_log":54,"minecraft:coal_ore":130,"minecraft:stone":32},"minecraft:broken":{"minecraft:stone_pickaxe":1},"minecraft:crafted":{"minecraft:cooked_beef":2,"minecraft:oak_planks":40,"minecraft:cooked_porkchop":11,"minecraft:crafting_table":1,"minecraft:furnace":1,"minecraft:air":0,"minecraft:shield":1,"minecraft:stick":20,"minecraft:iron_ingot":2,"minecraft:stone_pickaxe":1,"minecraft:torch":28}},"DataVersion":3465}