{"stats":{"minecraft:used":{"minecraft:wooden_axe":64,"minecraft:stone_pickaxe":10,"minecraft:baked_potato":5,"minecraft:map":1,"minecraft:wooden_pickaxe":8,"minecraft:stone_axe":7,"croptopia:kiwi":1,"minecraft:sweet_berries":2,"minecraft:crafting_table":1,"minecraft:painting":4},"minecraft:killed":{"friendsandfoes:crab":1},"minecraft:custom":{"minecraft:time_since_rest":10610,"lootr:looted_stat":14,"minecraft:sprint_one_cm":61611,"minecraft:damage_taken":360,"minecraft:walk_one_cm":52321,"minecraft:mob_kills":1,"minecraft:drop":4,"minecraft:damage_dealt":160,"minecraft:swim_one_cm":5850,"minecraft:talked_to_villager":2,"minecraft:interact_with_crafting_table":5,"minecraft:fly_one_cm":86470,"minecraft:play_time":48432,"minecraft:walk_under_water_one_cm":589,"minecraft:jump":337,"minecraft:eat_cake_slice":2,"minecraft:walk_on_water_one_cm":381,"minecraft:leave_game":2,"minecraft:time_since_death":48432,"minecraft:sleep_in_bed":1,"minecraft:total_world_time":48432,"minecraft:climb_one_cm":793,"minecraft:fall_one_cm":13011},"minecraft:dropped":{"croptopia:kiwi_seed":2,"immersive_melodies:trumpet":1,"minecraft:acacia_sapling":12},"minecraft:mined":{"minecraft:large_fern":3,"minecraft:sweet_berry_bush":1,"minecraft:crafting_table":1,"minecraft:grass":4,"minecraft:acacia_log":62,"croptopia:kiwi_crop":1,"minecraft:tall_grass":4,"minecraft:stone":17,"minecraft:sandstone":1,"minecraft:oak_leaves":1},"minecraft:crafted":{"minecraft:crafting_table":1,"minecraft:stick":4,"minecraft:wooden_pickaxe":1,"minecraft:stone_pickaxe":1,"minecraft:wooden_axe":1,"minecraft:acacia_planks":64,"minecraft:stone_axe":1},"minecraft:picked_up":{"minecraft:stick":7,"minecraft:crafting_table":1,"minecraft:sweet_berries":14,"minecraft:acacia_log":59,"sophisticatedbackpacks:backpack":1,"croptopia:kiwi_seed":2,"friendsandfoes:crab_claw":1,"minecraft:wheat_seeds":2,"immersive_melodies:trumpet":1,"croptopia:kiwi":1,"minecraft:acacia_sapling":12,"minecraft:cobblestone":17},"minecraft:broken":{"minecraft:wooden_axe":1}},"DataVersion":3465}