{"stats":{"minecraft:custom":{"minecraft:time_since_rest":11250,"minecraft:play_time":11250,"minecraft:sprint_one_cm":1310,"minecraft:walk_one_cm":4305,"minecraft:drop":4,"minecraft:jump":13,"minecraft:damage_dealt":40,"minecraft:leave_game":1,"minecraft:time_since_death":11250,"minecraft:total_world_time":11250,"minecraft:fly_one_cm":1284},"minecraft:dropped":{"croptopia:buttered_toast":64,"minecraft:golden_apple":64},"minecraft:picked_up":{"minecraft:stone_sword":1,"minecraft:arrow":32,"minecraft:water_bucket":1,"minecraft:stone_axe":1,"minecraft:torch":8,"croptopia:buttered_toast":96,"sophisticatedbackpacks:backpack":2,"artifacts:aqua_dashers":1,"artifacts:onion_ring":1,"minecraft:stone_pickaxe":1,"minecraft:oak_boat":1,"minecraft:golden_apple":69,"minecraft:coal":10}},"DataVersion":3465}