{"stats":{"minecraft:killed":{"naturalist:boar":4,"minecraft:skeleton":5,"friendsandfoes:glare":1,"minecraft:zombie":3,"minecraft:cow":2,"minecraft:enderman":2},"minecraft:dropped":{"minecraft:wheat_seeds":6,"minecraft:clay_ball":9,"minecraft:golden_apple":64,"minecraft:oak_sapling":5,"croptopia:buttered_toast":64},"minecraft:custom":{"minecraft:interact_with_furnace":6,"lootr:looted_stat":1,"minecraft:mob_kills":17,"minecraft:interact_with_crafting_table":4,"minecraft:leave_game":6,"minecraft:time_since_death":60721,"minecraft:climb_one_cm":367,"minecraft:time_since_rest":60721,"minecraft:sprint_one_cm":81637,"minecraft:damage_taken":655,"minecraft:walk_one_cm":99926,"minecraft:damage_absorbed":32,"minecraft:damage_blocked_by_shield":370,"minecraft:drop":7,"minecraft:damage_dealt":3095,"minecraft:fly_one_cm":64089,"minecraft:crouch_one_cm":1654,"minecraft:play_time":60721,"minecraft:sneak_time":1204,"minecraft:walk_under_water_one_cm":364,"minecraft:jump":564,"minecraft:walk_on_water_one_cm":1045,"minecraft:total_world_time":60721,"minecraft:fall_one_cm":8734},"minecraft:crafted":{"minecraft:cooked_beef":2,"minecraft:oak_planks":40,"minecraft:cooked_porkchop":11,"minecraft:crafting_table":1,"minecraft:furnace":1,"minecraft:air":0,"minecraft:shield":1,"minecraft:stick":20,"minecraft:iron_ingot":2,"minecraft:stone_pickaxe":2,"minecraft:torch":68},"minecraft:picked_up":{"minecraft:leather_chestplate":1,"minecraft:crafting_table":1,"minecraft:clay_ball":13,"minecraft:water_bucket":1,"minecraft:leather_leggings":1,"minecraft:leather":2,"artifacts:onion_ring":1,"minecraft:oak_log":54,"minecraft:moss_carpet":6,"minecraft:raw_copper":6,"minecraft:leather_boots":1,"minecraft:bone":5,"minecraft:apple":1,"minecraft:bow":1,"minecraft:wheat_seeds":6,"minecraft:beef":3,"artifacts:aqua_dashers":1,"minecraft:stone_pickaxe":1,"minecraft:oak_boat":3,"minecraft:moss_block":6,"minecraft:furnace":1,"minecraft:stick":9,"minecraft:raw_iron":9,"minecraft:big_dripleaf":1,"minecraft:torch":8,"sophisticatedbackpacks:backpack":2,"minecraft:porkchop":11,"minecraft:leather_helmet":1,"minecraft:stone_sword":1,"minecraft:arrow":36,"minecraft:rotten_flesh":4,"minecraft:clay":1,"minecraft:stone_axe":1,"croptopia:buttered_toast":96,"minecraft:golden_apple":69,"supplementaries:ash":10,"minecraft:oak_sapling":5,"minecraft:coal":236,"minecraft:cobblestone":65,"minecraft:ender_pearl":2},"minecraft:used":{"minecraft:moss_block":6,"minecraft:moss_carpet":5,"minecraft:stone_sword":52,"minecraft:stone_pickaxe":263,"croptopia:buttered_toast":3,"minecraft:shield":3,"minecraft:rotten_flesh":4,"minecraft:torch":47,"minecraft:golden_apple":1,"minecraft:crafting_table":2,"minecraft:apple":1,"minecraft:stone_axe":68,"minecraft:cobblestone":34,"minecraft:bow":3,"minecraft:beef":1,"minecraft:furnace":1,"minecraft:oak_boat":2,"minecraft:cooked_beef":2},"minecraft:mined":{"minecraft:clay":1,"minecraft:crafting_table":1,"minecraft:cobblestone":4,"minecraft:tall_grass":2,"minecraft:copper_ore":2,"supplementaries:urn":2,"minecraft:furnace":1,"minecraft:iron_ore":12,"minecraft:grass":7,"minecraft:oak_log":54,"minecraft:coal_ore":198,"minecraft:stone":45},"minecraft:broken":{"minecraft:stone_pickaxe":2}},"DataVersion":3465}