{"stats":{"minecraft:custom":{"minecraft:time_since_rest":34416,"minecraft:play_time":34416,"lootr:looted_stat":11,"minecraft:sprint_one_cm":24184,"minecraft:damage_taken":70,"minecraft:walk_one_cm":33826,"minecraft:drop":1,"minecraft:jump":102,"minecraft:eat_cake_slice":2,"minecraft:leave_game":1,"minecraft:time_since_death":34416,"minecraft:total_world_time":34416,"minecraft:climb_one_cm":793,"minecraft:talked_to_villager":1,"minecraft:fall_one_cm":4586,"minecraft:fly_one_cm":17714},"minecraft:used":{"minecraft:sweet_berries":2,"minecraft:baked_potato":1,"minecraft:map":1,"minecraft:painting":4},"minecraft:mined":{"minecraft:sweet_berry_bush":1,"minecraft:tall_grass":3},"minecraft:dropped":{"immersive_melodies:trumpet":1},"minecraft:picked_up":{"minecraft:sweet_berries":14,"sophisticatedbackpacks:backpack":1,"immersive_melodies:trumpet":1}},"DataVersion":3465}