{"stats":{"minecraft:broken":{"minecraft:stone_pickaxe":3,"minecraft:golden_axe":1,"minecraft:stone_axe":1,"minecraft:wooden_sword":1,"minecraft:iron_sword":1,"minecraft:iron_pickaxe":2},"minecraft:mined":{"minecraft:tuff":8,"croptopia:orange_crop":5,"minecraft:deepslate_diamond_ore":22,"minecraft:cobbled_deepslate_stairs":3,"minecraft:andesite_stairs":1,"minecraft:glow_lichen":2,"croptopia:persimmon_crop":4,"minecraft:granite":49,"minecraft:stone_button":1,"minecraft:grass_block":3,"minecraft:deepslate_bricks":4,"ecologics:coconut_log":38,"minecraft:spawner":5,"minecraft:hay_block":4,"minecraft:deepslate_brick_slab":1,"minecraft:furnace":1,"minecraft:iron_ore":121,"minecraft:fire":1,"minecraft:andesite":92,"minecraft:deepslate_lapis_ore":6,"croptopia:apple_crop":18,"minecraft:deepslate_iron_ore":37,"minecraft:rail":2,"minecraft:deepslate_brick_stairs":1,"croptopia:elderberry_crop":2,"minecraft:stone":103,"minecraft:deepslate_redstone_ore":13,"minecraft:blackstone":214,"minecraft:amethyst_cluster":41,"minecraft:clay":1,"minecraft:crafting_table":10,"minecraft:blast_furnace":4,"minecraft:calcite":5,"minecraft:dead_bush":1,"minecraft:campfire":8,"minecraft:tall_grass":1,"minecraft:copper_ore":25,"minecraft:lapis_ore":8,"minecraft:deepslate_gold_ore":44,"minecraft:sugar_cane":3,"minecraft:wall_torch":2,"minecraft:amethyst_block":36,"supplementaries:urn":15,"ecologics:seashell":1,"minecraft:magenta_bed":1,"croptopia:tomato_crop":1,"minecraft:grass":6,"minecraft:oak_log":19,"minecraft:coal_ore":192,"minecraft:dirt":9,"minecraft:cobweb":120,"minecraft:smooth_basalt":15,"minecraft:stone_bricks":3,"minecraft:oak_leaves":1,"minecraft:deepslate":13},"minecraft:killed_by":{"minecraft:creeper":1},"minecraft:crafted":{"minecraft:wooden_sword":2,"minecraft:oak_planks":76,"naturalist:cooked_venison":4,"ecologics:coconut_planks":16,"minecraft:furnace":1,"croptopia:toast":35,"minecraft:cooked_mutton":4,"minecraft:iron_boots":1,"sophisticatedbackpacks:copper_backpack":1,"minecraft:stone_pickaxe":4,"minecraft:chest":1,"sophisticatedbackpacks:iron_backpack":1,"ecologics:crab_meat":1,"minecraft:wheat":36,"minecraft:cooked_beef":1,"sophisticatedbackpacks:backpack":1,"minecraft:cooked_porkchop":7,"minecraft:crafting_table":3,"minecraft:wooden_pickaxe":1,"minecraft:iron_helmet":1,"minecraft:iron_sword":1,"minecraft:copper_ingot":16,"minecraft:cooked_salmon":3,"minecraft:bucket":1,"minecraft:stone_axe":2,"minecraft:bread":15,"minecraft:air":0,"minecraft:iron_chestplate":1,"minecraft:stick":80,"minecraft:iron_ingot":69,"minecraft:iron_pickaxe":2,"minecraft:iron_leggings":1,"minecraft:torch":220},"minecraft:killed":{"naturalist:zebra":1,"minecraft:cave_spider":4,"minecraft:spider":7,"naturalist:robin":1,"naturalist:boar":5,"minecraft:skeleton":15,"naturalist:deer":2,"ecologics:coconut_crab":3,"artifacts:mimic":1,"naturalist:bear":1,"minecraft:salmon":3,"minecraft:creeper":2,"minecraft:sheep":3,"minecraft:zombie":29,"minecraft:cow":1},"minecraft:picked_up":{"minecraft:charcoal":16,"minecraft:crafting_table":11,"minecraft:clay_ball":12,"naturalist:venison":4,"ecologics:seashell":1,"minecraft:amethyst_block":35,"minecraft:string":132,"minecraft:raw_copper":92,"minecraft:blackstone":237,"minecraft:cobbled_deepslate":11,"croptopia:tomato_seed":2,"minecraft:beef":1,"minecraft:andesite_stairs":1,"minecraft:calcite":5,"minecraft:iron_nugget":43,"minecraft:sugar_cane":6,"minecraft:furnace":1,"ecologics:crab_claw":1,"minecraft:stick":7,"minecraft:raw_iron":158,"ecologics:coconut_slice":12,"minecraft:oak_fence":3,"minecraft:torch":19,"minecraft:acacia_log":1,"ecologics:coconut_seedling":10,"minecraft:porkchop":9,"minecraft:redstone":59,"minecraft:arrow":23,"minecraft:rotten_flesh":26,"croptopia:persimmon":3,"minecraft:hay_block":4,"minecraft:deepslate_bricks":3,"ecologics:coconut_log":38,"supplementaries:ash":14,"croptopia:elderberry":2,"minecraft:mutton":6,"minecraft:cobblestone":111,"minecraft:rail":3,"minecraft:white_wool":3,"minecraft:andesite":92,"minecraft:salmon":3,"minecraft:leather":3,"paraglider:spirit_orb":12,"minecraft:tuff":8,"minecraft:oak_log":19,"minecraft:gunpowder":1,"minecraft:magenta_bed":1,"minecraft:cobbled_deepslate_stairs":3,"minecraft:lapis_lazuli":99,"minecraft:dirt":28,"minecraft:cooked_mutton":2,"minecraft:bone":32,"minecraft:apple":18,"minecraft:stone_bricks":3,"minecraft:wheat_seeds":3,"minecraft:raw_gold":44,"croptopia:tomato":1,"croptopia:elderberry_seed":4,"croptopia:roe":3,"minecraft:oak_planks":44,"artifacts:obsidian_skull":1,"minecraft:smooth_basalt":38,"minecraft:cooked_porkchop":2,"minecraft:amethyst_shard":164,"ecologics:coconut_husk":5,"minecraft:blast_furnace":4,"minecraft:trapped_chest":1,"minecraft:barrel":1,"minecraft:spider_eye":3,"minecraft:bundle":2,"naturalist:antler":1,"minecraft:diamond":21,"croptopia:orange":5,"minecraft:granite":49,"minecraft:emerald":6,"minecraft:oak_sapling":1,"minecraft:coal":196},"minecraft:dropped":{"naturalist:antler":1,"minecraft:wheat_seeds":1,"croptopia:elderberry_seed":4,"ecologics:coconut_seedling":7,"minecraft:acacia_log":1,"paraglider:spirit_orb":4,"minecraft:stick":1,"croptopia:tomato_seed":2,"minecraft:wooden_sword":2,"minecraft:clay_ball":8,"ecologics:coconut_husk":17,"minecraft:oak_sapling":1,"minecraft:wooden_pickaxe":1},"minecraft:used":{"minecraft:oak_fence":3,"minecraft:shield":21,"minecraft:iron_sword":143,"minecraft:cooked_salmon":3,"minecraft:rotten_flesh":12,"minecraft:iron_chestplate":1,"minecraft:torch":223,"naturalist:cooked_venison":3,"minecraft:dirt":16,"croptopia:elderberry":2,"ecologics:crab_meat":1,"ecologics:seashell":1,"minecraft:tuff":1,"minecraft:granite":40,"minecraft:iron_axe":2,"minecraft:iron_helmet":1,"minecraft:iron_boots":1,"minecraft:barrel":1,"croptopia:persimmon":3,"minecraft:furnace":1,"croptopia:roe":3,"ecologics:coconut_seedling":3,"minecraft:cooked_beef":1,"minecraft:cobbled_deepslate":5,"minecraft:golden_axe":16,"minecraft:iron_leggings":1,"minecraft:cooked_mutton":2,"minecraft:water_bucket":3,"minecraft:amethyst_block":2,"croptopia:tomato":1,"minecraft:stone_pickaxe":448,"minecraft:baked_potato":2,"minecraft:wooden_pickaxe":26,"minecraft:sugar_cane":6,"minecraft:crafting_table":13,"croptopia:orange":5,"minecraft:apple":5,"minecraft:bread":18,"minecraft:iron_pickaxe":617,"ecologics:coconut_slice":12,"minecraft:stone_axe":158,"croptopia:toast":15,"minecraft:wooden_sword":81,"basicweapons:iron_club":65,"minecraft:cobblestone":10,"minecraft:andesite":15,"minecraft:cooked_porkchop":2,"minecraft:andesite_stairs":1,"minecraft:bucket":4},"minecraft:custom":{"lootr:looted_stat":30,"minecraft:mob_kills":80,"minecraft:interact_with_crafting_table":33,"minecraft:open_barrel":4,"minecraft:interact_with_campfire":4,"minecraft:leave_game":6,"minecraft:time_since_death":188569,"minecraft:sprint_one_cm":669030,"minecraft:walk_one_cm":466676,"minecraft:damage_blocked_by_shield":1340,"minecraft:drop":30,"minecraft:talked_to_villager":1,"minecraft:play_time":229879,"minecraft:sneak_time":2396,"minecraft:deaths":2,"minecraft:walk_under_water_one_cm":14433,"minecraft:jump":2254,"minecraft:interact_with_blast_furnace":18,"minecraft:walk_on_water_one_cm":13617,"minecraft:total_world_time":229879,"minecraft:interact_with_furnace":11,"minecraft:interact_with_cartography_table":2,"minecraft:sleep_in_bed":1,"minecraft:time_since_rest":132853,"minecraft:damage_taken":3826,"minecraft:damage_dealt":14556,"minecraft:swim_one_cm":37672,"minecraft:fly_one_cm":385589,"minecraft:open_chest":4,"minecraft:crouch_one_cm":3010,"minecraft:interact_with_smoker":11,"minecraft:fall_one_cm":43563,"minecraft:horse_one_cm":1267}},"DataVersion":3465}