{"stats":{"minecraft:killed":{"minecraft:cow":1},"minecraft:custom":{"minecraft:time_since_rest":16742,"minecraft:play_time":16742,"minecraft:sprint_one_cm":13757,"minecraft:walk_one_cm":11445,"minecraft:mob_kills":1,"minecraft:drop":4,"minecraft:jump":54,"minecraft:damage_dealt":140,"minecraft:leave_game":2,"minecraft:time_since_death":16742,"minecraft:total_world_time":16742,"minecraft:fall_one_cm":418,"minecraft:fly_one_cm":10206},"minecraft:dropped":{"croptopia:buttered_toast":64,"minecraft:golden_apple":64},"minecraft:used":{"minecraft:stone_axe":61,"minecraft:stone_sword":2},"minecraft:picked_up":{"minecraft:stick":9,"minecraft:leather_boots":1,"minecraft:leather_chestplate":1,"minecraft:stone_sword":1,"minecraft:arrow":32,"minecraft:water_bucket":1,"minecraft:apple":1,"minecraft:leather_leggings":1,"minecraft:bow":1,"minecraft:stone_axe":1,"minecraft:torch":8,"croptopia:buttered_toast":96,"sophisticatedbackpacks:backpack":2,"minecraft:beef":1,"artifacts:aqua_dashers":1,"artifacts:onion_ring":1,"minecraft:stone_pickaxe":1,"minecraft:oak_boat":1,"minecraft:golden_apple":69,"minecraft:oak_log":54,"minecraft:oak_sapling":5,"minecraft:coal":10,"minecraft:leather_helmet":1},"minecraft:mined":{"minecraft:grass":1,"minecraft:oak_log":54}},"DataVersion":3465}