{"stats":{"minecraft:used":{"minecraft:wooden_axe":64,"minecraft:stone_pickaxe":12,"minecraft:baked_potato":7,"minecraft:map":1,"minecraft:wooden_pickaxe":8,"minecraft:sandstone":2,"minecraft:rotten_flesh":1,"minecraft:stone_axe":7,"basicweapons:iron_club":8,"croptopia:kiwi":1,"minecraft:sweet_berries":2,"minecraft:crafting_table":1,"minecraft:painting":4,"minecraft:acacia_planks":9},"minecraft:killed":{"minecraft:skeleton":1,"friendsandfoes:crab":1,"minecraft:zombie":1,"minecraft:creeper":2},"minecraft:custom":{"minecraft:time_since_rest":3906,"lootr:looted_stat":17,"minecraft:sprint_one_cm":85366,"minecraft:damage_taken":607,"minecraft:walk_one_cm":62101,"minecraft:mob_kills":5,"minecraft:drop":4,"minecraft:damage_dealt":880,"minecraft:swim_one_cm":5850,"minecraft:talked_to_villager":2,"minecraft:interact_with_crafting_table":5,"minecraft:fly_one_cm":119453,"minecraft:play_time":60337,"minecraft:deaths":1,"minecraft:walk_under_water_one_cm":698,"minecraft:jump":506,"minecraft:eat_cake_slice":2,"minecraft:walk_on_water_one_cm":982,"minecraft:leave_game":3,"minecraft:time_since_death":6315,"minecraft:sleep_in_bed":2,"minecraft:total_world_time":60337,"minecraft:climb_one_cm":793,"minecraft:fall_one_cm":18017},"minecraft:dropped":{"croptopia:kiwi_seed":2,"immersive_melodies:trumpet":1,"minecraft:acacia_sapling":12},"minecraft:mined":{"minecraft:large_fern":3,"minecraft:sweet_berry_bush":1,"minecraft:crafting_table":1,"minecraft:grass":5,"minecraft:acacia_log":62,"croptopia:kiwi_crop":1,"minecraft:tall_grass":6,"minecraft:stone":17,"minecraft:sandstone":3,"minecraft:oak_leaves":1},"minecraft:killed_by":{"endermanoverhaul:savanna_enderman":1},"minecraft:crafted":{"minecraft:crafting_table":1,"minecraft:stick":4,"minecraft:wooden_pickaxe":1,"minecraft:stone_pickaxe":1,"minecraft:wooden_axe":1,"minecraft:acacia_planks":64,"minecraft:stone_axe":1},"minecraft:picked_up":{"minecraft:sandstone":2,"minecraft:stick":7,"minecraft:crafting_table":1,"minecraft:sweet_berries":14,"minecraft:acacia_log":59,"sophisticatedbackpacks:backpack":1,"croptopia:kiwi_seed":2,"friendsandfoes:crab_claw":1,"minecraft:rotten_flesh":1,"minecraft:wheat_seeds":2,"immersive_melodies:trumpet":1,"croptopia:kiwi":1,"minecraft:acacia_sapling":12,"minecraft:cobblestone":17},"minecraft:broken":{"minecraft:wooden_axe":1}},"DataVersion":3465}