{"stats":{"minecraft:custom":{"minecraft:jump":96,"minecraft:eat_cake_slice":2,"minecraft:time_since_rest":22416,"lootr:looted_stat":11,"minecraft:sprint_one_cm":23988,"minecraft:leave_game":1,"minecraft:play_time":22416,"minecraft:damage_taken":50,"minecraft:time_since_death":22416,"minecraft:walk_one_cm":32365,"minecraft:climb_one_cm":793,"minecraft:total_world_time":22416,"minecraft:talked_to_villager":1,"minecraft:drop":1,"minecraft:fall_one_cm":4586,"minecraft:fly_one_cm":16882},"minecraft:used":{"minecraft:map":1,"minecraft:painting":4,"minecraft:sweet_berries":2},"minecraft:mined":{"minecraft:tall_grass":3},"minecraft:dropped":{"immersive_melodies:trumpet":1},"minecraft:picked_up":{"immersive_melodies:trumpet":1,"minecraft:sweet_berries":11,"sophisticatedbackpacks:backpack":1}},"DataVersion":3465}