{"stats":{"minecraft:killed":{"minecraft:skeleton":3},"minecraft:picked_up":{"minecraft:crafting_table":1,"minecraft:lead":4,"paraglider:spirit_orb":4,"minecraft:flint":5,"minecraft:oak_log":8,"minecraft:cobbled_deepslate_stairs":1,"minecraft:dirt":6,"minecraft:soul_soil":1,"minecraft:bone":2,"minecraft:apple":2,"minecraft:bow":1,"minecraft:cobbled_deepslate":1,"minecraft:gray_bed":1,"minecraft:birch_sapling":1,"minecraft:egg":3,"minecraft:stick":1,"ecologics:coconut_slice":2,"minecraft:oak_fence":1,"naturalist:duck_egg":1,"minecraft:mossy_cobblestone":1,"minecraft:arrow":2,"croptopia:orange":11,"minecraft:hay_block":22,"minecraft:oak_sapling":4,"minecraft:iron_bars":2},"minecraft:crafted":{"minecraft:oak_planks":8,"minecraft:oak_fence":3},"minecraft:used":{"minecraft:oak_fence":1,"minecraft:shield":2,"minecraft:diamond_axe":11,"naturalist:duck_egg":1,"minecraft:dirt":6,"immersive_armors:warrior_helmet":1,"minecraft:diamond_pickaxe":8,"minecraft:apple":1,"ecologics:coconut_slice":2,"croptopia:toast":4,"minecraft:diamond_sword":12,"minecraft:hay_block":11,"minecraft:goat_horn":2,"minecraft:gray_bed":1},"minecraft:dropped":{"minecraft:bread":50,"minecraft:soul_soil":1,"minecraft:cobbled_deepslate_stairs":1,"minecraft:cobbled_deepslate":1,"minecraft:mossy_cobblestone":1,"minecraft:birch_sapling":1,"minecraft:oak_fence":2,"croptopia:orange":11,"minecraft:apple":1,"sophisticatedbackpacks:backpack":1,"minecraft:saddle":1,"minecraft:flint":5,"minecraft:gray_bed":1,"ecologics:coconut_husk":2,"minecraft:oak_sapling":4,"artifacts:digging_claws":1,"minecraft:egg":3},"minecraft:mined":{"minecraft:mossy_cobblestone":1,"minecraft:cobbled_deepslate_stairs":1,"minecraft:oak_fence":1,"minecraft:crafting_table":1,"minecraft:grass_block":5,"minecraft:soul_soil":1,"minecraft:spruce_leaves":6,"minecraft:spawner":2,"minecraft:hay_block":22,"minecraft:gray_bed":1,"minecraft:birch_leaves":10,"minecraft:oak_log":8,"minecraft:iron_bars":2,"minecraft:dirt":1,"minecraft:oak_leaves":3,"minecraft:deepslate":1},"minecraft:custom":{"lootr:looted_stat":11,"minecraft:mob_kills":4,"minecraft:interact_with_crafting_table":3,"minecraft:leave_game":3,"minecraft:time_since_death":67654,"minecraft:sleep_in_bed":1,"minecraft:time_since_rest":8389,"minecraft:sprint_one_cm":77918,"minecraft:damage_taken":354,"minecraft:walk_one_cm":44467,"minecraft:damage_blocked_by_shield":80,"minecraft:drop":20,"minecraft:damage_dealt":624,"minecraft:fly_one_cm":119414,"minecraft:open_chest":3,"minecraft:crouch_one_cm":933,"minecraft:play_time":67654,"minecraft:sneak_time":352,"minecraft:walk_under_water_one_cm":237,"minecraft:jump":333,"minecraft:walk_on_water_one_cm":11616,"minecraft:total_world_time":67654,"minecraft:fall_one_cm":7251,"minecraft:horse_one_cm":267285}},"DataVersion":3465}