{"stats":{"minecraft:custom":{"minecraft:time_since_rest":9314,"lootr:looted_stat":5,"minecraft:sprint_one_cm":53258,"minecraft:damage_taken":116,"minecraft:walk_one_cm":21589,"minecraft:drop":33,"minecraft:fly_one_cm":52878,"minecraft:crouch_one_cm":826,"minecraft:play_time":26271,"minecraft:sneak_time":77,"minecraft:jump":166,"minecraft:interact_with_brewingstand":1,"minecraft:leave_game":1,"minecraft:time_since_death":26271,"minecraft:sleep_in_bed":1,"minecraft:total_world_time":26271,"minecraft:fall_one_cm":4912},"minecraft:dropped":{"minecraft:water_bucket":2,"minecraft:stone_axe":2,"minecraft:stone_sword":2,"minecraft:torch":16,"artifacts:aqua_dashers":2,"minecraft:oak_boat":1,"artifacts:onion_ring":1,"sophisticatedbackpacks:backpack":3,"minecraft:arrow":32,"minecraft:stone_pickaxe":2,"croptopia:buttered_toast":160,"minecraft:coal":10,"minecraft:golden_apple":74},"minecraft:used":{"minecraft:leather_leggings":1,"minecraft:stone_sword":9,"minecraft:spruce_slab":2,"croptopia:buttered_toast":1,"minecraft:leather_helmet":1,"minecraft:leather_chestplate":1,"minecraft:leather_boots":1,"minecraft:stone_axe":79,"minecraft:purple_bed":1},"minecraft:picked_up":{"minecraft:stick":8,"minecraft:crafting_table":1,"sophisticatedbackpacks:backpack":1,"minecraft:potion":2,"minecraft:oak_log":58,"minecraft:brewing_stand":1,"minecraft:spruce_log":8,"minecraft:string":9,"minecraft:purple_bed":2,"minecraft:apple":1,"croptopia:buttered_toast":96,"artifacts:aqua_dashers":1,"minecraft:painting":2,"minecraft:golden_apple":69,"minecraft:spruce_slab":2,"minecraft:oak_sapling":12,"minecraft:furnace":1},"minecraft:mined":{"minecraft:purple_bed":2,"minecraft:furnace":1,"minecraft:spruce_log":8,"minecraft:brewing_stand":1,"minecraft:crafting_table":1,"minecraft:grass":2,"minecraft:oak_log":58,"minecraft:cobweb":9,"minecraft:spruce_slab":1}},"DataVersion":3465}