{"stats":{"minecraft:used":{"minecraft:quartz_bricks":2,"minecraft:gray_bed":1,"minecraft:iron_helmet":1,"minecraft:andesite_slab":3,"minecraft:leather_helmet":1,"minecraft:cake":1},"minecraft:custom":{"minecraft:time_since_rest":79054,"minecraft:crouch_one_cm":485,"minecraft:sprint_one_cm":85117,"lootr:looted_stat":28,"minecraft:play_time":79054,"minecraft:damage_taken":20,"minecraft:walk_one_cm":82349,"minecraft:sneak_time":635,"minecraft:walk_under_water_one_cm":1810,"minecraft:drop":8,"minecraft:jump":355,"minecraft:eat_cake_slice":1,"minecraft:leave_game":2,"minecraft:time_since_death":79054,"minecraft:walk_on_water_one_cm":88,"minecraft:climb_one_cm":659,"minecraft:total_world_time":79054,"minecraft:fall_one_cm":2935,"minecraft:fly_one_cm":435621},"minecraft:mined":{"minecraft:gray_bed":2,"minecraft:fern":1},"minecraft:dropped":{"sophisticatedbackpacks:backpack":3,"immersive_melodies:trumpet":1,"minecraft:andesite_slab":1,"naturalist:teddy_bear":2,"minecraft:acacia_sapling":1},"minecraft:picked_up":{"naturalist:teddy_bear":1,"immersive_melodies:trumpet":1,"minecraft:gray_bed":2,"minecraft:acacia_sapling":1}},"DataVersion":3465}