{"stats":{"minecraft:custom":{"minecraft:time_since_rest":59939,"minecraft:crouch_one_cm":417,"minecraft:play_time":59939,"lootr:looted_stat":6,"minecraft:sprint_one_cm":49620,"minecraft:damage_taken":20,"minecraft:walk_one_cm":46972,"minecraft:sneak_time":508,"minecraft:walk_under_water_one_cm":1810,"minecraft:drop":8,"minecraft:jump":314,"minecraft:leave_game":1,"minecraft:time_since_death":59939,"minecraft:walk_on_water_one_cm":88,"minecraft:total_world_time":59939,"minecraft:fall_one_cm":2935,"minecraft:fly_one_cm":322564},"minecraft:used":{"minecraft:quartz_bricks":2,"minecraft:gray_bed":1,"minecraft:andesite_slab":3},"minecraft:mined":{"minecraft:gray_bed":2},"minecraft:dropped":{"sophisticatedbackpacks:backpack":3,"immersive_melodies:trumpet":1,"minecraft:andesite_slab":1,"naturalist:teddy_bear":2,"minecraft:acacia_sapling":1},"minecraft:picked_up":{"naturalist:teddy_bear":1,"immersive_melodies:trumpet":1,"minecraft:gray_bed":2,"minecraft:acacia_sapling":1}},"DataVersion":3465}