{"stats":{"minecraft:mined":{"minecraft:hay_block":22,"minecraft:grass_block":5,"minecraft:oak_log":8,"minecraft:dirt":1},"minecraft:dropped":{"minecraft:bread":50,"ecologics:coconut_husk":2,"minecraft:oak_fence":2,"croptopia:orange":11,"minecraft:apple":1,"sophisticatedbackpacks:backpack":1,"minecraft:saddle":1,"artifacts:digging_claws":1,"minecraft:egg":1,"minecraft:flint":5},"minecraft:used":{"minecraft:oak_fence":1,"minecraft:apple":1,"minecraft:diamond_axe":9,"ecologics:coconut_slice":2,"croptopia:toast":2,"minecraft:dirt":6,"minecraft:hay_block":11,"minecraft:goat_horn":2,"immersive_armors:warrior_helmet":1},"minecraft:custom":{"minecraft:time_since_rest":49699,"minecraft:sprint_one_cm":55246,"minecraft:damage_taken":146,"minecraft:walk_one_cm":24338,"minecraft:drop":10,"minecraft:interact_with_crafting_table":3,"minecraft:fly_one_cm":113005,"minecraft:crouch_one_cm":718,"minecraft:play_time":49699,"minecraft:sneak_time":266,"minecraft:walk_under_water_one_cm":237,"minecraft:jump":313,"minecraft:leave_game":3,"minecraft:walk_on_water_one_cm":11346,"minecraft:time_since_death":49699,"minecraft:total_world_time":49699,"minecraft:fall_one_cm":7251,"minecraft:horse_one_cm":26138},"minecraft:crafted":{"minecraft:oak_planks":8,"minecraft:oak_fence":3},"minecraft:picked_up":{"minecraft:stick":1,"ecologics:coconut_slice":2,"minecraft:lead":3,"minecraft:flint":5,"minecraft:oak_log":8,"minecraft:dirt":6,"minecraft:apple":2,"croptopia:orange":11,"minecraft:hay_block":22,"minecraft:oak_sapling":3,"minecraft:egg":1}},"DataVersion":3465}