{"stats":{"minecraft:killed":{"minecraft:skeleton":1,"minecraft:zombie":5,"minecraft:spider":2},"minecraft:crafted":{"minecraft:crafting_table":1,"minecraft:spruce_planks":4,"minecraft:iron_helmet":1,"minecraft:iron_ingot":6,"minecraft:furnace":1,"minecraft:torch":4,"minecraft:air":0},"minecraft:custom":{"minecraft:time_since_rest":7678,"minecraft:interact_with_furnace":5,"lootr:looted_stat":2,"minecraft:sprint_one_cm":39269,"minecraft:walk_one_cm":27881,"minecraft:damage_taken":349,"minecraft:damage_blocked_by_shield":260,"minecraft:mob_kills":8,"minecraft:drop":1,"minecraft:damage_dealt":1152,"minecraft:interact_with_crafting_table":4,"minecraft:fly_one_cm":52010,"minecraft:crouch_one_cm":1728,"minecraft:play_time":27660,"minecraft:deaths":1,"minecraft:sneak_time":496,"minecraft:jump":218,"minecraft:leave_game":1,"minecraft:time_since_death":19788,"minecraft:sleep_in_bed":1,"minecraft:total_world_time":27660,"minecraft:fall_one_cm":5463},"minecraft:mined":{"minecraft:iron_ore":21,"minecraft:spruce_log":34,"minecraft:crafting_table":1,"minecraft:grass":3,"minecraft:oak_log":33,"minecraft:coal_ore":26,"minecraft:copper_ore":2,"minecraft:spruce_leaves":1,"minecraft:stone":14},"minecraft:picked_up":{"minecraft:raw_iron":21,"minecraft:stick":12,"minecraft:crafting_table":1,"croptopia:peach":9,"minecraft:oak_log":32,"minecraft:spruce_sapling":8,"minecraft:spruce_log":33,"minecraft:string":3,"minecraft:raw_copper":6,"minecraft:rotten_flesh":4,"minecraft:apple":1,"minecraft:stone_axe":1,"comforts:sleeping_bag_black":1,"croptopia:orange":14,"minecraft:oak_sapling":11,"minecraft:coal":26,"minecraft:cobblestone":16},"minecraft:used":{"minecraft:stone_sword":27,"minecraft:grass_block":1,"comforts:sleeping_bag_black":1,"minecraft:stone_pickaxe":65,"minecraft:iron_helmet":1,"minecraft:shield":6,"lootr:lootr_chest":2,"croptopia:toast":3,"minecraft:stone_axe":77,"minecraft:crafting_table":2,"minecraft:furnace":1},"minecraft:dropped":{"minecraft:stone_axe":1}},"DataVersion":3465}