{"stats":{"minecraft:picked_up":{"minecraft:stick":1,"minecraft:apple":2,"ecologics:coconut_slice":2,"minecraft:hay_block":22,"croptopia:orange":11,"minecraft:flint":5,"minecraft:oak_log":8,"minecraft:oak_sapling":3,"minecraft:dirt":6},"minecraft:used":{"ecologics:coconut_slice":2,"croptopia:toast":1,"minecraft:apple":1,"minecraft:hay_block":11,"minecraft:goat_horn":2,"immersive_armors:warrior_helmet":1,"minecraft:diamond_axe":9,"minecraft:dirt":6},"minecraft:custom":{"minecraft:time_since_rest":39785,"minecraft:crouch_one_cm":676,"minecraft:sprint_one_cm":31349,"minecraft:play_time":39785,"minecraft:damage_taken":140,"minecraft:walk_one_cm":11671,"minecraft:walk_under_water_one_cm":237,"minecraft:sneak_time":204,"minecraft:drop":6,"minecraft:jump":182,"minecraft:leave_game":2,"minecraft:walk_on_water_one_cm":11346,"minecraft:time_since_death":39785,"minecraft:total_world_time":39785,"minecraft:fall_one_cm":4772,"minecraft:fly_one_cm":89458},"minecraft:dropped":{"croptopia:orange":11,"minecraft:bread":50,"minecraft:apple":1,"sophisticatedbackpacks:backpack":1,"artifacts:digging_claws":1,"minecraft:flint":5},"minecraft:mined":{"minecraft:grass_block":5,"minecraft:hay_block":22,"minecraft:oak_log":8,"minecraft:dirt":1}},"DataVersion":3465}