{"stats":{"minecraft:killed_by":{"creeperoverhaul:ocean_creeper":2},"minecraft:crafted":{"minecraft:furnace":1,"croptopia:toast":72,"minecraft:iron_boots":1,"minecraft:crafting_table":1,"minecraft:air":0,"minecraft:iron_chestplate":1,"minecraft:iron_ingot":73,"minecraft:iron_pickaxe":1,"minecraft:acacia_planks":16,"minecraft:torch":4},"minecraft:killed":{"minecraft:spider":1,"minecraft:pufferfish":1,"minecraft:skeleton":2,"minecraft:drowned":2,"minecraft:squid":1,"minecraft:pillager":4,"minecraft:zombie":10,"creeperoverhaul:ocean_creeper":1},"minecraft:mined":{"minecraft:stone_pressure_plate":1,"minecraft:obsidian":7,"minecraft:acacia_log":4,"minecraft:decorated_pot":2,"minecraft:sandstone":9,"minecraft:hay_block":32,"minecraft:furnace":1,"minecraft:iron_ore":12,"minecraft:stone":9,"minecraft:cut_sandstone":1,"gravestones:gravestone":3,"minecraft:smoker":1,"minecraft:orange_terracotta":2,"minecraft:crafting_table":2,"minecraft:torch":5,"minecraft:blast_furnace":2,"minecraft:tall_grass":2,"minecraft:cobblestone":1,"minecraft:quartz_bricks":19,"minecraft:wall_torch":12,"supplementaries:urn":9,"minecraft:skeleton_skull":1,"minecraft:seagrass":1,"minecraft:gray_bed":10,"minecraft:white_wall_banner":1,"minecraft:grass":9,"minecraft:coal_ore":50,"minecraft:sand":172,"minecraft:netherrack":2,"minecraft:oak_leaves":4,"minecraft:fern":1},"minecraft:picked_up":{"minecraft:crafting_table":2,"croptopia:calamari":2,"minecraft:iron_shovel":1,"minecraft:pufferfish":1,"minecraft:bucket":2,"immersive_melodies:trumpet":1,"minecraft:iron_nugget":11,"minecraft:furnace":1,"minecraft:egg":1,"minecraft:raw_iron":12,"minecraft:stick":2,"minecraft:sandstone":9,"minecraft:acacia_log":4,"minecraft:torch":34,"minecraft:bowl":2,"sophisticatedbackpacks:backpack":1,"minecraft:skull_pottery_sherd":1,"minecraft:stone_pressure_plate":1,"minecraft:cactus":1,"minecraft:arrow":3,"minecraft:rotten_flesh":29,"minecraft:decorated_pot":1,"minecraft:hay_block":31,"supplementaries:ash":21,"gravestones:gravestone":5,"minecraft:obsidian":6,"minecraft:cod":1,"minecraft:skeleton_skull":1,"minecraft:cobblestone":9,"minecraft:burn_pottery_sherd":1,"artifacts:digging_claws":1,"naturalist:teddy_bear":1,"minecraft:salmon":3,"minecraft:cut_sandstone":1,"minecraft:smoker":1,"artifacts:superstitious_hat":1,"minecraft:danger_pottery_sherd":1,"artifacts:flippers":1,"minecraft:white_banner":1,"minecraft:orange_terracotta":2,"minecraft:bone":11,"minecraft:wheat_seeds":2,"minecraft:iron_ingot":1,"minecraft:gray_bed":10,"minecraft:acacia_sapling":2,"minecraft:sand":133,"minecraft:prize_pottery_sherd":1,"minecraft:blast_furnace":2,"minecraft:quartz_bricks":19,"minecraft:crossbow":1,"minecraft:painting":1,"minecraft:baked_potato":30,"minecraft:netherrack":1,"minecraft:coal":81,"minecraft:diamond_pickaxe":1},"minecraft:used":{"basicweapons:iron_dagger":34,"minecraft:decorated_pot":1,"minecraft:shield":30,"minecraft:netherrack":1,"minecraft:iron_chestplate":1,"minecraft:torch":17,"gravestones:gravestone":5,"minecraft:iron_helmet":1,"minecraft:iron_boots":1,"minecraft:furnace":1,"minecraft:goat_horn":1,"minecraft:gray_bed":9,"minecraft:orange_terracotta":1,"minecraft:quartz_bricks":21,"minecraft:water_bucket":2,"minecraft:baked_potato":38,"minecraft:andesite_slab":3,"minecraft:sandstone":9,"minecraft:crafting_table":2,"minecraft:mushroom_stew":3,"minecraft:blast_furnace":1,"minecraft:painting":1,"minecraft:cake":1,"minecraft:smoker":1,"sophisticatedbackpacks:backpack":1,"minecraft:diamond_pickaxe":12,"minecraft:diamond_shovel":77,"minecraft:iron_pickaxe":104,"minecraft:leather_helmet":1,"croptopia:toast":2,"minecraft:diamond_sword":36,"basicweapons:iron_club":50,"minecraft:bucket":2,"minecraft:experience_bottle":3},"minecraft:dropped":{"minecraft:iron_ingot":1,"minecraft:wheat_seeds":1,"minecraft:baked_potato":30,"immersive_melodies:trumpet":1,"naturalist:teddy_bear":2,"minecraft:cobblestone":1,"minecraft:iron_horse_armor":2,"minecraft:burn_pottery_sherd":1,"minecraft:cod":1,"minecraft:pufferfish":1,"basicweapons:iron_club":1,"minecraft:sand":70,"minecraft:cactus":1,"croptopia:calamari":2,"minecraft:bucket":2,"minecraft:skull_pottery_sherd":1,"minecraft:danger_pottery_sherd":1,"minecraft:bone":3,"minecraft:prize_pottery_sherd":1,"minecraft:blackstone":1,"minecraft:bowl":4,"minecraft:andesite_slab":1,"minecraft:rotten_flesh":29,"basicweapons:iron_dagger":1,"sophisticatedbackpacks:backpack":3,"gravestones:gravestone":1,"minecraft:salmon":3,"minecraft:blast_furnace":1,"supplementaries:ash":8,"minecraft:diamond_pickaxe":1,"minecraft:leather_boots":1,"minecraft:acacia_sapling":2},"minecraft:custom":{"lootr:looted_stat":93,"minecraft:mob_kills":25,"minecraft:interact_with_crafting_table":8,"minecraft:eat_cake_slice":5,"minecraft:leave_game":8,"minecraft:time_since_death":38741,"minecraft:climb_one_cm":1859,"minecraft:sprint_one_cm":469072,"minecraft:walk_one_cm":278012,"minecraft:damage_blocked_by_shield":1160,"minecraft:drop":48,"minecraft:talked_to_villager":1,"minecraft:play_time":217624,"minecraft:deaths":2,"minecraft:sneak_time":4154,"minecraft:walk_under_water_one_cm":42648,"minecraft:jump":2024,"minecraft:interact_with_blast_furnace":8,"minecraft:walk_on_water_one_cm":19453,"minecraft:total_world_time":217624,"minecraft:interact_with_furnace":11,"minecraft:sleep_in_bed":7,"minecraft:time_since_rest":6148,"minecraft:damage_taken":2416,"minecraft:damage_dealt":4970,"minecraft:swim_one_cm":89531,"minecraft:fly_one_cm":837778,"minecraft:open_chest":1,"minecraft:crouch_one_cm":10277,"minecraft:interact_with_smoker":8,"minecraft:fall_one_cm":47993}},"DataVersion":3465}