{"stats":{"minecraft:broken":{"minecraft:diamond_shovel":1,"minecraft:golden_chestplate":1,"immersive_armors:warrior_helmet":1,"minecraft:shield":1},"minecraft:mined":{"minecraft:dark_oak_planks":2,"betternether:netherrack_furnace":2,"minecraft:spruce_planks":9,"betternether:nether_mushroom_fence":1,"betternether:cincinnasite_pedestal":2,"minecraft:cobbled_deepslate_stairs":1,"minecraft:warped_stairs":2,"minecraft:obsidian":1,"minecraft:spruce_trapdoor":1,"betternether:lumabus_vine":7,"minecraft:acacia_log":110,"minecraft:grass_block":3219,"minecraft:white_concrete":269,"betternether:nether_brick_wall":5,"betternether:nether_mycelium":3,"mcwlights:reinforced_torch":2,"minecraft:soul_soil":1,"minecraft:oxeye_daisy":3,"minecraft:spawner":2,"minecraft:tall_seagrass":4,"minecraft:mossy_cobblestone_slab":2,"minecraft:mossy_cobblestone_stairs":1,"minecraft:iron_ore":20,"minecraft:fire":16,"minecraft:moss_carpet":12,"minecraft:azure_bluet":2,"minecraft:dark_oak_stairs":1,"minecraft:flowering_azalea_leaves":1,"minecraft:dirt_path":140,"minecraft:iron_bars":2,"betternether:cincinnasite_fire_bowl":7,"minecraft:azalea_leaves":12,"minecraft:azalea":21,"betternether:black_vine":1,"betternether:netherrack_stalactite":2,"lootr:lootr_chest":2,"ecologics:pot":1,"minecraft:cyan_terracotta":562,"minecraft:blackstone":25,"minecraft:kelp_plant":17,"minecraft:clay":103,"minecraft:torch":44,"minecraft:poppy":4,"minecraft:chest":1,"minecraft:white_stained_glass_pane":1,"betternether:cincinnasite_forged":2,"minecraft:spruce_wall_sign":1,"minecraft:mushroom_stem":2,"minecraft:nether_quartz_ore":8,"minecraft:cobblestone":5,"minecraft:sugar_cane":1,"minecraft:wall_torch":36,"minecraft:seagrass":4,"farmersdelight:sandy_shrub":2,"ecologics:seashell":13,"minecraft:mud":59,"minecraft:warped_planks":1,"minecraft:grass":1021,"friendsandfoes:weathered_lightning_rod":1,"minecraft:oak_log":77,"croptopia:salt_ore":1,"ecologics:azalea_log":6,"ecologics:flowering_azalea_log":22,"minecraft:sand":2057,"minecraft:dirt":428,"minecraft:red_mushroom_block":3,"minecraft:netherrack":52,"minecraft:oak_leaves":9,"minecraft:deepslate":30,"minecraft:diamond_ore":2,"betternether:cincinnasite_forge":1,"minecraft:mossy_cobblestone":8,"minecraft:deepslate_diamond_ore":2,"minecraft:nether_bricks":26,"minecraft:glow_lichen":1,"minecraft:decorated_pot":1,"minecraft:kelp":2,"ecologics:coconut_log":187,"minecraft:rooted_dirt":14,"minecraft:spruce_leaves":31,"betternether:stalagnate_roof":1,"betternether:cincinnasite_bars":2,"minecraft:red_mushroom":1,"minecraft:moss_block":190,"minecraft:sandstone":2,"mythicmounts:firebird_feather":1,"minecraft:large_fern":4,"minecraft:hay_block":33,"betternether:cincinnasite_wall":1,"minecraft:andesite":58,"minecraft:stripped_spruce_log":2,"betternether:quartz_glass_framed_pane":2,"betternether:pig_statue_respawner":12,"croptopia:squash_crop":1,"minecraft:deepslate_iron_ore":14,"minecraft:vine":1,"minecraft:rail":46,"minecraft:stone":42,"betternether:nether_reed_planks":4,"minecraft:acacia_leaves":1,"minecraft:flowering_azalea":17,"lootr:lootr_barrel":8,"minecraft:dandelion":13,"minecraft:oak_fence":7,"minecraft:crafting_table":5,"minecraft:cornflower":4,"betternether:bone_wall":7,"minecraft:copper_ore":6,"minecraft:tall_grass":183,"minecraft:deepslate_coal_ore":7,"croptopia:olive_crop":3,"supplementaries:urn":58,"minecraft:spruce_stairs":2,"farmersdelight:wild_beetroots":16,"minecraft:cactus":10,"croptopia:leek_crop":2,"minecraft:coarse_dirt":42,"minecraft:spruce_log":8,"minecraft:gray_bed":19,"betternether:cincinnasite_lantern_small":17,"minecraft:birch_leaves":10,"croptopia:yam_crop":1,"croptopia:hops_crop":1,"minecraft:coal_ore":28,"minecraft:gravel":106,"minecraft:dripstone_block":1,"minecraft:cobweb":12,"minecraft:mossy_stone_bricks":2,"ecologics:coconut_seedling":1,"betternether:cincinnasite_pillar":1,"minecraft:fern":3},"minecraft:killed_by":{"minecraft:zombified_piglin":2,"minecraft:wither_skeleton":7,"minecraft:blaze":1,"mythicmounts:dragon":7},"minecraft:crafted":{"minecraft:oak_planks":20,"croptopia:toast":156,"minecraft:stone":26,"minecraft:bow":1,"minecraft:chest":1,"minecraft:oak_fence":3,"sophisticatedbackpacks:backpack":1,"minecraft:crafting_table":1,"minecraft:spruce_planks":32,"minecraft:copper_ingot":24,"minecraft:iron_nugget":72,"ecologics:coconut_planks":4,"minecraft:diamond_hoe":1,"minecraft:furnace":1,"minecraft:bone_meal":207,"minecraft:white_concrete_powder":176,"minecraft:lead":2,"minecraft:air":0,"mcwlights:reinforced_torch":8,"minecraft:white_dye":33,"ecologics:coconut_fence":3,"minecraft:torch":4,"minecraft:clay":1},"minecraft:killed":{"minecraft:cave_spider":2,"minecraft:zombified_piglin":3,"betternether:skull":1,"minecraft:spider":9,"betternether:firefly":1,"naturalist:boar":1,"minecraft:skeleton":15,"minecraft:zombie_villager":2,"minecraft:creeper":1,"minecraft:pillager":6,"minecraft:zombie":32,"minecraft:ghast":1,"minecraft:blaze":13,"minecraft:evoker":1,"minecraft:vindicator":1,"minecraft:drowned":1,"betternether:naga":1,"minecraft:wither_skeleton":44,"minecraft:enderman":2},"minecraft:picked_up":{"betternether:pig_statue_respawner":12,"minecraft:lead":33,"minecraft:diamond_sword":3,"betternether:lumabus_seed":20,"croptopia:calamari":3,"minecraft:warped_stairs":2,"betternether:agave":2,"minecraft:string":25,"minecraft:soul_soil":1,"minecraft:raw_copper":24,"betternether:cincinnasite_wall":1,"universal_graves:grave_compass":3,"minecraft:zombie_head":1,"betternether:netherrack_furnace":2,"minecraft:beetroot":5,"minecraft:cobbled_deepslate":35,"minecraft:gold_nugget":13,"minecraft:spruce_planks":9,"artifacts:aqua_dashers":2,"minecraft:azalea":38,"betternether:quartz_glass_framed_pane":1,"minecraft:stick":65,"minecraft:big_dripleaf":1,"minecraft:oak_fence":8,"minecraft:torch":160,"ecologics:coconut_seedling":36,"minecraft:acacia_log":49,"betternether:bone_wall":7,"minecraft:spruce_stairs":2,"minecraft:porkchop":2,"minecraft:warped_planks":1,"minecraft:cactus":12,"minecraft:rotten_flesh":46,"betternether:cincinnasite_lantern_small":16,"croptopia:squash_seed":1,"supplementaries:antique_ink":5,"ecologics:coconut_log":186,"minecraft:cyan_terracotta":556,"supplementaries:ash":35,"minecraft:blaze_rod":5,"minecraft:obsidian":1,"minecraft:iron_bars":2,"betternether:cincinnasite_bars":2,"minecraft:cobblestone":50,"minecraft:mossy_cobblestone_slab":3,"minecraft:cooked_beef":3,"minecraft:feather":2,"betternether:glowstone_pile":40,"minecraft:andesite":66,"artifacts:thorn_pendant":1,"paraglider:spirit_orb":4,"minecraft:flint":10,"supplementaries:flax_seeds":7,"minecraft:wither_skeleton_skull":1,"minecraft:lapis_lazuli":1,"minecraft:dirt":3654,"minecraft:lantern":6,"minecraft:bone":142,"minecraft:bow":3,"minecraft:wheat_seeds":289,"minecraft:raw_gold":3,"minecraft:mossy_stone_bricks":2,"minecraft:moss_block":266,"croptopia:roe":2,"minecraft:oak_planks":1,"croptopia:yam":1,"ecologics:azalea_log":6,"ecologics:prickly_pear":4,"minecraft:sand":2082,"ecologics:coconut_husk":33,"minecraft:stripped_spruce_log":2,"minecraft:ink_sac":6,"minecraft:barrel":8,"naturalist:duck_egg":4,"minecraft:mossy_cobblestone":8,"minecraft:bundle":1,"minecraft:clay":1,"minecraft:diamond":6,"betternether:cincinnasite_pillar":1,"croptopia:leek_seed":2,"minecraft:bone_meal":5,"minecraft:golden_apple":2,"minecraft:white_concrete":269,"minecraft:spruce_sign":2,"minecraft:emerald":29,"minecraft:rooted_dirt":14,"minecraft:oak_sapling":18,"minecraft:netherrack":53,"minecraft:diamond_pickaxe":1,"minecraft:coarse_dirt":46,"minecraft:mud":59,"minecraft:crafting_table":5,"minecraft:allium":1,"minecraft:azure_bluet":2,"minecraft:chicken":2,"minecraft:clay_ball":400,"ecologics:seashell":14,"minecraft:cornflower":8,"minecraft:moss_carpet":42,"minecraft:blackstone":23,"minecraft:beef":3,"minecraft:iron_nugget":71,"mythicmounts:firebird_feather":8,"minecraft:jungle_sapling":2,"minecraft:poppy":14,"betternether:netherrack_stalactite":3,"minecraft:sugar_cane":3,"minecraft:chest":3,"minecraft:birch_sapling":2,"minecraft:spruce_trapdoor":1,"minecraft:egg":4,"betternether:nether_brick_wall":1,"minecraft:raw_iron":31,"minecraft:sandstone":2,"ecologics:coconut_slice":113,"sophisticatedbackpacks:backpack":2,"betternether:nether_reed_planks":4,"mcwlights:reinforced_torch":2,"croptopia:yam_seed":1,"minecraft:dark_oak_planks":4,"artifacts:snorkel":1,"minecraft:arrow":80,"artifacts:cowboy_hat":1,"minecraft:beetroot_seeds":16,"minecraft:nether_bricks":26,"minecraft:hay_block":33,"minecraft:totem_of_undying":1,"minecraft:saddle":3,"minecraft:gold_ingot":2,"croptopia:salt":6,"minecraft:rail":50,"gravestones:gravestone":1,"betternether:cincinnasite_fire_bowl":6,"minecraft:mutton":4,"minecraft:white_wool":1,"minecraft:oxeye_daisy":3,"ecologics:flowering_azalea_log":20,"friendsandfoes:weathered_lightning_rod":1,"artifacts:digging_claws":1,"minecraft:glow_ink_sac":2,"minecraft:leather":4,"betternether:wall_mushroom_brown":1,"croptopia:glowing_calamari":2,"minecraft:red_mushroom":5,"minecraft:oak_log":72,"croptopia:leek":1,"minecraft:cobbled_deepslate_stairs":1,"minecraft:gunpowder":1,"betternether:cincinnasite_pedestal":2,"minecraft:white_banner":1,"croptopia:olive":1,"minecraft:apple":2,"minecraft:kelp":6,"croptopia:squash":1,"betternether:nether_mushroom_fence":1,"minecraft:gray_bed":19,"minecraft:flowering_azalea":42,"minecraft:acacia_sapling":26,"minecraft:dark_oak_stairs":3,"minecraft:black_candle":1,"minecraft:quartz":54,"minecraft:dandelion":27,"minecraft:dripstone_block":1,"minecraft:gravel":94,"minecraft:amethyst_shard":26,"minecraft:spruce_sapling":3,"minecraft:spruce_log":8,"betternether:cincinnasite_forged":2,"minecraft:spider_eye":1,"minecraft:diamond_shovel":2,"minecraft:white_concrete_powder":10,"betternether:cincinnasite_forge":1,"croptopia:orange":11,"minecraft:mossy_cobblestone_stairs":1,"minecraft:coal":53,"minecraft:ender_pearl":4},"minecraft:dropped":{"minecraft:clay":2,"minecraft:moss_block":137,"minecraft:cooked_beef":3,"minecraft:oak_log":3,"minecraft:glow_ink_sac":2,"immersive_armors:warrior_helmet":1,"minecraft:diamond":20,"ecologics:coconut_slice":19,"minecraft:leather":2,"minecraft:rooted_dirt":14,"minecraft:saddle":4,"croptopia:salt":6,"minecraft:rail":3,"minecraft:red_mushroom":4,"minecraft:flint":5,"betternether:cincinnasite_lantern_small":9,"minecraft:dirt":284,"artifacts:superstitious_hat":1,"croptopia:squash_seed":1,"minecraft:cornflower":1,"minecraft:mutton":50,"betternether:wall_mushroom_brown":1,"minecraft:jungle_sapling":2,"minecraft:gold_nugget":2,"minecraft:bone_meal":5,"minecraft:sand":56,"minecraft:iron_pickaxe":1,"minecraft:dark_oak_planks":2,"minecraft:white_wool":1,"minecraft:gold_ingot":2,"minecraft:bone":1,"minecraft:gravel":4,"ecologics:azalea_log":6,"minecraft:blackstone":16,"croptopia:toast":47,"minecraft:iron_nugget":56,"minecraft:cobbled_deepslate":18,"minecraft:birch_sapling":2,"croptopia:leek":1,"minecraft:rotten_flesh":38,"universal_graves:grave_compass":4,"minecraft:oak_planks":1,"minecraft:diamond_shovel":2,"ecologics:prickly_pear":3,"betternether:netherrack_stalactite":3,"ecologics:flowering_azalea_log":20,"minecraft:carrot":56,"minecraft:poppy":6,"supplementaries:flax_seeds":7,"supplementaries:ash":13,"minecraft:gunpowder":1,"betternether:glowstone_pile":30,"ecologics:coconut_husk":89,"minecraft:azalea":20,"minecraft:acacia_sapling":21,"minecraft:arrow":73,"minecraft:beef":51,"minecraft:white_concrete_powder":10,"minecraft:quartz":46,"croptopia:squash":1,"minecraft:egg":4,"minecraft:bread":50,"minecraft:wheat_seeds":123,"minecraft:cobbled_deepslate_stairs":1,"betternether:cincinnasite_pedestal":1,"minecraft:mossy_cobblestone":1,"betternether:cincinnasite_wall":1,"minecraft:dripstone_block":1,"ecologics:coconut_seedling":2,"minecraft:oak_fence":65,"minecraft:cobblestone":9,"minecraft:feather":2,"croptopia:orange":11,"minecraft:apple":1,"minecraft:grass_block":1,"croptopia:olive":1,"minecraft:spruce_stairs":1,"minecraft:acacia_log":32,"betternether:nether_mushroom_fence":1,"minecraft:coal":5,"minecraft:golden_apple":4,"minecraft:stick":5,"minecraft:torch":21,"minecraft:gray_bed":1,"minecraft:flowering_azalea":17,"minecraft:paper":4,"minecraft:string":9,"minecraft:spruce_sapling":1,"artifacts:digging_claws":1,"minecraft:dandelion":1,"croptopia:glowing_calamari":2,"croptopia:yam_seed":1,"croptopia:yam":1,"betternether:quartz_glass_framed_pane":1,"minecraft:kelp":6,"minecraft:moss_carpet":2,"minecraft:soul_soil":1,"minecraft:coarse_dirt":41,"artifacts:aqua_dashers":1,"betternether:cincinnasite_bars":2,"croptopia:leek_seed":2,"minecraft:chicken":2,"minecraft:clay_ball":16,"sophisticatedbackpacks:backpack":3,"minecraft:nether_bricks":3,"betternether:cincinnasite_fire_bowl":1,"minecraft:diamond_sword":2,"betternether:nether_reed_planks":2,"minecraft:spruce_planks":6,"minecraft:andesite":42,"minecraft:oak_sapling":10,"betternether:lumabus_seed":10,"croptopia:roe":2,"minecraft:spider_eye":1,"minecraft:diamond_boots":1,"minecraft:bow":2,"minecraft:raw_gold":3,"betternether:cincinnasite_pillar":1,"minecraft:terracotta":1},"minecraft:used":{"minecraft:moss_block":138,"minecraft:moss_carpet":1,"minecraft:poppy":7,"minecraft:white_concrete_powder":166,"minecraft:chest":3,"minecraft:shield":72,"minecraft:stone":15,"betternether:nether_reed_planks":2,"minecraft:carrot":21,"ecologics:prickly_pear":1,"minecraft:azure_bluet":2,"minecraft:stripped_spruce_log":2,"minecraft:obsidian":15,"minecraft:cyan_terracotta":522,"minecraft:lantern":6,"minecraft:grass_block":2,"minecraft:mossy_cobblestone_slab":3,"betternether:bone_wall":7,"minecraft:bow":46,"minecraft:hay_block":11,"minecraft:furnace":2,"minecraft:gray_bed":20,"betternether:cincinnasite_pedestal":1,"minecraft:golden_boots":1,"minecraft:dark_oak_stairs":1,"minecraft:mossy_stone_bricks":2,"minecraft:diamond_boots":1,"minecraft:cactus":1,"minecraft:blackstone":7,"minecraft:sandstone":2,"minecraft:sugar_cane":3,"minecraft:diamond_axe":567,"naturalist:duck_egg":4,"minecraft:sand":1872,"minecraft:blast_furnace":1,"minecraft:crossbow":50,"betternether:pig_statue_respawner":10,"betternether:cincinnasite_forged":2,"ecologics:coconut_slice":69,"croptopia:toast":115,"minecraft:diamond_sword":557,"betternether:flaming_ruby_helmet":1,"basicweapons:iron_hammer":1,"minecraft:andesite":23,"minecraft:white_concrete":237,"minecraft:coarse_dirt":5,"minecraft:bone_meal":174,"minecraft:experience_bottle":67,"minecraft:azalea":18,"minecraft:oak_fence":9,"minecraft:flint_and_steel":3,"minecraft:spruce_planks":16,"betternether:nether_brick_wall":1,"minecraft:netherrack":51,"minecraft:torch":166,"minecraft:dirt":1989,"mcwlights:reinforced_torch":10,"minecraft:golden_chestplate":1,"ecologics:seashell":14,"betternether:cincinnasite_fire_bowl":5,"minecraft:spruce_stairs":1,"immersive_armors:warrior_helmet":2,"minecraft:mossy_cobblestone_stairs":1,"minecraft:flowering_azalea":25,"betternether:netherrack_furnace":2,"betternether:cincinnasite_lantern_small":7,"minecraft:barrel":8,"minecraft:diamond_chestplate":1,"minecraft:goat_horn":5,"minecraft:cooked_beef":3,"ecologics:coconut_seedling":34,"minecraft:cobbled_deepslate":13,"minecraft:water_bucket":40,"minecraft:lead":21,"ecologics:coconut_fence":2,"minecraft:spruce_sign":2,"minecraft:rail":1,"minecraft:terracotta":3,"minecraft:crafting_table":5,"minecraft:red_mushroom":1,"minecraft:smoker":1,"minecraft:mud":3,"minecraft:diamond_pickaxe":1148,"minecraft:cornflower":7,"minecraft:apple":1,"minecraft:oxeye_daisy":3,"minecraft:diamond_shovel":1567,"minecraft:spruce_trapdoor":1,"minecraft:spruce_sapling":2,"mythicmounts:firebird_feather":1,"betternether:cincinnasite_forge":1,"minecraft:cobblestone":2,"minecraft:white_banner":1,"minecraft:bucket":40,"minecraft:black_candle":1,"minecraft:pumpkin_pie":1,"minecraft:dandelion":22,"minecraft:diamond_leggings":1},"minecraft:custom":{"lootr:looted_stat":134,"minecraft:animals_bred":1,"minecraft:interact_with_crafting_table":26,"minecraft:open_barrel":38,"minecraft:eat_cake_slice":7,"minecraft:leave_game":14,"minecraft:time_since_death":248944,"minecraft:sprint_one_cm":2961044,"minecraft:damage_blocked_by_shield":5464,"minecraft:drop":570,"minecraft:talked_to_villager":1,"minecraft:play_time":1056003,"minecraft:deaths":20,"minecraft:jump":13971,"minecraft:walk_on_water_one_cm":183472,"minecraft:interact_with_furnace":34,"minecraft:sleep_in_bed":38,"minecraft:damage_dealt":21682,"minecraft:crouch_one_cm":218522,"minecraft:interact_with_smoker":15,"minecraft:horse_one_cm":6279773,"minecraft:interact_with_smithing_table":1,"minecraft:interact_with_anvil":2,"minecraft:mob_kills":147,"minecraft:climb_one_cm":17211,"minecraft:walk_one_cm":2339227,"minecraft:sneak_time":41134,"minecraft:walk_under_water_one_cm":116322,"minecraft:interact_with_lectern":1,"minecraft:interact_with_blast_furnace":11,"minecraft:total_world_time":1056003,"minecraft:time_since_rest":24586,"minecraft:damage_taken":12989,"minecraft:swim_one_cm":405457,"minecraft:fly_one_cm":4089413,"minecraft:open_chest":101,"minecraft:fall_one_cm":273261}},"DataVersion":3465}