{"stats":{"minecraft:picked_up":{"minecraft:flint":5,"ecologics:coconut_slice":2},"minecraft:used":{"immersive_armors:warrior_helmet":1,"minecraft:goat_horn":2},"minecraft:custom":{"minecraft:jump":91,"minecraft:time_since_rest":29028,"minecraft:damage_taken":120,"minecraft:crouch_one_cm":29,"minecraft:leave_game":1,"minecraft:play_time":29028,"minecraft:sprint_one_cm":13918,"minecraft:time_since_death":29028,"minecraft:walk_on_water_one_cm":517,"minecraft:walk_one_cm":4729,"minecraft:sneak_time":62,"minecraft:total_world_time":29028,"minecraft:fall_one_cm":2858,"minecraft:drop":4,"minecraft:fly_one_cm":72436},"minecraft:dropped":{"minecraft:bread":50,"sophisticatedbackpacks:backpack":1,"artifacts:digging_claws":1,"minecraft:flint":5}},"DataVersion":3465}