{"stats":{"minecraft:killed":{"minecraft:zombie":1},"minecraft:custom":{"minecraft:time_since_rest":8518,"minecraft:interact_with_furnace":3,"lootr:looted_stat":10,"minecraft:sprint_one_cm":123233,"minecraft:damage_taken":303,"minecraft:walk_one_cm":47236,"minecraft:mob_kills":1,"minecraft:drop":54,"minecraft:damage_dealt":113,"minecraft:interact_with_crafting_table":1,"minecraft:fly_one_cm":179595,"minecraft:open_chest":8,"minecraft:crouch_one_cm":1689,"minecraft:play_time":50271,"minecraft:sneak_time":211,"minecraft:jump":576,"minecraft:interact_with_brewingstand":3,"minecraft:leave_game":1,"minecraft:time_since_death":50271,"minecraft:sleep_in_bed":2,"minecraft:total_world_time":50271,"minecraft:fall_one_cm":19344},"minecraft:dropped":{"minecraft:water_bucket":2,"minecraft:leather_chestplate":2,"minecraft:stone_axe":2,"artifacts:umbrella":1,"minecraft:stone_sword":2,"minecraft:torch":16,"hamsters:hamster":1,"artifacts:aqua_dashers":2,"ecologics:coconut_slice":1,"minecraft:leather_boots":2,"minecraft:oak_boat":2,"minecraft:leather_leggings":2,"artifacts:onion_ring":1,"sophisticatedbackpacks:backpack":4,"minecraft:arrow":64,"minecraft:bow":3,"minecraft:stone_pickaxe":2,"croptopia:buttered_toast":160,"artifacts:digging_claws":1,"minecraft:coal":20,"minecraft:leather_helmet":2,"minecraft:golden_apple":79,"artifacts:bunny_hoppers":1},"minecraft:used":{"minecraft:leather_leggings":1,"minecraft:stone_sword":29,"minecraft:spruce_slab":2,"minecraft:chest":1,"croptopia:buttered_toast":4,"minecraft:leather_helmet":1,"minecraft:leather_chestplate":1,"minecraft:leather_boots":1,"minecraft:stone_axe":92,"ecologics:coconut_slice":1,"minecraft:brewing_stand":2,"minecraft:purple_bed":2,"minecraft:painting":1},"minecraft:picked_up":{"minecraft:stick":10,"minecraft:crafting_table":1,"ecologics:coconut_slice":2,"sophisticatedbackpacks:backpack":1,"minecraft:potion":2,"minecraft:oak_log":69,"minecraft:brewing_stand":2,"minecraft:spruce_log":8,"minecraft:string":20,"minecraft:purple_bed":3,"minecraft:rotten_flesh":2,"minecraft:apple":1,"minecraft:bow":1,"croptopia:buttered_toast":96,"artifacts:aqua_dashers":1,"minecraft:painting":3,"minecraft:golden_apple":69,"minecraft:chest":1,"minecraft:spruce_slab":2,"minecraft:oak_sapling":12,"minecraft:furnace":1},"minecraft:mined":{"minecraft:purple_bed":3,"minecraft:furnace":1,"lootr:lootr_chest":1,"minecraft:spruce_log":8,"minecraft:brewing_stand":2,"minecraft:crafting_table":1,"minecraft:grass":3,"minecraft:oak_log":69,"minecraft:cobweb":20,"minecraft:spruce_slab":1},"minecraft:crafted":{"minecraft:oak_planks":20,"croptopia:toast":4,"minecraft:air":0}},"DataVersion":3465}