{"stats":{"minecraft:killed":{"minecraft:zombie":1},"minecraft:custom":{"minecraft:time_since_rest":15314,"lootr:looted_stat":5,"minecraft:sprint_one_cm":61099,"minecraft:damage_taken":139,"minecraft:walk_one_cm":27633,"minecraft:mob_kills":1,"minecraft:drop":53,"minecraft:damage_dealt":113,"minecraft:fly_one_cm":59657,"minecraft:crouch_one_cm":896,"minecraft:play_time":32271,"minecraft:sneak_time":88,"minecraft:jump":189,"minecraft:interact_with_brewingstand":1,"minecraft:leave_game":1,"minecraft:time_since_death":32271,"minecraft:sleep_in_bed":1,"minecraft:total_world_time":32271,"minecraft:fall_one_cm":5121},"minecraft:dropped":{"minecraft:water_bucket":2,"minecraft:leather_chestplate":2,"minecraft:stone_axe":2,"artifacts:umbrella":1,"minecraft:stone_sword":2,"minecraft:torch":16,"hamsters:hamster":1,"artifacts:aqua_dashers":2,"minecraft:leather_boots":2,"minecraft:oak_boat":2,"minecraft:leather_leggings":2,"artifacts:onion_ring":1,"sophisticatedbackpacks:backpack":4,"minecraft:arrow":64,"minecraft:bow":3,"minecraft:stone_pickaxe":2,"croptopia:buttered_toast":160,"artifacts:digging_claws":1,"minecraft:coal":20,"minecraft:leather_helmet":2,"minecraft:golden_apple":79,"artifacts:bunny_hoppers":1},"minecraft:used":{"minecraft:leather_leggings":1,"minecraft:stone_sword":18,"minecraft:spruce_slab":2,"croptopia:buttered_toast":1,"minecraft:leather_helmet":1,"minecraft:leather_chestplate":1,"minecraft:leather_boots":1,"minecraft:stone_axe":91,"minecraft:purple_bed":1},"minecraft:picked_up":{"minecraft:stick":10,"minecraft:crafting_table":1,"sophisticatedbackpacks:backpack":1,"minecraft:potion":2,"minecraft:oak_log":69,"minecraft:brewing_stand":1,"minecraft:spruce_log":8,"minecraft:string":9,"minecraft:purple_bed":2,"minecraft:rotten_flesh":2,"minecraft:apple":1,"minecraft:bow":1,"croptopia:buttered_toast":96,"artifacts:aqua_dashers":1,"minecraft:painting":2,"minecraft:golden_apple":69,"minecraft:spruce_slab":2,"minecraft:oak_sapling":12,"minecraft:furnace":1},"minecraft:mined":{"minecraft:purple_bed":2,"minecraft:furnace":1,"minecraft:spruce_log":8,"minecraft:brewing_stand":1,"minecraft:crafting_table":1,"minecraft:grass":3,"minecraft:oak_log":69,"minecraft:cobweb":9,"minecraft:spruce_slab":1}},"DataVersion":3465}