{"stats":{"minecraft:mined":{"minecraft:hay_block":22,"minecraft:grass_block":5,"minecraft:oak_log":8,"minecraft:dirt":1},"minecraft:dropped":{"croptopia:orange":11,"minecraft:bread":50,"minecraft:apple":1,"sophisticatedbackpacks:backpack":1,"artifacts:digging_claws":1,"minecraft:flint":5},"minecraft:used":{"minecraft:dirt":6,"ecologics:coconut_slice":2,"minecraft:apple":1,"minecraft:hay_block":11,"minecraft:goat_horn":2,"immersive_armors:warrior_helmet":1,"minecraft:diamond_axe":9,"croptopia:toast":1},"minecraft:custom":{"minecraft:time_since_rest":41003,"minecraft:crouch_one_cm":676,"minecraft:play_time":41003,"minecraft:sprint_one_cm":33584,"minecraft:damage_taken":140,"minecraft:walk_one_cm":13014,"minecraft:walk_under_water_one_cm":237,"minecraft:sneak_time":204,"minecraft:drop":6,"minecraft:jump":199,"minecraft:leave_game":2,"minecraft:time_since_death":41003,"minecraft:walk_on_water_one_cm":11346,"minecraft:total_world_time":41003,"minecraft:fall_one_cm":5608,"minecraft:fly_one_cm":94035},"minecraft:picked_up":{"minecraft:stick":1,"minecraft:apple":2,"ecologics:coconut_slice":2,"minecraft:hay_block":22,"croptopia:orange":11,"minecraft:flint":5,"minecraft:oak_log":8,"minecraft:oak_sapling":3,"minecraft:dirt":6}},"DataVersion":3465}