{"stats":{"minecraft:used":{"minecraft:quartz_bricks":2,"basicweapons:iron_dagger":9,"minecraft:iron_pickaxe":52,"minecraft:baked_potato":10,"minecraft:andesite_slab":3,"minecraft:iron_helmet":1,"minecraft:leather_helmet":1,"minecraft:sandstone":9,"minecraft:torch":4,"minecraft:crafting_table":1,"minecraft:gray_bed":4,"minecraft:cake":1,"minecraft:orange_terracotta":1},"minecraft:killed":{"minecraft:squid":1},"minecraft:custom":{"minecraft:time_since_rest":6529,"lootr:looted_stat":43,"minecraft:sprint_one_cm":214881,"minecraft:damage_taken":380,"minecraft:walk_one_cm":131978,"minecraft:mob_kills":1,"minecraft:drop":15,"minecraft:damage_dealt":140,"minecraft:swim_one_cm":11953,"minecraft:interact_with_crafting_table":2,"minecraft:fly_one_cm":588207,"minecraft:crouch_one_cm":3958,"minecraft:play_time":114079,"minecraft:sneak_time":1673,"minecraft:walk_under_water_one_cm":2950,"minecraft:jump":1000,"minecraft:eat_cake_slice":1,"minecraft:interact_with_blast_furnace":1,"minecraft:leave_game":3,"minecraft:time_since_death":114079,"minecraft:walk_on_water_one_cm":1230,"minecraft:sleep_in_bed":3,"minecraft:total_world_time":114079,"minecraft:climb_one_cm":659,"minecraft:fall_one_cm":21854},"minecraft:dropped":{"minecraft:wheat_seeds":1,"immersive_melodies:trumpet":1,"minecraft:andesite_slab":1,"naturalist:teddy_bear":2,"minecraft:acacia_sapling":2,"minecraft:sand":6,"sophisticatedbackpacks:backpack":3,"minecraft:cactus":1,"croptopia:calamari":2},"minecraft:mined":{"minecraft:hay_block":32,"minecraft:seagrass":1,"minecraft:cut_sandstone":1,"minecraft:stone_pressure_plate":1,"minecraft:orange_terracotta":2,"minecraft:gray_bed":5,"minecraft:torch":2,"minecraft:crafting_table":1,"minecraft:blast_furnace":1,"minecraft:grass":7,"minecraft:acacia_log":4,"minecraft:coal_ore":34,"minecraft:decorated_pot":1,"minecraft:sand":3,"minecraft:stone":3,"minecraft:sandstone":9,"minecraft:wall_torch":2,"minecraft:fern":1},"minecraft:crafted":{"minecraft:crafting_table":1,"minecraft:iron_pickaxe":1,"minecraft:acacia_planks":16,"minecraft:torch":4},"minecraft:picked_up":{"minecraft:stick":2,"minecraft:crafting_table":1,"minecraft:sandstone":9,"naturalist:teddy_bear":1,"minecraft:cut_sandstone":1,"minecraft:torch":4,"minecraft:acacia_log":4,"minecraft:sand":6,"croptopia:calamari":2,"minecraft:blast_furnace":1,"minecraft:stone_pressure_plate":1,"minecraft:orange_terracotta":2,"minecraft:cactus":1,"minecraft:decorated_pot":1,"minecraft:wheat_seeds":2,"minecraft:hay_block":31,"immersive_melodies:trumpet":1,"minecraft:gray_bed":5,"minecraft:coal":34,"minecraft:acacia_sapling":2,"minecraft:cobblestone":3,"minecraft:egg":1}},"DataVersion":3465}