{"stats":{"minecraft:mined":{"minecraft:dark_oak_planks":2,"minecraft:diamond_ore":2,"minecraft:spruce_planks":6,"minecraft:mossy_cobblestone":8,"minecraft:deepslate_diamond_ore":2,"minecraft:cobbled_deepslate_stairs":1,"minecraft:warped_stairs":2,"minecraft:spruce_trapdoor":1,"minecraft:glow_lichen":1,"minecraft:grass_block":121,"minecraft:decorated_pot":1,"minecraft:soul_soil":1,"minecraft:spruce_leaves":31,"minecraft:moss_block":5,"minecraft:red_mushroom":1,"minecraft:sandstone":2,"minecraft:spawner":2,"minecraft:large_fern":4,"minecraft:hay_block":33,"minecraft:tall_seagrass":1,"minecraft:mossy_cobblestone_slab":2,"minecraft:mossy_cobblestone_stairs":1,"minecraft:iron_ore":7,"minecraft:fire":4,"minecraft:andesite":56,"minecraft:stripped_spruce_log":2,"minecraft:dark_oak_stairs":1,"minecraft:vine":1,"minecraft:rail":46,"minecraft:iron_bars":2,"minecraft:stone":6,"ecologics:pot":1,"minecraft:blackstone":25,"minecraft:oak_fence":4,"minecraft:crafting_table":1,"minecraft:white_stained_glass_pane":1,"minecraft:spruce_wall_sign":1,"minecraft:tall_grass":24,"minecraft:cobblestone":5,"minecraft:deepslate_coal_ore":7,"minecraft:wall_torch":1,"supplementaries:urn":50,"minecraft:spruce_stairs":2,"minecraft:coarse_dirt":9,"minecraft:warped_planks":1,"minecraft:spruce_log":8,"minecraft:gray_bed":11,"minecraft:birch_leaves":10,"minecraft:grass":109,"minecraft:oak_log":68,"minecraft:coal_ore":1,"minecraft:gravel":2,"minecraft:sand":10,"minecraft:dirt":81,"minecraft:cobweb":12,"minecraft:oak_leaves":3,"minecraft:deepslate":29,"minecraft:fern":3},"minecraft:killed":{"minecraft:evoker":1,"minecraft:cave_spider":2,"minecraft:spider":1,"minecraft:vindicator":1,"naturalist:boar":1,"minecraft:skeleton":13,"minecraft:zombie_villager":2,"minecraft:creeper":1,"minecraft:pillager":3,"minecraft:zombie":18,"minecraft:enderman":2},"minecraft:killed_by":{"mythicmounts:dragon":6},"minecraft:picked_up":{"minecraft:crafting_table":1,"minecraft:coarse_dirt":9,"minecraft:allium":1,"minecraft:clay_ball":16,"minecraft:diamond_sword":3,"minecraft:lead":10,"minecraft:warped_stairs":2,"minecraft:moss_carpet":2,"minecraft:string":12,"minecraft:soul_soil":1,"universal_graves:grave_compass":1,"minecraft:zombie_head":1,"minecraft:blackstone":23,"minecraft:beef":3,"minecraft:cobbled_deepslate":34,"minecraft:spruce_planks":6,"minecraft:azalea":1,"minecraft:iron_nugget":56,"minecraft:birch_sapling":2,"minecraft:spruce_trapdoor":1,"minecraft:egg":4,"minecraft:stick":14,"minecraft:raw_iron":6,"minecraft:sandstone":2,"ecologics:coconut_slice":6,"minecraft:big_dripleaf":1,"minecraft:oak_fence":5,"minecraft:torch":53,"minecraft:spruce_stairs":2,"minecraft:porkchop":2,"minecraft:warped_planks":1,"minecraft:dark_oak_planks":4,"artifacts:snorkel":1,"minecraft:arrow":79,"minecraft:rotten_flesh":23,"supplementaries:antique_ink":5,"minecraft:hay_block":33,"minecraft:saddle":2,"minecraft:totem_of_undying":1,"supplementaries:ash":29,"gravestones:gravestone":1,"minecraft:mutton":4,"minecraft:iron_bars":2,"minecraft:rail":49,"minecraft:white_wool":1,"minecraft:cobblestone":12,"minecraft:mossy_cobblestone_slab":3,"minecraft:glow_ink_sac":2,"minecraft:andesite":62,"minecraft:red_mushroom":1,"croptopia:glowing_calamari":2,"paraglider:spirit_orb":4,"minecraft:flint":5,"minecraft:oak_log":67,"supplementaries:flax_seeds":7,"minecraft:cobbled_deepslate_stairs":1,"minecraft:gunpowder":1,"minecraft:dirt":196,"minecraft:lantern":5,"minecraft:bone":33,"minecraft:apple":2,"minecraft:bow":3,"minecraft:wheat_seeds":39,"minecraft:raw_gold":3,"minecraft:moss_block":5,"minecraft:gray_bed":11,"minecraft:flowering_azalea":1,"minecraft:oak_planks":1,"minecraft:dark_oak_stairs":3,"minecraft:black_candle":1,"minecraft:gravel":4,"minecraft:sand":8,"minecraft:amethyst_shard":26,"minecraft:stripped_spruce_log":2,"minecraft:spruce_sapling":3,"minecraft:spruce_log":8,"minecraft:spider_eye":1,"naturalist:duck_egg":1,"minecraft:mossy_cobblestone":8,"minecraft:bundle":1,"minecraft:diamond_shovel":1,"minecraft:diamond":6,"croptopia:orange":11,"minecraft:mossy_cobblestone_stairs":1,"minecraft:spruce_sign":2,"minecraft:emerald":25,"minecraft:oak_sapling":11,"minecraft:coal":8},"minecraft:broken":{"immersive_armors:warrior_helmet":1,"minecraft:shield":1},"minecraft:crafted":{"minecraft:oak_planks":20,"minecraft:chest":1,"minecraft:oak_fence":3,"sophisticatedbackpacks:backpack":1},"minecraft:custom":{"minecraft:interact_with_smithing_table":1,"lootr:looted_stat":115,"minecraft:interact_with_anvil":1,"minecraft:mob_kills":54,"minecraft:animals_bred":1,"minecraft:interact_with_crafting_table":4,"minecraft:eat_cake_slice":4,"minecraft:leave_game":8,"minecraft:time_since_death":5408,"minecraft:climb_one_cm":5703,"minecraft:sprint_one_cm":1105864,"minecraft:walk_one_cm":539950,"minecraft:damage_blocked_by_shield":4440,"minecraft:drop":227,"minecraft:play_time":388897,"minecraft:deaths":7,"minecraft:sneak_time":7445,"minecraft:walk_under_water_one_cm":31122,"minecraft:interact_with_lectern":1,"minecraft:jump":5939,"minecraft:walk_on_water_one_cm":47710,"minecraft:total_world_time":388897,"minecraft:interact_with_furnace":1,"minecraft:sleep_in_bed":12,"minecraft:time_since_rest":5437,"minecraft:damage_taken":5823,"minecraft:damage_dealt":9042,"minecraft:swim_one_cm":77906,"minecraft:fly_one_cm":1587056,"minecraft:open_chest":8,"minecraft:crouch_one_cm":29423,"minecraft:fall_one_cm":151318,"minecraft:horse_one_cm":2456001},"minecraft:used":{"minecraft:oak_fence":5,"minecraft:moss_block":5,"minecraft:shield":54,"minecraft:torch":1,"minecraft:dirt":152,"immersive_armors:warrior_helmet":2,"minecraft:spruce_stairs":1,"minecraft:carrot":13,"minecraft:stripped_spruce_log":2,"minecraft:mossy_cobblestone_stairs":1,"minecraft:lantern":5,"minecraft:mossy_cobblestone_slab":3,"minecraft:diamond_chestplate":1,"minecraft:bow":7,"minecraft:hay_block":11,"minecraft:goat_horn":4,"minecraft:gray_bed":12,"minecraft:cobbled_deepslate":13,"minecraft:dark_oak_stairs":1,"minecraft:water_bucket":32,"minecraft:diamond_boots":1,"minecraft:lead":1,"minecraft:blackstone":7,"minecraft:sandstone":2,"minecraft:spruce_sign":2,"minecraft:diamond_axe":94,"naturalist:duck_egg":1,"minecraft:terracotta":3,"minecraft:crafting_table":1,"minecraft:red_mushroom":1,"minecraft:diamond_pickaxe":126,"minecraft:apple":1,"minecraft:diamond_shovel":182,"minecraft:spruce_trapdoor":1,"minecraft:spruce_sapling":2,"ecologics:coconut_slice":6,"croptopia:toast":56,"minecraft:diamond_sword":255,"minecraft:cobblestone":2,"basicweapons:iron_hammer":1,"minecraft:andesite":23,"minecraft:bucket":32,"minecraft:pumpkin_pie":1,"minecraft:black_candle":1,"minecraft:diamond_leggings":1,"minecraft:experience_bottle":67},"minecraft:dropped":{"minecraft:bread":50,"minecraft:wheat_seeds":27,"minecraft:cobbled_deepslate_stairs":1,"minecraft:oak_log":3,"minecraft:glow_ink_sac":2,"minecraft:mossy_cobblestone":1,"immersive_armors:warrior_helmet":1,"minecraft:oak_fence":65,"croptopia:orange":11,"minecraft:cobblestone":5,"minecraft:apple":1,"minecraft:saddle":3,"minecraft:spruce_stairs":1,"minecraft:rail":3,"minecraft:flint":5,"minecraft:stick":1,"minecraft:dirt":44,"artifacts:superstitious_hat":1,"minecraft:torch":21,"minecraft:mutton":50,"minecraft:gray_bed":1,"minecraft:flowering_azalea":1,"minecraft:sand":8,"minecraft:iron_pickaxe":1,"minecraft:paper":4,"minecraft:string":1,"minecraft:dark_oak_planks":2,"minecraft:white_wool":1,"minecraft:spruce_sapling":1,"artifacts:digging_claws":1,"croptopia:glowing_calamari":2,"minecraft:bone":1,"minecraft:gravel":4,"minecraft:moss_carpet":2,"minecraft:blackstone":16,"minecraft:soul_soil":1,"croptopia:toast":47,"minecraft:iron_nugget":56,"minecraft:coarse_dirt":9,"minecraft:cobbled_deepslate":18,"minecraft:birch_sapling":2,"minecraft:rotten_flesh":18,"universal_graves:grave_compass":3,"minecraft:clay_ball":16,"minecraft:oak_planks":1,"minecraft:diamond_shovel":1,"sophisticatedbackpacks:backpack":2,"minecraft:carrot":56,"minecraft:diamond_sword":2,"supplementaries:flax_seeds":7,"supplementaries:ash":13,"minecraft:gunpowder":1,"minecraft:spruce_planks":6,"minecraft:andesite":38,"minecraft:azalea":1,"ecologics:coconut_husk":6,"minecraft:oak_sapling":8,"minecraft:spider_eye":1,"minecraft:diamond_boots":1,"minecraft:beef":51,"minecraft:arrow":72,"minecraft:bow":2,"minecraft:raw_gold":3,"minecraft:terracotta":1,"minecraft:egg":4}},"DataVersion":3465}