{"stats":{"minecraft:killed_by":{"creeperoverhaul:ocean_creeper":2},"minecraft:crafted":{"minecraft:crafting_table":1,"minecraft:furnace":1,"minecraft:air":0,"minecraft:iron_boots":1,"minecraft:iron_chestplate":1,"minecraft:iron_ingot":9,"minecraft:iron_pickaxe":1,"minecraft:acacia_planks":16,"minecraft:torch":4},"minecraft:killed":{"minecraft:spider":1,"minecraft:squid":1,"minecraft:pufferfish":1,"minecraft:skeleton":2,"minecraft:zombie":10,"minecraft:drowned":2},"minecraft:mined":{"gravestones:gravestone":3,"minecraft:cut_sandstone":1,"minecraft:stone_pressure_plate":1,"minecraft:orange_terracotta":2,"minecraft:crafting_table":2,"minecraft:torch":5,"minecraft:acacia_log":4,"minecraft:blast_furnace":1,"minecraft:decorated_pot":2,"minecraft:tall_grass":2,"minecraft:cobblestone":1,"minecraft:quartz_bricks":19,"minecraft:sandstone":9,"minecraft:wall_torch":12,"minecraft:skeleton_skull":1,"supplementaries:urn":9,"minecraft:hay_block":32,"minecraft:seagrass":1,"minecraft:furnace":1,"minecraft:iron_ore":12,"minecraft:gray_bed":9,"minecraft:grass":9,"minecraft:coal_ore":50,"minecraft:sand":172,"minecraft:stone":9,"minecraft:oak_leaves":4,"minecraft:fern":1},"minecraft:picked_up":{"minecraft:crafting_table":2,"artifacts:digging_claws":1,"minecraft:burn_pottery_sherd":1,"minecraft:salmon":1,"naturalist:teddy_bear":1,"minecraft:cut_sandstone":1,"artifacts:superstitious_hat":1,"croptopia:calamari":2,"minecraft:danger_pottery_sherd":1,"artifacts:flippers":1,"minecraft:orange_terracotta":2,"minecraft:pufferfish":1,"minecraft:bone":11,"minecraft:iron_shovel":1,"minecraft:wheat_seeds":2,"minecraft:bucket":2,"minecraft:iron_ingot":1,"immersive_melodies:trumpet":1,"minecraft:iron_nugget":11,"minecraft:gray_bed":9,"minecraft:acacia_sapling":2,"minecraft:egg":1,"minecraft:furnace":1,"minecraft:stick":2,"minecraft:raw_iron":12,"minecraft:sandstone":9,"minecraft:bowl":2,"minecraft:torch":34,"minecraft:acacia_log":4,"sophisticatedbackpacks:backpack":1,"minecraft:sand":133,"minecraft:skull_pottery_sherd":1,"minecraft:prize_pottery_sherd":1,"minecraft:blast_furnace":1,"minecraft:stone_pressure_plate":1,"minecraft:quartz_bricks":19,"minecraft:arrow":3,"minecraft:cactus":1,"minecraft:rotten_flesh":29,"minecraft:decorated_pot":1,"minecraft:hay_block":31,"minecraft:painting":1,"minecraft:cod":1,"minecraft:baked_potato":30,"supplementaries:ash":21,"gravestones:gravestone":5,"minecraft:skeleton_skull":1,"minecraft:coal":49,"minecraft:cobblestone":9,"minecraft:diamond_pickaxe":1},"minecraft:used":{"minecraft:quartz_bricks":21,"basicweapons:iron_dagger":34,"minecraft:baked_potato":38,"minecraft:andesite_slab":3,"minecraft:decorated_pot":1,"minecraft:shield":16,"minecraft:sandstone":9,"minecraft:iron_chestplate":1,"minecraft:torch":17,"minecraft:crafting_table":2,"minecraft:mushroom_stew":2,"minecraft:painting":1,"minecraft:cake":1,"minecraft:diamond_pickaxe":1,"minecraft:diamond_shovel":77,"gravestones:gravestone":3,"minecraft:iron_pickaxe":104,"minecraft:iron_helmet":1,"minecraft:leather_helmet":1,"minecraft:iron_boots":1,"minecraft:diamond_sword":16,"basicweapons:iron_club":50,"minecraft:furnace":1,"minecraft:gray_bed":8,"minecraft:orange_terracotta":1},"minecraft:dropped":{"minecraft:iron_ingot":1,"minecraft:prize_pottery_sherd":1,"minecraft:blackstone":1,"minecraft:wheat_seeds":1,"minecraft:baked_potato":30,"immersive_melodies:trumpet":1,"minecraft:bowl":3,"minecraft:andesite_slab":1,"naturalist:teddy_bear":2,"minecraft:cobblestone":1,"minecraft:rotten_flesh":29,"sophisticatedbackpacks:backpack":3,"minecraft:burn_pottery_sherd":1,"supplementaries:ash":8,"minecraft:diamond_pickaxe":1,"minecraft:leather_boots":1,"minecraft:acacia_sapling":2,"basicweapons:iron_club":1,"minecraft:sand":70,"minecraft:cactus":1,"croptopia:calamari":2,"minecraft:bucket":2,"minecraft:danger_pottery_sherd":1,"minecraft:skull_pottery_sherd":1,"minecraft:bone":3},"minecraft:custom":{"minecraft:interact_with_furnace":11,"lootr:looted_stat":71,"minecraft:mob_kills":20,"minecraft:interact_with_crafting_table":8,"minecraft:eat_cake_slice":1,"minecraft:leave_game":8,"minecraft:time_since_death":2741,"minecraft:sleep_in_bed":6,"minecraft:climb_one_cm":1577,"minecraft:time_since_rest":2766,"minecraft:sprint_one_cm":438455,"minecraft:damage_taken":2220,"minecraft:walk_one_cm":257810,"minecraft:damage_blocked_by_shield":540,"minecraft:drop":38,"minecraft:damage_dealt":3900,"minecraft:swim_one_cm":80764,"minecraft:fly_one_cm":797369,"minecraft:open_chest":1,"minecraft:deaths":2,"minecraft:crouch_one_cm":8466,"minecraft:play_time":181624,"minecraft:sneak_time":3093,"minecraft:walk_under_water_one_cm":37951,"minecraft:jump":1919,"minecraft:interact_with_blast_furnace":1,"minecraft:walk_on_water_one_cm":16828,"minecraft:total_world_time":181624,"minecraft:fall_one_cm":45669}},"DataVersion":3465}