{"stats":{"minecraft:killed":{"minecraft:zombie":1,"minecraft:cow":3},"minecraft:custom":{"lootr:looted_stat":26,"minecraft:interact_with_furnace":3,"minecraft:mob_kills":4,"minecraft:interact_with_crafting_table":1,"minecraft:leave_game":1,"minecraft:time_since_death":62271,"minecraft:sleep_in_bed":2,"minecraft:climb_one_cm":2495,"minecraft:time_since_rest":20518,"minecraft:sprint_one_cm":163230,"minecraft:damage_taken":383,"minecraft:walk_one_cm":66269,"minecraft:drop":54,"minecraft:damage_dealt":413,"minecraft:swim_one_cm":15439,"minecraft:talked_to_villager":1,"minecraft:fly_one_cm":234627,"minecraft:open_chest":8,"minecraft:crouch_one_cm":1689,"minecraft:play_time":62271,"minecraft:sneak_time":242,"minecraft:walk_under_water_one_cm":2816,"minecraft:interact_with_brewingstand":3,"minecraft:jump":796,"minecraft:walk_on_water_one_cm":2312,"minecraft:total_world_time":62271,"minecraft:fall_one_cm":23758},"minecraft:dropped":{"minecraft:water_bucket":2,"minecraft:stone_axe":2,"minecraft:stone_sword":2,"artifacts:aqua_dashers":2,"ecologics:coconut_slice":1,"sophisticatedbackpacks:backpack":4,"minecraft:coal":20,"minecraft:leather_helmet":2,"minecraft:golden_apple":79,"minecraft:leather_chestplate":2,"artifacts:umbrella":1,"minecraft:torch":16,"hamsters:hamster":1,"minecraft:leather_boots":2,"minecraft:oak_boat":2,"minecraft:leather_leggings":2,"artifacts:onion_ring":1,"minecraft:arrow":64,"minecraft:bow":3,"minecraft:stone_pickaxe":2,"croptopia:buttered_toast":160,"artifacts:bunny_hoppers":1,"artifacts:digging_claws":1},"minecraft:used":{"minecraft:leather_leggings":1,"minecraft:stone_sword":37,"minecraft:stone_pickaxe":4,"minecraft:spruce_slab":2,"croptopia:buttered_toast":6,"minecraft:chest":1,"minecraft:leather_chestplate":1,"minecraft:leather_boots":1,"minecraft:brewing_stand":2,"minecraft:painting":1,"minecraft:leather_helmet":1,"minecraft:stone_axe":92,"ecologics:coconut_slice":1,"minecraft:purple_bed":2},"minecraft:picked_up":{"minecraft:crafting_table":1,"minecraft:leather":2,"minecraft:potion":2,"minecraft:oak_log":69,"minecraft:brewing_stand":2,"minecraft:string":20,"minecraft:apple":1,"minecraft:bow":1,"minecraft:wheat_seeds":1,"artifacts:aqua_dashers":1,"minecraft:beef":6,"minecraft:spruce_slab":2,"minecraft:chest":1,"minecraft:furnace":1,"minecraft:stick":10,"minecraft:raw_iron":6,"ecologics:coconut_slice":2,"sophisticatedbackpacks:backpack":1,"minecraft:spruce_log":8,"minecraft:purple_bed":3,"minecraft:rotten_flesh":2,"croptopia:buttered_toast":96,"minecraft:hay_block":12,"minecraft:painting":3,"minecraft:golden_apple":69,"minecraft:oak_sapling":12},"minecraft:mined":{"lootr:lootr_chest":1,"minecraft:brewing_stand":2,"minecraft:crafting_table":1,"minecraft:hay_block":12,"minecraft:purple_bed":3,"minecraft:furnace":1,"minecraft:iron_ore":6,"minecraft:spruce_log":8,"minecraft:grass":4,"minecraft:oak_log":69,"minecraft:cobweb":20,"minecraft:spruce_slab":1},"minecraft:crafted":{"minecraft:oak_planks":20,"croptopia:toast":4,"minecraft:air":0}},"DataVersion":3465}