{"stats":{"minecraft:killed":{"naturalist:boar":1,"minecraft:skeleton":3},"minecraft:picked_up":{"minecraft:crafting_table":1,"minecraft:lead":5,"paraglider:spirit_orb":4,"minecraft:flint":5,"minecraft:oak_log":8,"minecraft:cobbled_deepslate_stairs":1,"minecraft:dirt":6,"minecraft:soul_soil":1,"minecraft:bone":2,"minecraft:apple":2,"minecraft:bow":1,"minecraft:cobbled_deepslate":1,"minecraft:gray_bed":2,"minecraft:birch_sapling":1,"minecraft:egg":3,"minecraft:stick":1,"ecologics:coconut_slice":2,"minecraft:oak_fence":3,"minecraft:porkchop":2,"minecraft:spruce_sapling":2,"minecraft:spruce_log":8,"naturalist:duck_egg":1,"minecraft:mossy_cobblestone":1,"minecraft:arrow":2,"croptopia:orange":11,"minecraft:hay_block":22,"minecraft:saddle":2,"minecraft:oak_sapling":4,"minecraft:iron_bars":2},"minecraft:crafted":{"minecraft:oak_planks":8,"minecraft:oak_fence":3},"minecraft:used":{"minecraft:oak_fence":3,"minecraft:shield":2,"minecraft:diamond_axe":21,"naturalist:duck_egg":1,"minecraft:dirt":6,"immersive_armors:warrior_helmet":1,"minecraft:diamond_pickaxe":8,"minecraft:apple":1,"minecraft:spruce_sapling":2,"ecologics:coconut_slice":2,"croptopia:toast":5,"minecraft:diamond_sword":14,"minecraft:hay_block":11,"minecraft:goat_horn":2,"minecraft:gray_bed":2},"minecraft:dropped":{"minecraft:bread":50,"minecraft:soul_soil":1,"minecraft:cobbled_deepslate_stairs":1,"minecraft:cobbled_deepslate":1,"minecraft:mossy_cobblestone":1,"minecraft:birch_sapling":1,"minecraft:oak_fence":2,"croptopia:orange":11,"minecraft:apple":1,"sophisticatedbackpacks:backpack":1,"minecraft:saddle":3,"minecraft:flint":5,"minecraft:gray_bed":1,"ecologics:coconut_husk":2,"minecraft:oak_sapling":4,"artifacts:digging_claws":1,"minecraft:egg":3},"minecraft:mined":{"minecraft:mossy_cobblestone":1,"minecraft:cobbled_deepslate_stairs":1,"minecraft:oak_fence":3,"minecraft:crafting_table":1,"minecraft:grass_block":5,"minecraft:soul_soil":1,"minecraft:spruce_leaves":6,"minecraft:spawner":2,"minecraft:hay_block":22,"minecraft:tall_seagrass":1,"minecraft:gray_bed":2,"minecraft:spruce_log":8,"minecraft:birch_leaves":10,"minecraft:grass":1,"minecraft:oak_log":8,"minecraft:iron_bars":2,"minecraft:dirt":1,"minecraft:oak_leaves":3,"minecraft:deepslate":1},"minecraft:custom":{"lootr:looted_stat":11,"minecraft:mob_kills":5,"minecraft:animals_bred":1,"minecraft:interact_with_crafting_table":3,"minecraft:leave_game":3,"minecraft:time_since_death":79654,"minecraft:sleep_in_bed":2,"minecraft:time_since_rest":7281,"minecraft:sprint_one_cm":99208,"minecraft:damage_taken":364,"minecraft:walk_one_cm":69863,"minecraft:damage_blocked_by_shield":80,"minecraft:drop":22,"minecraft:damage_dealt":764,"minecraft:swim_one_cm":35237,"minecraft:fly_one_cm":178552,"minecraft:open_chest":6,"minecraft:crouch_one_cm":1131,"minecraft:play_time":79654,"minecraft:sneak_time":431,"minecraft:walk_under_water_one_cm":899,"minecraft:jump":544,"minecraft:walk_on_water_one_cm":14039,"minecraft:total_world_time":79654,"minecraft:fall_one_cm":12949,"minecraft:horse_one_cm":271475}},"DataVersion":3465}