{"stats":{"minecraft:dropped":{"minecraft:bread":50,"minecraft:wheat_seeds":13,"minecraft:cobbled_deepslate_stairs":1,"minecraft:oak_log":3,"minecraft:glow_ink_sac":1,"minecraft:mossy_cobblestone":1,"minecraft:oak_fence":2,"croptopia:orange":11,"minecraft:apple":1,"minecraft:saddle":3,"minecraft:rail":3,"minecraft:flint":5,"minecraft:dirt":42,"minecraft:torch":21,"minecraft:gray_bed":1,"minecraft:iron_pickaxe":1,"minecraft:string":1,"artifacts:digging_claws":1,"croptopia:glowing_calamari":1,"minecraft:blackstone":16,"minecraft:soul_soil":1,"minecraft:iron_nugget":56,"minecraft:coarse_dirt":9,"minecraft:cobbled_deepslate":18,"minecraft:birch_sapling":1,"minecraft:rotten_flesh":11,"minecraft:oak_planks":1,"minecraft:diamond_shovel":1,"sophisticatedbackpacks:backpack":1,"minecraft:diamond_sword":2,"supplementaries:flax_seeds":7,"supplementaries:ash":13,"minecraft:andesite":8,"ecologics:coconut_husk":2,"minecraft:oak_sapling":6,"minecraft:diamond_boots":1,"minecraft:arrow":4,"minecraft:bow":2,"minecraft:raw_gold":3,"minecraft:egg":4},"minecraft:picked_up":{"minecraft:coarse_dirt":9,"minecraft:crafting_table":1,"minecraft:diamond_sword":2,"minecraft:lead":7,"minecraft:string":12,"minecraft:soul_soil":1,"minecraft:zombie_head":1,"minecraft:blackstone":23,"minecraft:cobbled_deepslate":33,"minecraft:iron_nugget":56,"minecraft:birch_sapling":1,"minecraft:egg":4,"minecraft:sandstone":2,"minecraft:raw_iron":6,"minecraft:stick":4,"ecologics:coconut_slice":2,"minecraft:oak_fence":4,"minecraft:torch":53,"minecraft:porkchop":2,"minecraft:dark_oak_planks":2,"minecraft:arrow":12,"minecraft:rotten_flesh":11,"minecraft:hay_block":33,"supplementaries:antique_ink":5,"minecraft:saddle":2,"supplementaries:ash":29,"minecraft:iron_bars":2,"minecraft:rail":49,"minecraft:cobblestone":5,"minecraft:glow_ink_sac":1,"minecraft:andesite":52,"croptopia:glowing_calamari":1,"minecraft:red_mushroom":1,"paraglider:spirit_orb":4,"minecraft:flint":5,"minecraft:oak_log":21,"supplementaries:flax_seeds":7,"minecraft:cobbled_deepslate_stairs":1,"minecraft:dirt":189,"minecraft:lantern":2,"minecraft:bone":32,"minecraft:apple":2,"minecraft:bow":3,"minecraft:wheat_seeds":13,"minecraft:raw_gold":3,"minecraft:gray_bed":8,"minecraft:oak_planks":1,"minecraft:dark_oak_stairs":3,"minecraft:black_candle":1,"minecraft:amethyst_shard":26,"minecraft:stripped_spruce_log":2,"minecraft:spruce_sapling":2,"minecraft:spruce_log":8,"naturalist:duck_egg":1,"minecraft:mossy_cobblestone":8,"minecraft:bundle":1,"minecraft:diamond_shovel":1,"minecraft:diamond":6,"croptopia:orange":11,"minecraft:emerald":25,"minecraft:oak_sapling":6,"minecraft:coal":8},"minecraft:crafted":{"minecraft:oak_planks":20,"minecraft:chest":1,"minecraft:oak_fence":3,"sophisticatedbackpacks:backpack":1},"minecraft:used":{"minecraft:oak_fence":4,"minecraft:shield":29,"minecraft:torch":1,"minecraft:dirt":147,"immersive_armors:warrior_helmet":1,"minecraft:carrot":6,"minecraft:stripped_spruce_log":2,"minecraft:lantern":2,"minecraft:bow":4,"minecraft:hay_block":11,"minecraft:goat_horn":4,"minecraft:gray_bed":10,"minecraft:cobbled_deepslate":12,"minecraft:dark_oak_stairs":1,"minecraft:water_bucket":32,"minecraft:lead":1,"minecraft:blackstone":7,"minecraft:sandstone":2,"minecraft:diamond_axe":34,"naturalist:duck_egg":1,"minecraft:crafting_table":1,"minecraft:red_mushroom":1,"minecraft:diamond_pickaxe":111,"minecraft:apple":1,"minecraft:diamond_shovel":182,"minecraft:spruce_sapling":2,"ecologics:coconut_slice":2,"croptopia:toast":34,"minecraft:diamond_sword":193,"basicweapons:iron_hammer":1,"minecraft:bucket":32,"minecraft:black_candle":1,"minecraft:pumpkin_pie":1,"minecraft:experience_bottle":3},"minecraft:custom":{"minecraft:interact_with_smithing_table":1,"lootr:looted_stat":74,"minecraft:mob_kills":32,"minecraft:animals_bred":1,"minecraft:interact_with_crafting_table":4,"minecraft:eat_cake_slice":4,"minecraft:leave_game":4,"minecraft:time_since_death":237719,"minecraft:climb_one_cm":1164,"minecraft:sprint_one_cm":734773,"minecraft:walk_one_cm":345295,"minecraft:damage_blocked_by_shield":2590,"minecraft:drop":83,"minecraft:play_time":237719,"minecraft:sneak_time":5069,"minecraft:walk_under_water_one_cm":21848,"minecraft:jump":3451,"minecraft:walk_on_water_one_cm":28331,"minecraft:total_world_time":237719,"minecraft:sleep_in_bed":9,"minecraft:time_since_rest":0,"minecraft:damage_taken":2097,"minecraft:damage_dealt":5611,"minecraft:swim_one_cm":73922,"minecraft:fly_one_cm":850504,"minecraft:open_chest":6,"minecraft:crouch_one_cm":20912,"minecraft:fall_one_cm":89960,"minecraft:horse_one_cm":1235140},"minecraft:killed":{"minecraft:cave_spider":2,"naturalist:boar":1,"minecraft:skeleton":10,"minecraft:zombie_villager":1,"minecraft:creeper":1,"minecraft:pillager":3,"minecraft:zombie":7,"minecraft:enderman":2},"minecraft:mined":{"minecraft:diamond_ore":2,"minecraft:mossy_cobblestone":8,"minecraft:deepslate_diamond_ore":2,"minecraft:cobbled_deepslate_stairs":1,"minecraft:glow_lichen":1,"minecraft:grass_block":119,"minecraft:decorated_pot":1,"minecraft:soul_soil":1,"minecraft:spruce_leaves":27,"minecraft:red_mushroom":1,"minecraft:sandstone":2,"minecraft:spawner":2,"minecraft:large_fern":3,"minecraft:hay_block":33,"minecraft:tall_seagrass":1,"minecraft:iron_ore":7,"minecraft:fire":4,"minecraft:andesite":46,"minecraft:stripped_spruce_log":2,"minecraft:dark_oak_stairs":1,"minecraft:vine":1,"minecraft:rail":46,"minecraft:iron_bars":2,"minecraft:stone":1,"ecologics:pot":1,"minecraft:blackstone":25,"minecraft:oak_fence":3,"minecraft:crafting_table":1,"minecraft:white_stained_glass_pane":1,"minecraft:tall_grass":11,"minecraft:cobblestone":4,"minecraft:deepslate_coal_ore":7,"minecraft:wall_torch":1,"supplementaries:urn":50,"minecraft:coarse_dirt":9,"minecraft:gray_bed":8,"minecraft:spruce_log":8,"minecraft:birch_leaves":10,"minecraft:grass":26,"minecraft:oak_log":20,"minecraft:coal_ore":1,"minecraft:dirt":77,"minecraft:cobweb":12,"minecraft:oak_leaves":3,"minecraft:deepslate":28,"minecraft:fern":2}},"DataVersion":3465}