{"stats":{"minecraft:custom":{"minecraft:jump":233,"minecraft:time_since_rest":35939,"minecraft:walk_on_water_one_cm":24,"minecraft:crouch_one_cm":352,"lootr:looted_stat":4,"minecraft:sprint_one_cm":38053,"minecraft:leave_game":1,"minecraft:play_time":35939,"minecraft:damage_taken":20,"minecraft:time_since_death":35939,"minecraft:walk_one_cm":31053,"minecraft:sneak_time":205,"minecraft:walk_under_water_one_cm":1810,"minecraft:total_world_time":35939,"minecraft:drop":3,"minecraft:fall_one_cm":2935,"minecraft:fly_one_cm":147800},"minecraft:used":{"minecraft:andesite_slab":3,"minecraft:gray_bed":1},"minecraft:mined":{"minecraft:gray_bed":2},"minecraft:dropped":{"minecraft:andesite_slab":1,"naturalist:teddy_bear":2},"minecraft:picked_up":{"naturalist:teddy_bear":1,"minecraft:gray_bed":2}},"DataVersion":3465}