{"stats":{"minecraft:custom":{"minecraft:time_since_rest":71939,"minecraft:crouch_one_cm":417,"minecraft:play_time":71939,"lootr:looted_stat":17,"minecraft:sprint_one_cm":66644,"minecraft:damage_taken":20,"minecraft:walk_one_cm":66253,"minecraft:sneak_time":611,"minecraft:walk_under_water_one_cm":1810,"minecraft:drop":8,"minecraft:jump":343,"minecraft:eat_cake_slice":1,"minecraft:leave_game":1,"minecraft:time_since_death":71939,"minecraft:walk_on_water_one_cm":88,"minecraft:total_world_time":71939,"minecraft:fall_one_cm":2935,"minecraft:fly_one_cm":427148},"minecraft:used":{"minecraft:quartz_bricks":2,"minecraft:gray_bed":1,"minecraft:andesite_slab":3,"minecraft:leather_helmet":1,"minecraft:cake":1},"minecraft:mined":{"minecraft:gray_bed":2},"minecraft:dropped":{"sophisticatedbackpacks:backpack":3,"immersive_melodies:trumpet":1,"minecraft:andesite_slab":1,"naturalist:teddy_bear":2,"minecraft:acacia_sapling":1},"minecraft:picked_up":{"naturalist:teddy_bear":1,"immersive_melodies:trumpet":1,"minecraft:gray_bed":2,"minecraft:acacia_sapling":1}},"DataVersion":3465}