{"stats":{"minecraft:custom":{"minecraft:jump":4,"minecraft:time_since_rest":8271,"lootr:looted_stat":1,"minecraft:crouch_one_cm":142,"minecraft:leave_game":1,"minecraft:play_time":8271,"minecraft:sprint_one_cm":1112,"minecraft:time_since_death":8271,"minecraft:walk_one_cm":956,"minecraft:sneak_time":27,"minecraft:total_world_time":8271,"minecraft:drop":1,"minecraft:fly_one_cm":6472},"minecraft:dropped":{"minecraft:golden_apple":5},"minecraft:used":{"minecraft:leather_helmet":1,"minecraft:leather_chestplate":1,"minecraft:leather_leggings":1,"minecraft:leather_boots":1},"minecraft:picked_up":{"minecraft:golden_apple":5}},"DataVersion":3465}