{"stats":{"minecraft:custom":{"minecraft:time_since_rest":47939,"minecraft:crouch_one_cm":411,"minecraft:play_time":47939,"lootr:looted_stat":4,"minecraft:sprint_one_cm":44242,"minecraft:damage_taken":20,"minecraft:walk_one_cm":37398,"minecraft:sneak_time":439,"minecraft:walk_under_water_one_cm":1810,"minecraft:drop":4,"minecraft:jump":281,"minecraft:leave_game":1,"minecraft:time_since_death":47939,"minecraft:walk_on_water_one_cm":24,"minecraft:total_world_time":47939,"minecraft:fall_one_cm":2935,"minecraft:fly_one_cm":189000},"minecraft:used":{"minecraft:gray_bed":1,"minecraft:andesite_slab":3},"minecraft:mined":{"minecraft:gray_bed":2},"minecraft:dropped":{"immersive_melodies:trumpet":1,"minecraft:andesite_slab":1,"naturalist:teddy_bear":2},"minecraft:picked_up":{"naturalist:teddy_bear":1,"immersive_melodies:trumpet":1,"minecraft:gray_bed":2}},"DataVersion":3465}