{"stats":{"minecraft:killed":{"naturalist:boar":1,"minecraft:skeleton":3},"minecraft:picked_up":{"minecraft:coarse_dirt":9,"minecraft:crafting_table":1,"minecraft:lead":5,"paraglider:spirit_orb":4,"minecraft:flint":5,"minecraft:oak_log":21,"minecraft:cobbled_deepslate_stairs":1,"minecraft:dirt":181,"minecraft:lantern":1,"minecraft:soul_soil":1,"minecraft:bone":2,"minecraft:apple":2,"minecraft:bow":1,"minecraft:wheat_seeds":9,"minecraft:cobbled_deepslate":1,"minecraft:gray_bed":5,"minecraft:birch_sapling":1,"minecraft:egg":3,"minecraft:stick":2,"minecraft:black_candle":1,"ecologics:coconut_slice":2,"minecraft:oak_fence":3,"minecraft:porkchop":2,"minecraft:spruce_sapling":2,"minecraft:spruce_log":8,"naturalist:duck_egg":1,"minecraft:mossy_cobblestone":1,"minecraft:diamond_shovel":1,"minecraft:arrow":2,"croptopia:orange":11,"minecraft:hay_block":33,"minecraft:saddle":2,"minecraft:oak_sapling":6,"minecraft:iron_bars":2},"minecraft:crafted":{"minecraft:oak_planks":20,"minecraft:oak_fence":3},"minecraft:used":{"minecraft:oak_fence":3,"minecraft:water_bucket":32,"minecraft:shield":2,"minecraft:diamond_axe":34,"naturalist:duck_egg":1,"minecraft:dirt":78,"immersive_armors:warrior_helmet":1,"minecraft:diamond_pickaxe":8,"minecraft:apple":1,"minecraft:diamond_shovel":182,"minecraft:lantern":1,"minecraft:spruce_sapling":2,"ecologics:coconut_slice":2,"croptopia:toast":9,"minecraft:diamond_sword":15,"minecraft:hay_block":11,"minecraft:goat_horn":2,"minecraft:gray_bed":5,"minecraft:bucket":32,"minecraft:black_candle":1},"minecraft:dropped":{"minecraft:bread":50,"minecraft:soul_soil":1,"minecraft:wheat_seeds":9,"minecraft:cobbled_deepslate_stairs":1,"minecraft:oak_log":3,"minecraft:coarse_dirt":9,"minecraft:cobbled_deepslate":1,"minecraft:mossy_cobblestone":1,"minecraft:birch_sapling":1,"minecraft:oak_fence":2,"croptopia:orange":11,"minecraft:diamond_shovel":1,"minecraft:apple":1,"sophisticatedbackpacks:backpack":1,"minecraft:saddle":3,"minecraft:flint":5,"minecraft:dirt":39,"minecraft:gray_bed":1,"ecologics:coconut_husk":2,"minecraft:oak_sapling":6,"minecraft:diamond_boots":1,"artifacts:digging_claws":1,"minecraft:egg":3},"minecraft:mined":{"minecraft:mossy_cobblestone":1,"minecraft:cobbled_deepslate_stairs":1,"minecraft:oak_fence":3,"minecraft:crafting_table":1,"minecraft:grass_block":119,"minecraft:white_stained_glass_pane":1,"minecraft:soul_soil":1,"minecraft:tall_grass":1,"minecraft:spruce_leaves":6,"minecraft:spawner":2,"minecraft:hay_block":33,"minecraft:tall_seagrass":1,"minecraft:coarse_dirt":9,"minecraft:gray_bed":5,"minecraft:spruce_log":8,"minecraft:birch_leaves":10,"minecraft:grass":5,"minecraft:oak_log":20,"minecraft:vine":1,"minecraft:iron_bars":2,"minecraft:dirt":72,"minecraft:oak_leaves":3,"minecraft:deepslate":1},"minecraft:custom":{"minecraft:interact_with_smithing_table":1,"lootr:looted_stat":37,"minecraft:mob_kills":5,"minecraft:animals_bred":1,"minecraft:interact_with_crafting_table":3,"minecraft:eat_cake_slice":4,"minecraft:leave_game":3,"minecraft:time_since_death":115654,"minecraft:sleep_in_bed":5,"minecraft:climb_one_cm":947,"minecraft:time_since_rest":3958,"minecraft:sprint_one_cm":255031,"minecraft:damage_taken":384,"minecraft:walk_one_cm":128913,"minecraft:damage_blocked_by_shield":80,"minecraft:drop":33,"minecraft:damage_dealt":764,"minecraft:swim_one_cm":39485,"minecraft:fly_one_cm":390608,"minecraft:open_chest":6,"minecraft:crouch_one_cm":8796,"minecraft:play_time":115654,"minecraft:sneak_time":1940,"minecraft:walk_under_water_one_cm":17112,"minecraft:jump":1392,"minecraft:walk_on_water_one_cm":18713,"minecraft:total_world_time":115654,"minecraft:fall_one_cm":34023,"minecraft:horse_one_cm":271475}},"DataVersion":3465}