{"stats":{"minecraft:used":{"minecraft:quartz_bricks":2,"basicweapons:iron_dagger":34,"minecraft:baked_potato":28,"minecraft:andesite_slab":3,"minecraft:decorated_pot":1,"minecraft:shield":13,"minecraft:sandstone":9,"minecraft:iron_chestplate":1,"minecraft:torch":7,"minecraft:crafting_table":2,"minecraft:cake":1,"minecraft:iron_pickaxe":84,"minecraft:leather_helmet":1,"minecraft:iron_helmet":1,"minecraft:iron_boots":1,"basicweapons:iron_club":45,"minecraft:furnace":1,"minecraft:gray_bed":7,"minecraft:orange_terracotta":1},"minecraft:killed":{"minecraft:spider":1,"minecraft:squid":1,"minecraft:skeleton":2,"minecraft:zombie":8},"minecraft:custom":{"minecraft:interact_with_furnace":11,"lootr:looted_stat":43,"minecraft:mob_kills":15,"minecraft:interact_with_crafting_table":8,"minecraft:eat_cake_slice":1,"minecraft:leave_game":4,"minecraft:time_since_death":134214,"minecraft:sleep_in_bed":4,"minecraft:climb_one_cm":659,"minecraft:time_since_rest":8005,"minecraft:sprint_one_cm":301676,"minecraft:damage_taken":1321,"minecraft:walk_one_cm":172479,"minecraft:damage_blocked_by_shield":430,"minecraft:drop":27,"minecraft:damage_dealt":2955,"minecraft:swim_one_cm":23374,"minecraft:fly_one_cm":698171,"minecraft:crouch_one_cm":7566,"minecraft:play_time":134214,"minecraft:sneak_time":2706,"minecraft:walk_under_water_one_cm":9082,"minecraft:jump":1468,"minecraft:interact_with_blast_furnace":1,"minecraft:walk_on_water_one_cm":7693,"minecraft:total_world_time":134214,"minecraft:fall_one_cm":36421},"minecraft:mined":{"minecraft:cut_sandstone":1,"minecraft:stone_pressure_plate":1,"minecraft:orange_terracotta":2,"minecraft:crafting_table":2,"minecraft:torch":4,"minecraft:acacia_log":4,"minecraft:blast_furnace":1,"minecraft:decorated_pot":2,"minecraft:sandstone":9,"minecraft:wall_torch":3,"supplementaries:urn":8,"minecraft:seagrass":1,"minecraft:hay_block":32,"minecraft:furnace":1,"minecraft:iron_ore":11,"minecraft:gray_bed":8,"minecraft:grass":8,"minecraft:coal_ore":46,"minecraft:sand":3,"minecraft:stone":9,"minecraft:fern":1},"minecraft:dropped":{"minecraft:iron_ingot":1,"minecraft:prize_pottery_sherd":1,"minecraft:wheat_seeds":1,"immersive_melodies:trumpet":1,"minecraft:andesite_slab":1,"naturalist:teddy_bear":2,"minecraft:cobblestone":1,"minecraft:rotten_flesh":29,"sophisticatedbackpacks:backpack":3,"minecraft:burn_pottery_sherd":1,"minecraft:leather_boots":1,"minecraft:acacia_sapling":2,"minecraft:sand":6,"minecraft:cactus":1,"croptopia:calamari":2,"minecraft:skull_pottery_sherd":1,"minecraft:danger_pottery_sherd":1,"minecraft:bone":3},"minecraft:crafted":{"minecraft:crafting_table":1,"minecraft:furnace":1,"minecraft:air":0,"minecraft:iron_boots":1,"minecraft:iron_chestplate":1,"minecraft:iron_ingot":9,"minecraft:iron_pickaxe":1,"minecraft:acacia_planks":16,"minecraft:torch":4},"minecraft:picked_up":{"minecraft:crafting_table":2,"minecraft:burn_pottery_sherd":1,"naturalist:teddy_bear":1,"minecraft:cut_sandstone":1,"croptopia:calamari":2,"minecraft:danger_pottery_sherd":1,"minecraft:orange_terracotta":2,"minecraft:iron_shovel":1,"minecraft:bone":11,"minecraft:wheat_seeds":2,"minecraft:iron_ingot":1,"immersive_melodies:trumpet":1,"minecraft:iron_nugget":11,"minecraft:gray_bed":8,"minecraft:acacia_sapling":2,"minecraft:furnace":1,"minecraft:egg":1,"minecraft:stick":2,"minecraft:raw_iron":11,"minecraft:sandstone":9,"minecraft:torch":24,"minecraft:acacia_log":4,"minecraft:sand":6,"minecraft:skull_pottery_sherd":1,"minecraft:prize_pottery_sherd":1,"minecraft:blast_furnace":1,"minecraft:stone_pressure_plate":1,"minecraft:arrow":3,"minecraft:cactus":1,"minecraft:rotten_flesh":29,"minecraft:decorated_pot":1,"minecraft:hay_block":31,"supplementaries:ash":13,"minecraft:coal":45,"minecraft:cobblestone":9}},"DataVersion":3465}