{"stats":{"minecraft:crafted":{"minecraft:crafting_table":1,"minecraft:spruce_planks":4,"minecraft:iron_helmet":1,"minecraft:iron_sword":1,"minecraft:furnace":1,"minecraft:air":0,"minecraft:iron_boots":1,"minecraft:iron_chestplate":1,"minecraft:iron_axe":1,"minecraft:iron_ingot":38,"minecraft:iron_pickaxe":1,"minecraft:iron_leggings":1,"minecraft:torch":4},"minecraft:mined":{"minecraft:dark_oak_planks":2,"minecraft:crafting_table":2,"minecraft:grass_block":2,"minecraft:copper_ore":2,"minecraft:cobblestone":5,"minecraft:spruce_leaves":2,"minecraft:wall_torch":1,"minecraft:furnace":1,"minecraft:iron_ore":42,"minecraft:acacia_wood":1,"minecraft:spruce_log":34,"minecraft:grass":4,"minecraft:oak_log":33,"minecraft:coal_ore":62,"minecraft:dirt":1,"minecraft:stone":29},"minecraft:killed_by":{"minecraft:skeleton":3,"minecraft:zombie":1},"minecraft:used":{"minecraft:stone_sword":27,"comforts:sleeping_bag_black":3,"minecraft:stone_pickaxe":115,"minecraft:oak_sign":2,"minecraft:shield":15,"lootr:lootr_chest":2,"minecraft:iron_sword":69,"minecraft:iron_chestplate":1,"minecraft:torch":5,"minecraft:dirt":22,"minecraft:crafting_table":2,"minecraft:grass_block":1,"minecraft:iron_axe":1,"minecraft:iron_pickaxe":11,"minecraft:iron_helmet":1,"minecraft:iron_boots":1,"minecraft:stone_axe":77,"croptopia:toast":16,"minecraft:cobblestone":24,"minecraft:furnace":1,"minecraft:acacia_wood":1,"minecraft:iron_leggings":1},"minecraft:dropped":{"minecraft:stone_axe":2,"minecraft:stone_sword":1,"minecraft:coal":1,"minecraft:stone_pickaxe":1},"minecraft:custom":{"lootr:looted_stat":35,"minecraft:interact_with_furnace":15,"minecraft:mob_kills":28,"minecraft:tune_noteblock":1,"minecraft:interact_with_crafting_table":13,"minecraft:leave_game":2,"minecraft:time_since_death":1008,"minecraft:sleep_in_bed":3,"minecraft:climb_one_cm":844,"minecraft:time_since_rest":1029,"minecraft:sprint_one_cm":171852,"minecraft:damage_taken":2793,"minecraft:walk_one_cm":91019,"minecraft:damage_blocked_by_shield":870,"minecraft:drop":5,"minecraft:damage_dealt":4020,"minecraft:talked_to_villager":2,"minecraft:fly_one_cm":218069,"minecraft:open_chest":2,"minecraft:crouch_one_cm":2357,"minecraft:play_time":65731,"minecraft:deaths":6,"minecraft:sneak_time":882,"minecraft:jump":860,"minecraft:walk_on_water_one_cm":42,"minecraft:total_world_time":65731,"minecraft:fall_one_cm":26147},"minecraft:killed":{"minecraft:spider":4,"minecraft:skeleton":8,"minecraft:zombie":16},"minecraft:picked_up":{"minecraft:crafting_table":2,"croptopia:peach":9,"minecraft:tripwire_hook":5,"minecraft:acacia_wood":1,"minecraft:oak_log":32,"minecraft:string":6,"minecraft:dirt":22,"minecraft:raw_copper":6,"minecraft:bone":13,"minecraft:oak_sign":2,"minecraft:apple":1,"comforts:sleeping_bag_black":3,"minecraft:wheat_seeds":1,"minecraft:furnace":1,"minecraft:raw_iron":42,"minecraft:stick":12,"minecraft:torch":2,"minecraft:spruce_sapling":8,"minecraft:spruce_log":33,"minecraft:spider_eye":1,"minecraft:dark_oak_planks":2,"minecraft:arrow":5,"minecraft:rotten_flesh":18,"minecraft:stone_axe":1,"croptopia:orange":14,"minecraft:oak_sapling":11,"minecraft:coal":61,"minecraft:cobblestone":41}},"DataVersion":3465}