{"stats":{"minecraft:killed_by":{"creeperoverhaul:ocean_creeper":2},"minecraft:crafted":{"minecraft:oak_planks":8,"minecraft:furnace":1,"croptopia:toast":72,"minecraft:iron_boots":1,"minecraft:chest":1,"sophisticatedbackpacks:backpack":1,"minecraft:crafting_table":1,"minecraft:air":0,"minecraft:iron_chestplate":1,"minecraft:iron_ingot":73,"minecraft:iron_pickaxe":1,"minecraft:acacia_planks":16,"minecraft:torch":4},"minecraft:killed":{"minecraft:spider":4,"naturalist:boar":1,"minecraft:pufferfish":1,"minecraft:skeleton":18,"minecraft:drowned":3,"minecraft:creeper":1,"minecraft:squid":1,"minecraft:pillager":4,"minecraft:zombie":22,"creeperoverhaul:ocean_creeper":1},"minecraft:picked_up":{"minecraft:crafting_table":3,"minecraft:gold_block":3,"croptopia:calamari":2,"minecraft:string":6,"minecraft:flint_and_steel":1,"minecraft:raw_copper":7,"minecraft:iron_shovel":1,"minecraft:pufferfish":1,"minecraft:blackstone":34,"minecraft:red_sand":1,"minecraft:bucket":2,"immersive_melodies:trumpet":1,"minecraft:iron_nugget":62,"minecraft:furnace":1,"minecraft:egg":1,"minecraft:stick":10,"minecraft:raw_iron":12,"minecraft:sandstone":71,"minecraft:brown_terracotta":1,"minecraft:torch":55,"minecraft:bowl":2,"minecraft:acacia_log":84,"sophisticatedbackpacks:backpack":1,"minecraft:porkchop":3,"minecraft:skull_pottery_sherd":1,"minecraft:stone_pressure_plate":1,"minecraft:arrow":26,"minecraft:cactus":1,"minecraft:rotten_flesh":41,"minecraft:decorated_pot":1,"supplementaries:antique_ink":2,"minecraft:hay_block":31,"minecraft:yellow_terracotta":1,"basicweapons:stone_dagger":1,"minecraft:white_terracotta":1,"supplementaries:ash":68,"gravestones:gravestone":5,"minecraft:obsidian":12,"minecraft:cod":1,"minecraft:skeleton_skull":1,"minecraft:cobblestone":19,"minecraft:magma_block":7,"minecraft:feather":4,"minecraft:burn_pottery_sherd":1,"artifacts:digging_claws":2,"naturalist:teddy_bear":1,"minecraft:salmon":3,"minecraft:leather":2,"minecraft:cut_sandstone":1,"minecraft:smoker":1,"minecraft:potato":2,"minecraft:tuff":1,"minecraft:oak_log":51,"artifacts:superstitious_hat":1,"supplementaries:flax_seeds":3,"minecraft:danger_pottery_sherd":1,"minecraft:dirt":30,"artifacts:flippers":1,"minecraft:white_banner":1,"minecraft:orange_terracotta":3,"minecraft:bone":54,"minecraft:acacia_planks":10,"minecraft:wheat_seeds":4,"minecraft:iron_ingot":1,"minecraft:gray_bed":15,"minecraft:acacia_sapling":15,"croptopia:turmeric":1,"minecraft:sand":134,"minecraft:prize_pottery_sherd":1,"croptopia:turmeric_seed":1,"minecraft:blast_furnace":2,"minecraft:spider_eye":2,"minecraft:quartz_bricks":19,"minecraft:light_gray_terracotta":1,"minecraft:diamond":27,"minecraft:granite":15,"minecraft:crossbow":1,"minecraft:painting":1,"minecraft:golden_apple":1,"minecraft:emerald":4,"minecraft:baked_potato":30,"minecraft:oak_sapling":3,"minecraft:netherrack":3,"minecraft:coal":84,"minecraft:diamond_pickaxe":2},"minecraft:mined":{"minecraft:yellow_terracotta":1,"minecraft:stone_pressure_plate":1,"minecraft:deepslate_diamond_ore":27,"minecraft:obsidian":13,"minecraft:red_sand":1,"minecraft:acacia_log":92,"minecraft:grass_block":31,"minecraft:decorated_pot":3,"minecraft:sandstone":61,"minecraft:hay_block":32,"minecraft:magma_block":2,"minecraft:furnace":1,"minecraft:iron_ore":13,"minecraft:fire":1,"minecraft:gold_block":3,"minecraft:stone":9,"minecraft:cut_sandstone":1,"gravestones:gravestone":3,"minecraft:blackstone":28,"minecraft:smoker":1,"minecraft:orange_terracotta":3,"minecraft:crafting_table":3,"minecraft:torch":5,"minecraft:light_gray_terracotta":1,"minecraft:blast_furnace":2,"minecraft:tall_grass":2,"minecraft:cobblestone":1,"minecraft:quartz_bricks":19,"minecraft:wall_torch":12,"supplementaries:urn":39,"minecraft:skeleton_skull":1,"minecraft:seagrass":1,"minecraft:white_terracotta":1,"minecraft:gray_bed":15,"minecraft:birch_leaves":3,"minecraft:white_wall_banner":1,"minecraft:grass":10,"croptopia:turmeric_crop":1,"minecraft:oak_log":53,"minecraft:coal_ore":52,"minecraft:sand":174,"minecraft:dirt":1,"minecraft:brown_terracotta":1,"minecraft:acacia_planks":10,"minecraft:netherrack":5,"minecraft:oak_leaves":7,"minecraft:deepslate":1,"minecraft:fern":2},"minecraft:broken":{"minecraft:shield":1},"minecraft:used":{"refurbished_furniture:red_trampoline":4,"basicweapons:iron_dagger":34,"minecraft:decorated_pot":1,"minecraft:shield":75,"refurbished_furniture:light_fridge":1,"minecraft:netherrack":1,"minecraft:iron_chestplate":1,"minecraft:torch":17,"minecraft:dirt":30,"minecraft:acacia_sapling":13,"refurbished_furniture:recycle_bin":1,"gravestones:gravestone":5,"refurbished_furniture:light_microwave":1,"minecraft:iron_helmet":1,"minecraft:iron_boots":1,"refurbished_furniture:stone_stepping_stones":3,"minecraft:magma_block":1,"minecraft:goat_horn":2,"minecraft:furnace":1,"minecraft:gray_bed":14,"minecraft:orange_terracotta":2,"minecraft:acacia_planks":10,"minecraft:quartz_bricks":21,"minecraft:water_bucket":6,"minecraft:andesite_slab":3,"minecraft:baked_potato":38,"minecraft:sandstone":11,"refurbished_furniture:oak_toilet":1,"minecraft:diamond_axe":154,"refurbished_furniture:birch_bath":2,"minecraft:sand":3,"minecraft:crafting_table":3,"refurbished_furniture:red_grill":2,"minecraft:mushroom_stew":3,"minecraft:blast_furnace":1,"refurbished_furniture:red_sofa":2,"minecraft:painting":1,"minecraft:spruce_log":1,"minecraft:cake":1,"minecraft:smoker":1,"refurbished_furniture:gray_cooler":1,"refurbished_furniture:dark_electricity_generator":1,"sophisticatedbackpacks:backpack":1,"minecraft:diamond_pickaxe":83,"minecraft:diamond_shovel":77,"minecraft:iron_pickaxe":104,"minecraft:leather_helmet":1,"refurbished_furniture:light_electricity_generator":1,"croptopia:toast":25,"minecraft:diamond_sword":171,"basicweapons:iron_club":50,"refurbished_furniture:oak_kitchen_sink":2,"minecraft:bucket":6,"refurbished_furniture:oak_chair":2,"minecraft:experience_bottle":3},"minecraft:dropped":{"minecraft:iron_ingot":37,"minecraft:bread":64,"refurbished_furniture:birch_bath":1,"minecraft:wheat_seeds":67,"croptopia:turmeric":1,"minecraft:lapis_lazuli":32,"minecraft:baked_potato":30,"immersive_melodies:trumpet":1,"naturalist:teddy_bear":2,"basicweapons:stone_dagger":1,"minecraft:yellow_terracotta":1,"minecraft:feather":8,"minecraft:cobblestone":1,"minecraft:glow_berries":3,"minecraft:leather":1,"minecraft:iron_horse_armor":2,"minecraft:burn_pottery_sherd":1,"minecraft:acacia_log":80,"minecraft:coal":64,"minecraft:golden_apple":1,"minecraft:cod":1,"minecraft:pufferfish":1,"artifacts:superstitious_hat":1,"minecraft:brown_terracotta":1,"basicweapons:iron_club":1,"minecraft:sand":70,"minecraft:iron_pickaxe":2,"croptopia:turmeric_seed":1,"minecraft:cactus":1,"minecraft:string":3,"croptopia:calamari":2,"artifacts:digging_claws":1,"minecraft:bucket":2,"minecraft:danger_pottery_sherd":1,"minecraft:skull_pottery_sherd":1,"minecraft:bone":9,"minecraft:redstone":32,"minecraft:prize_pottery_sherd":1,"minecraft:blackstone":34,"minecraft:iron_nugget":51,"minecraft:bowl":4,"minecraft:light_gray_terracotta":1,"minecraft:raw_copper":7,"minecraft:andesite_slab":1,"minecraft:tuff":1,"minecraft:rotten_flesh":41,"basicweapons:iron_dagger":1,"sophisticatedbackpacks:backpack":4,"minecraft:white_terracotta":1,"gravestones:gravestone":1,"minecraft:salmon":3,"minecraft:flint_and_steel":2,"minecraft:blast_furnace":1,"supplementaries:flax_seeds":3,"supplementaries:ash":55,"minecraft:potato":2,"minecraft:iron_chestplate":1,"minecraft:diamond_pickaxe":2,"minecraft:leather_boots":1,"minecraft:acacia_sapling":2,"minecraft:oak_sapling":3,"minecraft:spider_eye":2,"minecraft:sandstone":7,"minecraft:red_sand":1,"minecraft:magma_block":6,"minecraft:netherrack":2},"minecraft:custom":{"lootr:looted_stat":128,"minecraft:mob_kills":59,"minecraft:interact_with_crafting_table":11,"minecraft:eat_cake_slice":5,"minecraft:leave_game":9,"minecraft:time_since_death":197932,"minecraft:climb_one_cm":5138,"minecraft:sprint_one_cm":1031219,"minecraft:walk_one_cm":463111,"minecraft:damage_blocked_by_shield":3220,"minecraft:drop":187,"minecraft:talked_to_villager":3,"minecraft:play_time":376815,"minecraft:deaths":2,"minecraft:sneak_time":9256,"minecraft:walk_under_water_one_cm":64048,"minecraft:jump":4767,"minecraft:interact_with_blast_furnace":8,"minecraft:walk_on_water_one_cm":61754,"minecraft:total_world_time":376815,"minecraft:interact_with_furnace":12,"minecraft:sleep_in_bed":9,"minecraft:time_since_rest":91320,"minecraft:damage_taken":3488,"minecraft:damage_dealt":11569,"minecraft:swim_one_cm":290598,"minecraft:fly_one_cm":1498467,"minecraft:open_chest":3,"minecraft:crouch_one_cm":26291,"minecraft:interact_with_smoker":8,"minecraft:fall_one_cm":124587}},"DataVersion":3465}