{"stats":{"minecraft:killed_by":{"creeperoverhaul:ocean_creeper":2},"minecraft:crafted":{"minecraft:oak_planks":8,"minecraft:furnace":1,"croptopia:toast":72,"minecraft:iron_boots":1,"minecraft:chest":1,"sophisticatedbackpacks:backpack":1,"minecraft:crafting_table":1,"minecraft:air":0,"minecraft:iron_chestplate":1,"minecraft:iron_ingot":73,"minecraft:iron_pickaxe":1,"minecraft:acacia_planks":16,"minecraft:torch":4},"minecraft:killed":{"minecraft:spider":4,"naturalist:boar":1,"minecraft:pufferfish":1,"minecraft:skeleton":18,"minecraft:drowned":3,"minecraft:creeper":1,"minecraft:squid":1,"minecraft:pillager":4,"minecraft:zombie":22,"creeperoverhaul:ocean_creeper":1},"minecraft:picked_up":{"minecraft:crafting_table":3,"minecraft:gold_block":3,"croptopia:calamari":2,"minecraft:string":6,"minecraft:flint_and_steel":1,"minecraft:raw_copper":7,"minecraft:iron_shovel":1,"minecraft:pufferfish":1,"minecraft:blackstone":34,"minecraft:red_sand":1,"minecraft:bucket":2,"immersive_melodies:trumpet":1,"minecraft:iron_nugget":62,"minecraft:furnace":1,"minecraft:egg":1,"minecraft:stick":2,"minecraft:raw_iron":12,"minecraft:sandstone":11,"minecraft:brown_terracotta":1,"minecraft:torch":55,"minecraft:bowl":2,"minecraft:acacia_log":4,"sophisticatedbackpacks:backpack":1,"minecraft:porkchop":3,"minecraft:skull_pottery_sherd":1,"minecraft:stone_pressure_plate":1,"minecraft:arrow":26,"minecraft:cactus":1,"minecraft:rotten_flesh":41,"minecraft:decorated_pot":1,"supplementaries:antique_ink":2,"minecraft:hay_block":31,"minecraft:yellow_terracotta":1,"minecraft:white_terracotta":1,"supplementaries:ash":68,"gravestones:gravestone":5,"minecraft:obsidian":12,"minecraft:cod":1,"minecraft:skeleton_skull":1,"minecraft:cobblestone":19,"minecraft:magma_block":7,"minecraft:feather":4,"minecraft:burn_pottery_sherd":1,"artifacts:digging_claws":1,"naturalist:teddy_bear":1,"minecraft:salmon":3,"minecraft:leather":2,"minecraft:cut_sandstone":1,"minecraft:smoker":1,"minecraft:potato":2,"minecraft:tuff":1,"minecraft:oak_log":51,"artifacts:superstitious_hat":1,"supplementaries:flax_seeds":3,"minecraft:danger_pottery_sherd":1,"minecraft:dirt":30,"artifacts:flippers":1,"minecraft:white_banner":1,"minecraft:orange_terracotta":3,"minecraft:bone":54,"minecraft:acacia_planks":10,"minecraft:wheat_seeds":4,"minecraft:iron_ingot":1,"minecraft:gray_bed":15,"minecraft:acacia_sapling":2,"croptopia:turmeric":1,"minecraft:sand":133,"minecraft:prize_pottery_sherd":1,"croptopia:turmeric_seed":1,"minecraft:blast_furnace":2,"minecraft:spider_eye":2,"minecraft:quartz_bricks":19,"minecraft:light_gray_terracotta":1,"minecraft:diamond":27,"minecraft:granite":15,"minecraft:crossbow":1,"minecraft:painting":1,"minecraft:emerald":4,"minecraft:baked_potato":30,"minecraft:oak_sapling":3,"minecraft:netherrack":3,"minecraft:coal":84,"minecraft:diamond_pickaxe":2},"minecraft:mined":{"minecraft:yellow_terracotta":1,"minecraft:stone_pressure_plate":1,"minecraft:deepslate_diamond_ore":27,"minecraft:obsidian":13,"minecraft:red_sand":1,"minecraft:acacia_log":4,"minecraft:grass_block":30,"minecraft:decorated_pot":3,"minecraft:sandstone":11,"minecraft:hay_block":32,"minecraft:magma_block":2,"minecraft:furnace":1,"minecraft:iron_ore":13,"minecraft:fire":1,"minecraft:gold_block":3,"minecraft:stone":9,"minecraft:cut_sandstone":1,"gravestones:gravestone":3,"minecraft:blackstone":28,"minecraft:smoker":1,"minecraft:orange_terracotta":3,"minecraft:crafting_table":3,"minecraft:torch":5,"minecraft:light_gray_terracotta":1,"minecraft:blast_furnace":2,"minecraft:tall_grass":2,"minecraft:cobblestone":1,"minecraft:quartz_bricks":19,"minecraft:wall_torch":12,"supplementaries:urn":39,"minecraft:skeleton_skull":1,"minecraft:seagrass":1,"minecraft:white_terracotta":1,"minecraft:gray_bed":15,"minecraft:birch_leaves":3,"minecraft:white_wall_banner":1,"minecraft:grass":10,"croptopia:turmeric_crop":1,"minecraft:oak_log":53,"minecraft:coal_ore":52,"minecraft:sand":173,"minecraft:dirt":1,"minecraft:brown_terracotta":1,"minecraft:acacia_planks":10,"minecraft:netherrack":5,"minecraft:oak_leaves":7,"minecraft:deepslate":1,"minecraft:fern":2},"minecraft:broken":{"minecraft:shield":1},"minecraft:used":{"basicweapons:iron_dagger":34,"minecraft:decorated_pot":1,"minecraft:shield":75,"minecraft:netherrack":1,"minecraft:iron_chestplate":1,"minecraft:torch":17,"minecraft:dirt":30,"gravestones:gravestone":5,"minecraft:iron_helmet":1,"minecraft:iron_boots":1,"minecraft:magma_block":1,"minecraft:goat_horn":2,"minecraft:furnace":1,"minecraft:gray_bed":14,"minecraft:orange_terracotta":2,"minecraft:acacia_planks":10,"minecraft:quartz_bricks":21,"minecraft:water_bucket":6,"minecraft:andesite_slab":3,"minecraft:baked_potato":38,"minecraft:sandstone":11,"minecraft:diamond_axe":60,"minecraft:crafting_table":3,"minecraft:mushroom_stew":3,"minecraft:blast_furnace":1,"minecraft:painting":1,"minecraft:spruce_log":1,"minecraft:cake":1,"minecraft:smoker":1,"sophisticatedbackpacks:backpack":1,"minecraft:diamond_pickaxe":83,"minecraft:diamond_shovel":77,"minecraft:iron_pickaxe":104,"minecraft:leather_helmet":1,"croptopia:toast":23,"minecraft:diamond_sword":171,"basicweapons:iron_club":50,"minecraft:bucket":6,"minecraft:experience_bottle":3},"minecraft:dropped":{"minecraft:iron_ingot":37,"minecraft:bread":64,"minecraft:wheat_seeds":67,"croptopia:turmeric":1,"minecraft:lapis_lazuli":32,"minecraft:baked_potato":30,"immersive_melodies:trumpet":1,"naturalist:teddy_bear":2,"minecraft:yellow_terracotta":1,"minecraft:feather":8,"minecraft:cobblestone":1,"minecraft:glow_berries":3,"minecraft:leather":1,"minecraft:iron_horse_armor":2,"minecraft:burn_pottery_sherd":1,"minecraft:coal":64,"minecraft:cod":1,"minecraft:pufferfish":1,"artifacts:superstitious_hat":1,"minecraft:brown_terracotta":1,"basicweapons:iron_club":1,"minecraft:sand":70,"minecraft:iron_pickaxe":2,"croptopia:turmeric_seed":1,"minecraft:cactus":1,"minecraft:string":3,"croptopia:calamari":2,"minecraft:bucket":2,"minecraft:danger_pottery_sherd":1,"minecraft:skull_pottery_sherd":1,"minecraft:bone":9,"minecraft:redstone":32,"minecraft:prize_pottery_sherd":1,"minecraft:blackstone":34,"minecraft:iron_nugget":51,"minecraft:bowl":4,"minecraft:light_gray_terracotta":1,"minecraft:raw_copper":7,"minecraft:andesite_slab":1,"minecraft:tuff":1,"minecraft:rotten_flesh":41,"basicweapons:iron_dagger":1,"sophisticatedbackpacks:backpack":4,"minecraft:white_terracotta":1,"gravestones:gravestone":1,"minecraft:salmon":3,"minecraft:flint_and_steel":2,"minecraft:blast_furnace":1,"supplementaries:flax_seeds":3,"supplementaries:ash":55,"minecraft:potato":2,"minecraft:iron_chestplate":1,"minecraft:diamond_pickaxe":2,"minecraft:leather_boots":1,"minecraft:acacia_sapling":2,"minecraft:oak_sapling":3,"minecraft:spider_eye":2,"minecraft:red_sand":1,"minecraft:magma_block":6,"minecraft:netherrack":2},"minecraft:custom":{"lootr:looted_stat":128,"minecraft:mob_kills":59,"minecraft:interact_with_crafting_table":11,"minecraft:eat_cake_slice":5,"minecraft:leave_game":9,"minecraft:time_since_death":149932,"minecraft:climb_one_cm":5138,"minecraft:sprint_one_cm":933915,"minecraft:walk_one_cm":420025,"minecraft:damage_blocked_by_shield":3220,"minecraft:drop":111,"minecraft:talked_to_villager":3,"minecraft:play_time":328815,"minecraft:deaths":2,"minecraft:sneak_time":8498,"minecraft:walk_under_water_one_cm":63913,"minecraft:jump":4343,"minecraft:interact_with_blast_furnace":8,"minecraft:walk_on_water_one_cm":60642,"minecraft:total_world_time":328815,"minecraft:interact_with_furnace":12,"minecraft:sleep_in_bed":9,"minecraft:time_since_rest":43320,"minecraft:damage_taken":3478,"minecraft:damage_dealt":11569,"minecraft:swim_one_cm":283712,"minecraft:fly_one_cm":1380870,"minecraft:open_chest":1,"minecraft:crouch_one_cm":21079,"minecraft:interact_with_smoker":8,"minecraft:fall_one_cm":118520}},"DataVersion":3465}