{"stats":{"minecraft:killed":{"minecraft:skeleton":1,"minecraft:zombie":11,"minecraft:spider":3},"minecraft:crafted":{"minecraft:iron_boots":1,"minecraft:iron_chestplate":1,"minecraft:iron_axe":1,"minecraft:crafting_table":1,"minecraft:spruce_planks":4,"minecraft:iron_pickaxe":1,"minecraft:iron_helmet":1,"minecraft:iron_ingot":38,"minecraft:iron_sword":1,"minecraft:iron_leggings":1,"minecraft:furnace":1,"minecraft:torch":4,"minecraft:air":0},"minecraft:custom":{"minecraft:time_since_rest":1178,"minecraft:interact_with_furnace":14,"lootr:looted_stat":2,"minecraft:sprint_one_cm":73531,"minecraft:walk_one_cm":47056,"minecraft:damage_taken":755,"minecraft:damage_blocked_by_shield":540,"minecraft:mob_kills":15,"minecraft:drop":4,"minecraft:damage_dealt":2279,"minecraft:interact_with_crafting_table":13,"minecraft:fly_one_cm":106096,"minecraft:crouch_one_cm":2240,"minecraft:play_time":39660,"minecraft:deaths":1,"minecraft:sneak_time":771,"minecraft:jump":481,"minecraft:leave_game":1,"minecraft:time_since_death":31788,"minecraft:sleep_in_bed":2,"minecraft:total_world_time":39660,"minecraft:fall_one_cm":14267},"minecraft:mined":{"minecraft:furnace":1,"minecraft:iron_ore":38,"minecraft:spruce_log":34,"minecraft:crafting_table":2,"minecraft:grass":3,"minecraft:oak_log":33,"minecraft:coal_ore":59,"minecraft:copper_ore":2,"minecraft:cobblestone":5,"minecraft:spruce_leaves":1,"minecraft:stone":23},"minecraft:picked_up":{"minecraft:raw_iron":38,"minecraft:stick":12,"minecraft:crafting_table":2,"croptopia:peach":9,"minecraft:oak_log":32,"minecraft:spruce_sapling":8,"minecraft:spruce_log":33,"minecraft:string":4,"minecraft:raw_copper":6,"minecraft:bone":2,"minecraft:arrow":3,"minecraft:rotten_flesh":11,"minecraft:apple":1,"minecraft:stone_axe":1,"comforts:sleeping_bag_black":2,"croptopia:orange":14,"minecraft:oak_sapling":11,"minecraft:coal":59,"minecraft:cobblestone":35,"minecraft:furnace":1},"minecraft:used":{"minecraft:stone_sword":27,"minecraft:grass_block":1,"comforts:sleeping_bag_black":2,"minecraft:stone_pickaxe":115,"minecraft:iron_pickaxe":10,"minecraft:iron_helmet":1,"minecraft:shield":7,"lootr:lootr_chest":2,"minecraft:iron_sword":23,"minecraft:iron_boots":1,"minecraft:iron_chestplate":1,"croptopia:toast":9,"minecraft:stone_axe":77,"minecraft:cobblestone":24,"minecraft:crafting_table":2,"minecraft:furnace":1,"minecraft:iron_leggings":1},"minecraft:dropped":{"minecraft:stone_axe":2,"minecraft:stone_sword":1,"minecraft:stone_pickaxe":1}},"DataVersion":3465}