{"stats":{"minecraft:killed":{"minecraft:skeleton":3},"minecraft:picked_up":{"minecraft:stick":1,"minecraft:crafting_table":1,"ecologics:coconut_slice":2,"minecraft:oak_fence":1,"minecraft:lead":4,"paraglider:spirit_orb":4,"minecraft:flint":5,"minecraft:oak_log":8,"minecraft:cobbled_deepslate_stairs":1,"naturalist:duck_egg":1,"minecraft:dirt":6,"minecraft:soul_soil":1,"minecraft:bone":2,"minecraft:arrow":2,"minecraft:apple":2,"minecraft:bow":1,"minecraft:cobbled_deepslate":1,"minecraft:hay_block":22,"croptopia:orange":11,"minecraft:oak_sapling":3,"minecraft:iron_bars":2,"minecraft:egg":2},"minecraft:crafted":{"minecraft:oak_planks":8,"minecraft:oak_fence":3},"minecraft:used":{"minecraft:oak_fence":1,"minecraft:diamond_pickaxe":7,"minecraft:apple":1,"minecraft:shield":2,"minecraft:diamond_axe":11,"naturalist:duck_egg":1,"ecologics:coconut_slice":2,"croptopia:toast":3,"minecraft:diamond_sword":11,"minecraft:dirt":6,"minecraft:hay_block":11,"minecraft:goat_horn":2,"immersive_armors:warrior_helmet":1},"minecraft:dropped":{"minecraft:bread":50,"minecraft:soul_soil":1,"minecraft:cobbled_deepslate_stairs":1,"minecraft:cobbled_deepslate":1,"minecraft:oak_sapling":3,"ecologics:coconut_husk":2,"minecraft:oak_fence":2,"croptopia:orange":11,"minecraft:apple":1,"sophisticatedbackpacks:backpack":1,"minecraft:saddle":1,"artifacts:digging_claws":1,"minecraft:egg":2,"minecraft:flint":5},"minecraft:mined":{"minecraft:hay_block":22,"minecraft:cobbled_deepslate_stairs":1,"minecraft:oak_fence":1,"minecraft:crafting_table":1,"minecraft:grass_block":5,"minecraft:oak_log":8,"minecraft:iron_bars":2,"minecraft:dirt":1,"minecraft:soul_soil":1,"minecraft:deepslate":1,"minecraft:spawner":2},"minecraft:custom":{"minecraft:time_since_rest":55654,"lootr:looted_stat":8,"minecraft:sprint_one_cm":70005,"minecraft:damage_taken":244,"minecraft:walk_one_cm":37636,"minecraft:damage_blocked_by_shield":80,"minecraft:mob_kills":4,"minecraft:drop":15,"minecraft:damage_dealt":624,"minecraft:interact_with_crafting_table":3,"minecraft:fly_one_cm":115436,"minecraft:crouch_one_cm":933,"minecraft:play_time":55654,"minecraft:sneak_time":350,"minecraft:walk_under_water_one_cm":237,"minecraft:jump":324,"minecraft:leave_game":3,"minecraft:walk_on_water_one_cm":11616,"minecraft:time_since_death":55654,"minecraft:total_world_time":55654,"minecraft:fall_one_cm":7251,"minecraft:horse_one_cm":71681}},"DataVersion":3465}