{"stats":{"minecraft:killed_by":{"creeperoverhaul:ocean_creeper":2},"minecraft:crafted":{"minecraft:furnace":1,"croptopia:toast":72,"minecraft:iron_boots":1,"minecraft:crafting_table":1,"minecraft:air":0,"minecraft:iron_chestplate":1,"minecraft:iron_ingot":73,"minecraft:iron_pickaxe":1,"minecraft:acacia_planks":16,"minecraft:torch":4},"minecraft:killed":{"minecraft:spider":2,"minecraft:pufferfish":1,"minecraft:skeleton":6,"minecraft:drowned":3,"minecraft:squid":1,"minecraft:pillager":4,"minecraft:zombie":14,"creeperoverhaul:ocean_creeper":1},"minecraft:picked_up":{"minecraft:crafting_table":2,"minecraft:gold_block":3,"croptopia:calamari":2,"minecraft:string":3,"minecraft:raw_copper":7,"minecraft:flint_and_steel":1,"minecraft:iron_shovel":1,"minecraft:pufferfish":1,"minecraft:blackstone":2,"minecraft:red_sand":1,"minecraft:bucket":2,"immersive_melodies:trumpet":1,"minecraft:iron_nugget":32,"minecraft:furnace":1,"minecraft:egg":1,"minecraft:raw_iron":12,"minecraft:stick":2,"minecraft:sandstone":11,"minecraft:brown_terracotta":1,"minecraft:acacia_log":4,"minecraft:torch":46,"minecraft:bowl":2,"sophisticatedbackpacks:backpack":1,"minecraft:skull_pottery_sherd":1,"minecraft:stone_pressure_plate":1,"minecraft:cactus":1,"minecraft:arrow":9,"minecraft:rotten_flesh":30,"minecraft:decorated_pot":1,"minecraft:hay_block":31,"minecraft:yellow_terracotta":1,"minecraft:white_terracotta":1,"supplementaries:ash":27,"gravestones:gravestone":5,"minecraft:obsidian":12,"minecraft:cod":1,"minecraft:skeleton_skull":1,"minecraft:cobblestone":9,"minecraft:magma_block":5,"minecraft:burn_pottery_sherd":1,"artifacts:digging_claws":1,"naturalist:teddy_bear":1,"minecraft:salmon":3,"minecraft:cut_sandstone":1,"minecraft:smoker":1,"artifacts:superstitious_hat":1,"supplementaries:flax_seeds":2,"minecraft:danger_pottery_sherd":1,"artifacts:flippers":1,"minecraft:white_banner":1,"minecraft:orange_terracotta":3,"minecraft:bone":25,"minecraft:acacia_planks":10,"minecraft:wheat_seeds":2,"minecraft:iron_ingot":1,"minecraft:gray_bed":11,"minecraft:acacia_sapling":2,"croptopia:turmeric":1,"minecraft:sand":133,"croptopia:turmeric_seed":1,"minecraft:prize_pottery_sherd":1,"minecraft:blast_furnace":2,"minecraft:quartz_bricks":19,"minecraft:light_gray_terracotta":1,"minecraft:crossbow":1,"minecraft:painting":1,"minecraft:baked_potato":30,"minecraft:netherrack":3,"minecraft:coal":84,"minecraft:diamond_pickaxe":1},"minecraft:mined":{"minecraft:yellow_terracotta":1,"minecraft:stone_pressure_plate":1,"minecraft:obsidian":13,"minecraft:red_sand":1,"minecraft:acacia_log":4,"minecraft:decorated_pot":2,"minecraft:sandstone":11,"minecraft:hay_block":32,"minecraft:furnace":1,"minecraft:iron_ore":13,"minecraft:gold_block":3,"minecraft:stone":9,"minecraft:cut_sandstone":1,"gravestones:gravestone":3,"minecraft:smoker":1,"minecraft:orange_terracotta":3,"minecraft:crafting_table":2,"minecraft:light_gray_terracotta":1,"minecraft:torch":5,"minecraft:blast_furnace":2,"minecraft:tall_grass":2,"minecraft:cobblestone":1,"minecraft:quartz_bricks":19,"minecraft:wall_torch":12,"supplementaries:urn":15,"minecraft:skeleton_skull":1,"minecraft:seagrass":1,"minecraft:white_terracotta":1,"minecraft:gray_bed":11,"minecraft:white_wall_banner":1,"minecraft:grass":9,"croptopia:turmeric_crop":1,"minecraft:coal_ore":52,"minecraft:sand":173,"minecraft:brown_terracotta":1,"minecraft:acacia_planks":10,"minecraft:netherrack":5,"minecraft:oak_leaves":4,"minecraft:fern":1},"minecraft:used":{"basicweapons:iron_dagger":34,"minecraft:decorated_pot":1,"minecraft:shield":40,"minecraft:netherrack":1,"minecraft:iron_chestplate":1,"minecraft:torch":17,"gravestones:gravestone":5,"minecraft:iron_helmet":1,"minecraft:iron_boots":1,"minecraft:furnace":1,"minecraft:goat_horn":2,"minecraft:gray_bed":10,"minecraft:acacia_planks":10,"minecraft:orange_terracotta":2,"minecraft:quartz_bricks":21,"minecraft:water_bucket":4,"minecraft:baked_potato":38,"minecraft:andesite_slab":3,"minecraft:sandstone":11,"minecraft:crafting_table":2,"minecraft:mushroom_stew":3,"minecraft:blast_furnace":1,"minecraft:painting":1,"minecraft:cake":1,"minecraft:smoker":1,"sophisticatedbackpacks:backpack":1,"minecraft:diamond_pickaxe":25,"minecraft:diamond_shovel":77,"minecraft:iron_pickaxe":104,"minecraft:leather_helmet":1,"croptopia:toast":6,"minecraft:diamond_sword":72,"basicweapons:iron_club":50,"minecraft:bucket":4,"minecraft:experience_bottle":3},"minecraft:dropped":{"minecraft:iron_ingot":5,"minecraft:wheat_seeds":1,"croptopia:turmeric":1,"minecraft:baked_potato":30,"immersive_melodies:trumpet":1,"naturalist:teddy_bear":2,"minecraft:glow_berries":3,"minecraft:yellow_terracotta":1,"minecraft:cobblestone":1,"minecraft:iron_horse_armor":2,"minecraft:burn_pottery_sherd":1,"minecraft:cod":1,"minecraft:pufferfish":1,"minecraft:brown_terracotta":1,"basicweapons:iron_club":1,"minecraft:sand":70,"croptopia:turmeric_seed":1,"minecraft:cactus":1,"minecraft:string":3,"croptopia:calamari":2,"minecraft:bucket":2,"minecraft:skull_pottery_sherd":1,"minecraft:danger_pottery_sherd":1,"minecraft:bone":9,"minecraft:prize_pottery_sherd":1,"minecraft:blackstone":3,"minecraft:iron_nugget":21,"minecraft:raw_copper":7,"minecraft:light_gray_terracotta":1,"minecraft:bowl":4,"minecraft:andesite_slab":1,"minecraft:rotten_flesh":30,"basicweapons:iron_dagger":1,"sophisticatedbackpacks:backpack":3,"minecraft:white_terracotta":1,"gravestones:gravestone":1,"minecraft:salmon":3,"minecraft:flint_and_steel":2,"minecraft:blast_furnace":1,"supplementaries:flax_seeds":2,"supplementaries:ash":14,"minecraft:diamond_pickaxe":1,"minecraft:leather_boots":1,"minecraft:acacia_sapling":2,"minecraft:red_sand":1,"minecraft:magma_block":5,"minecraft:netherrack":2},"minecraft:custom":{"lootr:looted_stat":99,"minecraft:mob_kills":35,"minecraft:interact_with_crafting_table":8,"minecraft:eat_cake_slice":5,"minecraft:leave_game":8,"minecraft:time_since_death":62741,"minecraft:climb_one_cm":1859,"minecraft:sprint_one_cm":558151,"minecraft:walk_one_cm":310199,"minecraft:damage_blocked_by_shield":1470,"minecraft:drop":70,"minecraft:talked_to_villager":3,"minecraft:play_time":241624,"minecraft:deaths":2,"minecraft:sneak_time":5660,"minecraft:walk_under_water_one_cm":44367,"minecraft:jump":2580,"minecraft:interact_with_blast_furnace":8,"minecraft:walk_on_water_one_cm":38341,"minecraft:total_world_time":241624,"minecraft:interact_with_furnace":11,"minecraft:sleep_in_bed":8,"minecraft:time_since_rest":17035,"minecraft:damage_taken":2575,"minecraft:damage_dealt":6978,"minecraft:swim_one_cm":136783,"minecraft:fly_one_cm":969620,"minecraft:open_chest":1,"minecraft:crouch_one_cm":13431,"minecraft:interact_with_smoker":8,"minecraft:fall_one_cm":63675}},"DataVersion":3465}