{"stats":{"minecraft:killed":{"naturalist:boar":1,"minecraft:skeleton":6,"minecraft:zombie":4,"minecraft:enderman":1},"minecraft:picked_up":{"minecraft:coarse_dirt":9,"minecraft:crafting_table":1,"minecraft:glow_ink_sac":1,"minecraft:andesite":1,"minecraft:lead":5,"croptopia:glowing_calamari":1,"paraglider:spirit_orb":4,"minecraft:flint":5,"minecraft:oak_log":21,"supplementaries:flax_seeds":7,"minecraft:cobbled_deepslate_stairs":1,"minecraft:dirt":181,"minecraft:lantern":1,"minecraft:soul_soil":1,"minecraft:zombie_head":1,"minecraft:bone":21,"minecraft:apple":2,"minecraft:bow":2,"minecraft:wheat_seeds":9,"minecraft:cobbled_deepslate":7,"minecraft:raw_gold":3,"minecraft:iron_nugget":56,"minecraft:gray_bed":5,"minecraft:birch_sapling":1,"minecraft:egg":3,"minecraft:raw_iron":6,"minecraft:stick":2,"minecraft:black_candle":1,"ecologics:coconut_slice":2,"minecraft:oak_fence":3,"minecraft:torch":36,"minecraft:porkchop":2,"minecraft:amethyst_shard":26,"minecraft:spruce_sapling":2,"minecraft:spruce_log":8,"naturalist:duck_egg":1,"minecraft:mossy_cobblestone":1,"minecraft:rotten_flesh":2,"minecraft:diamond_shovel":1,"minecraft:arrow":5,"supplementaries:antique_ink":2,"croptopia:orange":11,"minecraft:hay_block":33,"minecraft:saddle":2,"minecraft:emerald":11,"supplementaries:ash":29,"minecraft:oak_sapling":6,"minecraft:coal":8,"minecraft:iron_bars":2},"minecraft:crafted":{"minecraft:oak_planks":20,"minecraft:oak_fence":3},"minecraft:used":{"minecraft:oak_fence":3,"minecraft:water_bucket":32,"minecraft:shield":12,"minecraft:diamond_axe":34,"naturalist:duck_egg":1,"minecraft:dirt":78,"immersive_armors:warrior_helmet":1,"minecraft:diamond_pickaxe":25,"minecraft:apple":1,"minecraft:diamond_shovel":182,"minecraft:lantern":1,"minecraft:spruce_sapling":2,"ecologics:coconut_slice":2,"croptopia:toast":12,"minecraft:diamond_sword":79,"minecraft:hay_block":11,"minecraft:goat_horn":2,"minecraft:gray_bed":5,"minecraft:bucket":32,"minecraft:black_candle":1},"minecraft:dropped":{"minecraft:bread":50,"minecraft:soul_soil":1,"minecraft:wheat_seeds":9,"minecraft:iron_nugget":56,"minecraft:cobbled_deepslate_stairs":1,"minecraft:oak_log":3,"minecraft:glow_ink_sac":1,"minecraft:coarse_dirt":9,"minecraft:cobbled_deepslate":7,"minecraft:mossy_cobblestone":1,"minecraft:birch_sapling":1,"minecraft:oak_fence":2,"croptopia:orange":11,"minecraft:rotten_flesh":2,"minecraft:diamond_shovel":1,"minecraft:apple":1,"sophisticatedbackpacks:backpack":1,"minecraft:saddle":3,"minecraft:flint":5,"supplementaries:flax_seeds":7,"minecraft:dirt":39,"minecraft:gray_bed":1,"minecraft:andesite":1,"ecologics:coconut_husk":2,"minecraft:oak_sapling":6,"minecraft:diamond_boots":1,"minecraft:raw_gold":3,"artifacts:digging_claws":1,"croptopia:glowing_calamari":1,"minecraft:egg":3},"minecraft:mined":{"minecraft:mossy_cobblestone":1,"minecraft:cobbled_deepslate_stairs":1,"minecraft:oak_fence":3,"minecraft:crafting_table":1,"minecraft:grass_block":119,"minecraft:white_stained_glass_pane":1,"minecraft:soul_soil":1,"minecraft:tall_grass":1,"minecraft:deepslate_coal_ore":7,"minecraft:spruce_leaves":6,"minecraft:spawner":2,"supplementaries:urn":35,"minecraft:hay_block":33,"minecraft:tall_seagrass":1,"minecraft:coarse_dirt":9,"minecraft:iron_ore":7,"minecraft:fire":1,"minecraft:gray_bed":5,"minecraft:spruce_log":8,"minecraft:birch_leaves":10,"minecraft:grass":5,"minecraft:coal_ore":1,"minecraft:oak_log":20,"minecraft:vine":1,"minecraft:iron_bars":2,"minecraft:dirt":72,"minecraft:oak_leaves":3,"minecraft:deepslate":3},"minecraft:custom":{"minecraft:interact_with_smithing_table":1,"lootr:looted_stat":37,"minecraft:mob_kills":14,"minecraft:animals_bred":1,"minecraft:interact_with_crafting_table":3,"minecraft:eat_cake_slice":4,"minecraft:leave_game":3,"minecraft:time_since_death":127654,"minecraft:sleep_in_bed":5,"minecraft:climb_one_cm":947,"minecraft:time_since_rest":15958,"minecraft:sprint_one_cm":330742,"minecraft:damage_taken":679,"minecraft:walk_one_cm":157976,"minecraft:damage_blocked_by_shield":1280,"minecraft:drop":46,"minecraft:damage_dealt":2622,"minecraft:swim_one_cm":39860,"minecraft:fly_one_cm":473563,"minecraft:open_chest":6,"minecraft:crouch_one_cm":9753,"minecraft:play_time":127654,"minecraft:sneak_time":2173,"minecraft:walk_under_water_one_cm":18121,"minecraft:jump":1768,"minecraft:walk_on_water_one_cm":20093,"minecraft:total_world_time":127654,"minecraft:fall_one_cm":45372,"minecraft:horse_one_cm":271475}},"DataVersion":3465}