{"stats":{"minecraft:custom":{"minecraft:jump":10,"minecraft:time_since_rest":7809,"minecraft:leave_game":1,"minecraft:crouch_one_cm":29,"minecraft:play_time":15660,"lootr:looted_stat":2,"minecraft:sprint_one_cm":3225,"minecraft:time_since_death":7788,"minecraft:walk_one_cm":7018,"minecraft:deaths":1,"minecraft:sneak_time":57,"minecraft:total_world_time":15660,"minecraft:fall_one_cm":209,"minecraft:fly_one_cm":3244},"minecraft:used":{"lootr:lootr_chest":2,"minecraft:grass_block":1}},"DataVersion":3465}