{"stats":{"minecraft:picked_up":{"ecologics:coconut_slice":2},"minecraft:used":{"immersive_armors:warrior_helmet":1},"minecraft:custom":{"minecraft:jump":91,"minecraft:time_since_rest":19350,"minecraft:leave_game":1,"minecraft:crouch_one_cm":29,"minecraft:damage_taken":120,"minecraft:sprint_one_cm":13918,"minecraft:play_time":19350,"minecraft:walk_on_water_one_cm":517,"minecraft:time_since_death":19350,"minecraft:walk_one_cm":4469,"minecraft:sneak_time":62,"minecraft:total_world_time":19350,"minecraft:drop":3,"minecraft:fall_one_cm":2858,"minecraft:fly_one_cm":72436},"minecraft:dropped":{"minecraft:bread":50,"sophisticatedbackpacks:backpack":1,"artifacts:digging_claws":1}},"DataVersion":3465}