{"stats":{"minecraft:used":{"minecraft:quartz_bricks":2,"minecraft:gray_bed":2,"minecraft:baked_potato":4,"minecraft:iron_helmet":1,"minecraft:andesite_slab":3,"minecraft:leather_helmet":1,"minecraft:cake":1},"minecraft:custom":{"minecraft:time_since_rest":9923,"minecraft:crouch_one_cm":1361,"minecraft:sprint_one_cm":130619,"lootr:looted_stat":33,"minecraft:play_time":91054,"minecraft:damage_taken":200,"minecraft:walk_one_cm":97144,"minecraft:sneak_time":915,"minecraft:walk_under_water_one_cm":2219,"minecraft:drop":8,"minecraft:jump":604,"minecraft:eat_cake_slice":1,"minecraft:leave_game":2,"minecraft:time_since_death":91054,"minecraft:walk_on_water_one_cm":425,"minecraft:sleep_in_bed":1,"minecraft:climb_one_cm":659,"minecraft:total_world_time":91054,"minecraft:swim_one_cm":3774,"minecraft:fall_one_cm":10639,"minecraft:fly_one_cm":501944},"minecraft:mined":{"minecraft:gray_bed":3,"minecraft:fern":1},"minecraft:dropped":{"sophisticatedbackpacks:backpack":3,"immersive_melodies:trumpet":1,"minecraft:andesite_slab":1,"naturalist:teddy_bear":2,"minecraft:acacia_sapling":1},"minecraft:picked_up":{"naturalist:teddy_bear":1,"immersive_melodies:trumpet":1,"minecraft:gray_bed":3,"minecraft:acacia_sapling":1}},"DataVersion":3465}