{"stats":{"minecraft:used":{"minecraft:quartz_bricks":2,"basicweapons:iron_dagger":16,"minecraft:baked_potato":22,"minecraft:andesite_slab":3,"minecraft:decorated_pot":1,"minecraft:shield":8,"minecraft:sandstone":9,"minecraft:torch":7,"minecraft:crafting_table":1,"minecraft:cake":1,"minecraft:iron_pickaxe":80,"minecraft:leather_helmet":1,"minecraft:iron_helmet":1,"basicweapons:iron_club":24,"minecraft:gray_bed":6,"minecraft:orange_terracotta":1},"minecraft:killed":{"minecraft:spider":1,"minecraft:squid":1,"minecraft:zombie":3},"minecraft:custom":{"lootr:looted_stat":43,"minecraft:mob_kills":8,"minecraft:interact_with_crafting_table":2,"minecraft:eat_cake_slice":1,"minecraft:leave_game":3,"minecraft:time_since_death":126079,"minecraft:sleep_in_bed":3,"minecraft:climb_one_cm":659,"minecraft:time_since_rest":18529,"minecraft:sprint_one_cm":279504,"minecraft:damage_taken":980,"minecraft:walk_one_cm":161197,"minecraft:damage_blocked_by_shield":260,"minecraft:drop":21,"minecraft:damage_dealt":1627,"minecraft:swim_one_cm":14379,"minecraft:fly_one_cm":657044,"minecraft:crouch_one_cm":6861,"minecraft:play_time":126079,"minecraft:sneak_time":2399,"minecraft:walk_under_water_one_cm":6614,"minecraft:jump":1305,"minecraft:interact_with_blast_furnace":1,"minecraft:walk_on_water_one_cm":2954,"minecraft:total_world_time":126079,"minecraft:fall_one_cm":33350},"minecraft:mined":{"minecraft:cut_sandstone":1,"minecraft:stone_pressure_plate":1,"minecraft:orange_terracotta":2,"minecraft:crafting_table":1,"minecraft:torch":4,"minecraft:acacia_log":4,"minecraft:blast_furnace":1,"minecraft:decorated_pot":2,"minecraft:sandstone":9,"minecraft:wall_torch":3,"supplementaries:urn":2,"minecraft:seagrass":1,"minecraft:hay_block":32,"minecraft:iron_ore":8,"minecraft:gray_bed":7,"minecraft:grass":7,"minecraft:coal_ore":46,"minecraft:sand":3,"minecraft:stone":9,"minecraft:fern":1},"minecraft:dropped":{"minecraft:prize_pottery_sherd":1,"minecraft:wheat_seeds":1,"immersive_melodies:trumpet":1,"minecraft:andesite_slab":1,"naturalist:teddy_bear":2,"minecraft:rotten_flesh":4,"sophisticatedbackpacks:backpack":3,"minecraft:burn_pottery_sherd":1,"minecraft:acacia_sapling":2,"minecraft:sand":6,"minecraft:cactus":1,"croptopia:calamari":2,"minecraft:skull_pottery_sherd":1,"minecraft:danger_pottery_sherd":1,"minecraft:bone":3},"minecraft:crafted":{"minecraft:crafting_table":1,"minecraft:iron_pickaxe":1,"minecraft:acacia_planks":16,"minecraft:torch":4},"minecraft:picked_up":{"minecraft:crafting_table":1,"minecraft:burn_pottery_sherd":1,"naturalist:teddy_bear":1,"minecraft:cut_sandstone":1,"croptopia:calamari":2,"minecraft:danger_pottery_sherd":1,"minecraft:orange_terracotta":2,"minecraft:bone":3,"minecraft:wheat_seeds":2,"immersive_melodies:trumpet":1,"minecraft:iron_nugget":11,"minecraft:gray_bed":7,"minecraft:acacia_sapling":2,"minecraft:egg":1,"minecraft:stick":2,"minecraft:raw_iron":8,"minecraft:sandstone":9,"minecraft:torch":7,"minecraft:acacia_log":4,"minecraft:sand":6,"minecraft:skull_pottery_sherd":1,"minecraft:prize_pottery_sherd":1,"minecraft:blast_furnace":1,"minecraft:stone_pressure_plate":1,"minecraft:cactus":1,"minecraft:rotten_flesh":12,"minecraft:decorated_pot":1,"minecraft:hay_block":31,"minecraft:coal":45,"minecraft:cobblestone":9}},"DataVersion":3465}