{"stats":{"minecraft:dropped":{"minecraft:bread":50,"minecraft:blackstone":16,"minecraft:soul_soil":1,"minecraft:wheat_seeds":9,"minecraft:iron_nugget":56,"minecraft:cobbled_deepslate_stairs":1,"minecraft:oak_log":3,"minecraft:coarse_dirt":9,"minecraft:glow_ink_sac":1,"minecraft:cobbled_deepslate":18,"minecraft:mossy_cobblestone":1,"minecraft:birch_sapling":1,"minecraft:oak_fence":2,"croptopia:orange":11,"minecraft:rotten_flesh":7,"minecraft:oak_planks":1,"minecraft:diamond_shovel":1,"minecraft:apple":1,"sophisticatedbackpacks:backpack":1,"minecraft:saddle":3,"minecraft:rail":3,"minecraft:flint":5,"minecraft:diamond_sword":2,"supplementaries:flax_seeds":7,"minecraft:dirt":42,"minecraft:torch":20,"minecraft:gray_bed":1,"minecraft:andesite":8,"ecologics:coconut_husk":2,"minecraft:oak_sapling":6,"minecraft:diamond_boots":1,"minecraft:arrow":4,"minecraft:bow":2,"minecraft:iron_pickaxe":1,"minecraft:raw_gold":3,"minecraft:string":1,"artifacts:digging_claws":1,"croptopia:glowing_calamari":1,"minecraft:egg":3},"minecraft:picked_up":{"minecraft:crafting_table":1,"minecraft:coarse_dirt":9,"minecraft:glow_ink_sac":1,"minecraft:andesite":52,"minecraft:lead":5,"minecraft:diamond_sword":2,"croptopia:glowing_calamari":1,"paraglider:spirit_orb":4,"minecraft:flint":5,"minecraft:oak_log":21,"supplementaries:flax_seeds":7,"minecraft:cobbled_deepslate_stairs":1,"minecraft:string":12,"minecraft:dirt":189,"minecraft:lantern":1,"minecraft:soul_soil":1,"minecraft:bone":29,"minecraft:zombie_head":1,"minecraft:blackstone":23,"minecraft:apple":2,"minecraft:bow":3,"minecraft:wheat_seeds":9,"minecraft:cobbled_deepslate":33,"minecraft:raw_gold":3,"minecraft:iron_nugget":56,"minecraft:gray_bed":5,"minecraft:birch_sapling":1,"minecraft:oak_planks":1,"minecraft:egg":3,"minecraft:stick":2,"minecraft:raw_iron":6,"minecraft:black_candle":1,"ecologics:coconut_slice":2,"minecraft:oak_fence":4,"minecraft:torch":52,"minecraft:porkchop":2,"minecraft:amethyst_shard":26,"minecraft:spruce_sapling":2,"minecraft:spruce_log":8,"naturalist:duck_egg":1,"minecraft:mossy_cobblestone":1,"minecraft:bundle":1,"minecraft:diamond_shovel":1,"minecraft:arrow":9,"minecraft:rotten_flesh":7,"minecraft:diamond":6,"croptopia:orange":11,"supplementaries:antique_ink":5,"minecraft:hay_block":33,"minecraft:saddle":2,"minecraft:emerald":25,"supplementaries:ash":29,"minecraft:oak_sapling":6,"minecraft:iron_bars":2,"minecraft:coal":8,"minecraft:rail":49},"minecraft:crafted":{"minecraft:oak_planks":20,"minecraft:oak_fence":3},"minecraft:used":{"minecraft:oak_fence":3,"minecraft:water_bucket":32,"minecraft:blackstone":7,"minecraft:shield":23,"minecraft:diamond_axe":34,"naturalist:duck_egg":1,"minecraft:torch":1,"minecraft:dirt":147,"immersive_armors:warrior_helmet":1,"minecraft:diamond_pickaxe":111,"minecraft:apple":1,"minecraft:diamond_shovel":182,"minecraft:lantern":1,"minecraft:spruce_sapling":2,"croptopia:toast":26,"minecraft:diamond_sword":134,"ecologics:coconut_slice":2,"minecraft:hay_block":11,"minecraft:goat_horn":2,"minecraft:gray_bed":5,"minecraft:bucket":32,"minecraft:black_candle":1,"minecraft:cobbled_deepslate":12},"minecraft:custom":{"minecraft:interact_with_smithing_table":1,"lootr:looted_stat":43,"minecraft:animals_bred":1,"minecraft:mob_kills":24,"minecraft:interact_with_crafting_table":3,"minecraft:eat_cake_slice":4,"minecraft:leave_game":4,"minecraft:time_since_death":165719,"minecraft:sleep_in_bed":5,"minecraft:climb_one_cm":1164,"minecraft:time_since_rest":54023,"minecraft:sprint_one_cm":522636,"minecraft:damage_taken":1647,"minecraft:walk_one_cm":258854,"minecraft:damage_blocked_by_shield":2140,"minecraft:drop":76,"minecraft:damage_dealt":4350,"minecraft:swim_one_cm":43760,"minecraft:fly_one_cm":544445,"minecraft:open_chest":6,"minecraft:crouch_one_cm":20096,"minecraft:play_time":165719,"minecraft:sneak_time":4873,"minecraft:walk_under_water_one_cm":19836,"minecraft:jump":2224,"minecraft:walk_on_water_one_cm":23473,"minecraft:total_world_time":165719,"minecraft:fall_one_cm":57799,"minecraft:horse_one_cm":279355},"minecraft:killed":{"minecraft:cave_spider":2,"naturalist:boar":1,"minecraft:skeleton":10,"minecraft:zombie":6,"minecraft:enderman":2},"minecraft:mined":{"minecraft:diamond_ore":2,"minecraft:blackstone":25,"minecraft:mossy_cobblestone":1,"minecraft:deepslate_diamond_ore":2,"minecraft:cobbled_deepslate_stairs":1,"minecraft:oak_fence":3,"minecraft:glow_lichen":1,"minecraft:crafting_table":1,"minecraft:grass_block":119,"minecraft:white_stained_glass_pane":1,"minecraft:soul_soil":1,"minecraft:tall_grass":1,"minecraft:deepslate_coal_ore":7,"minecraft:spruce_leaves":6,"minecraft:spawner":2,"minecraft:tall_seagrass":1,"supplementaries:urn":50,"minecraft:hay_block":33,"minecraft:coarse_dirt":9,"minecraft:iron_ore":7,"minecraft:fire":4,"minecraft:spruce_log":8,"minecraft:birch_leaves":10,"minecraft:gray_bed":5,"minecraft:andesite":46,"minecraft:grass":5,"minecraft:coal_ore":1,"minecraft:oak_log":20,"minecraft:vine":1,"minecraft:rail":46,"minecraft:iron_bars":2,"minecraft:dirt":77,"minecraft:cobweb":12,"minecraft:oak_leaves":3,"minecraft:deepslate":28}},"DataVersion":3465}