{"stats":{"minecraft:used":{"minecraft:quartz_bricks":2,"basicweapons:iron_dagger":5,"minecraft:iron_pickaxe":33,"minecraft:baked_potato":7,"minecraft:andesite_slab":3,"minecraft:iron_helmet":1,"minecraft:leather_helmet":1,"minecraft:sandstone":9,"minecraft:torch":1,"minecraft:crafting_table":1,"minecraft:gray_bed":3,"minecraft:cake":1,"minecraft:orange_terracotta":1},"minecraft:killed":{"minecraft:squid":1},"minecraft:custom":{"minecraft:time_since_rest":6197,"lootr:looted_stat":37,"minecraft:sprint_one_cm":156375,"minecraft:damage_taken":370,"minecraft:walk_one_cm":106406,"minecraft:mob_kills":1,"minecraft:drop":13,"minecraft:damage_dealt":140,"minecraft:swim_one_cm":6710,"minecraft:interact_with_crafting_table":2,"minecraft:fly_one_cm":525098,"minecraft:crouch_one_cm":2569,"minecraft:play_time":102079,"minecraft:sneak_time":1400,"minecraft:walk_under_water_one_cm":2484,"minecraft:jump":736,"minecraft:eat_cake_slice":1,"minecraft:leave_game":3,"minecraft:time_since_death":102079,"minecraft:walk_on_water_one_cm":608,"minecraft:sleep_in_bed":2,"minecraft:total_world_time":102079,"minecraft:climb_one_cm":659,"minecraft:fall_one_cm":15462},"minecraft:dropped":{"immersive_melodies:trumpet":1,"minecraft:andesite_slab":1,"naturalist:teddy_bear":2,"minecraft:acacia_sapling":2,"minecraft:sand":6,"sophisticatedbackpacks:backpack":3,"croptopia:calamari":2},"minecraft:mined":{"minecraft:seagrass":1,"minecraft:cut_sandstone":1,"minecraft:stone_pressure_plate":1,"minecraft:orange_terracotta":2,"minecraft:gray_bed":4,"minecraft:torch":1,"minecraft:crafting_table":1,"minecraft:grass":2,"minecraft:acacia_log":4,"minecraft:coal_ore":19,"minecraft:sand":3,"minecraft:stone":1,"minecraft:sandstone":9,"minecraft:fern":1},"minecraft:crafted":{"minecraft:crafting_table":1,"minecraft:iron_pickaxe":1,"minecraft:acacia_planks":16,"minecraft:torch":4},"minecraft:picked_up":{"minecraft:stick":2,"minecraft:crafting_table":1,"minecraft:sandstone":9,"naturalist:teddy_bear":1,"minecraft:cut_sandstone":1,"minecraft:torch":1,"minecraft:acacia_log":4,"minecraft:sand":6,"croptopia:calamari":2,"minecraft:stone_pressure_plate":1,"minecraft:orange_terracotta":2,"immersive_melodies:trumpet":1,"minecraft:gray_bed":4,"minecraft:coal":18,"minecraft:acacia_sapling":2,"minecraft:cobblestone":1}},"DataVersion":3465}