{"stats":{"minecraft:custom":{"minecraft:jump":174,"minecraft:time_since_rest":23939,"minecraft:crouch_one_cm":352,"lootr:looted_stat":4,"minecraft:sprint_one_cm":26122,"minecraft:leave_game":1,"minecraft:play_time":23939,"minecraft:damage_taken":20,"minecraft:time_since_death":23939,"minecraft:walk_one_cm":23970,"minecraft:sneak_time":167,"minecraft:total_world_time":23939,"minecraft:drop":2,"minecraft:fall_one_cm":2935,"minecraft:fly_one_cm":84284},"minecraft:used":{"minecraft:gray_bed":1},"minecraft:mined":{"minecraft:gray_bed":2},"minecraft:dropped":{"naturalist:teddy_bear":2},"minecraft:picked_up":{"naturalist:teddy_bear":1,"minecraft:gray_bed":2}},"DataVersion":3465}