{"stats":{"minecraft:crafted":{"minecraft:crafting_table":1,"minecraft:furnace":1,"minecraft:air":0,"minecraft:iron_boots":1,"minecraft:iron_chestplate":1,"minecraft:iron_ingot":9,"minecraft:iron_pickaxe":1,"minecraft:acacia_planks":16,"minecraft:torch":4},"minecraft:killed":{"minecraft:spider":1,"minecraft:squid":1,"minecraft:skeleton":2,"minecraft:zombie":10,"minecraft:drowned":2},"minecraft:mined":{"minecraft:cut_sandstone":1,"minecraft:stone_pressure_plate":1,"minecraft:orange_terracotta":2,"minecraft:crafting_table":2,"minecraft:torch":5,"minecraft:acacia_log":4,"minecraft:blast_furnace":1,"minecraft:decorated_pot":2,"minecraft:sandstone":9,"minecraft:wall_torch":10,"minecraft:skeleton_skull":1,"supplementaries:urn":9,"minecraft:hay_block":32,"minecraft:seagrass":1,"minecraft:furnace":1,"minecraft:iron_ore":12,"minecraft:gray_bed":8,"minecraft:grass":8,"minecraft:coal_ore":50,"minecraft:sand":172,"minecraft:stone":9,"minecraft:fern":1},"minecraft:picked_up":{"minecraft:crafting_table":2,"minecraft:burn_pottery_sherd":1,"naturalist:teddy_bear":1,"minecraft:cut_sandstone":1,"croptopia:calamari":2,"minecraft:danger_pottery_sherd":1,"minecraft:orange_terracotta":2,"minecraft:bone":11,"minecraft:iron_shovel":1,"minecraft:wheat_seeds":2,"minecraft:bucket":2,"minecraft:iron_ingot":1,"immersive_melodies:trumpet":1,"minecraft:iron_nugget":11,"minecraft:gray_bed":8,"minecraft:acacia_sapling":2,"minecraft:egg":1,"minecraft:furnace":1,"minecraft:stick":2,"minecraft:raw_iron":12,"minecraft:sandstone":9,"minecraft:bowl":2,"minecraft:torch":32,"minecraft:acacia_log":4,"minecraft:sand":133,"minecraft:skull_pottery_sherd":1,"minecraft:prize_pottery_sherd":1,"minecraft:blast_furnace":1,"minecraft:stone_pressure_plate":1,"minecraft:arrow":3,"minecraft:cactus":1,"minecraft:rotten_flesh":29,"minecraft:decorated_pot":1,"minecraft:hay_block":31,"minecraft:painting":1,"minecraft:baked_potato":30,"supplementaries:ash":21,"minecraft:skeleton_skull":1,"minecraft:coal":49,"minecraft:cobblestone":9,"minecraft:diamond_pickaxe":1},"minecraft:used":{"minecraft:quartz_bricks":2,"basicweapons:iron_dagger":34,"minecraft:baked_potato":35,"minecraft:andesite_slab":3,"minecraft:decorated_pot":1,"minecraft:shield":16,"minecraft:sandstone":9,"minecraft:iron_chestplate":1,"minecraft:torch":15,"minecraft:crafting_table":2,"minecraft:mushroom_stew":2,"minecraft:painting":1,"minecraft:cake":1,"minecraft:diamond_shovel":77,"minecraft:iron_pickaxe":89,"minecraft:iron_helmet":1,"minecraft:leather_helmet":1,"minecraft:iron_boots":1,"minecraft:diamond_sword":9,"basicweapons:iron_club":50,"minecraft:furnace":1,"minecraft:gray_bed":7,"minecraft:orange_terracotta":1},"minecraft:dropped":{"minecraft:iron_ingot":1,"minecraft:prize_pottery_sherd":1,"minecraft:blackstone":1,"minecraft:wheat_seeds":1,"minecraft:baked_potato":30,"immersive_melodies:trumpet":1,"minecraft:bowl":3,"minecraft:andesite_slab":1,"naturalist:teddy_bear":2,"minecraft:cobblestone":1,"minecraft:rotten_flesh":29,"sophisticatedbackpacks:backpack":3,"minecraft:burn_pottery_sherd":1,"supplementaries:ash":8,"minecraft:diamond_pickaxe":1,"minecraft:leather_boots":1,"minecraft:acacia_sapling":2,"basicweapons:iron_club":1,"minecraft:sand":70,"minecraft:cactus":1,"croptopia:calamari":2,"minecraft:bucket":2,"minecraft:danger_pottery_sherd":1,"minecraft:skull_pottery_sherd":1,"minecraft:bone":3},"minecraft:custom":{"minecraft:interact_with_furnace":11,"lootr:looted_stat":64,"minecraft:mob_kills":19,"minecraft:interact_with_crafting_table":8,"minecraft:eat_cake_slice":1,"minecraft:leave_game":8,"minecraft:time_since_death":169624,"minecraft:sleep_in_bed":5,"minecraft:climb_one_cm":1577,"minecraft:time_since_rest":7993,"minecraft:sprint_one_cm":407962,"minecraft:damage_taken":1508,"minecraft:walk_one_cm":241311,"minecraft:damage_blocked_by_shield":540,"minecraft:drop":38,"minecraft:damage_dealt":3678,"minecraft:swim_one_cm":27272,"minecraft:fly_one_cm":773194,"minecraft:open_chest":1,"minecraft:crouch_one_cm":7585,"minecraft:play_time":169624,"minecraft:sneak_time":2713,"minecraft:walk_under_water_one_cm":10614,"minecraft:jump":1785,"minecraft:interact_with_blast_furnace":1,"minecraft:walk_on_water_one_cm":10618,"minecraft:total_world_time":169624,"minecraft:fall_one_cm":43068}},"DataVersion":3465}