{"stats":{"minecraft:custom":{"minecraft:walk_under_water_one_cm":455,"minecraft:time_since_rest":32406,"lootr:looted_stat":1,"minecraft:crouch_one_cm":65,"minecraft:play_time":32406,"minecraft:sprint_one_cm":47125,"minecraft:damage_taken":168,"minecraft:walk_one_cm":60168,"minecraft:sneak_time":36,"minecraft:boat_one_cm":35254,"minecraft:jump":610,"minecraft:walk_on_water_one_cm":30,"minecraft:time_since_death":32406,"minecraft:total_world_time":32406,"minecraft:fall_one_cm":46163,"minecraft:fly_one_cm":227667},"minecraft:used":{"minecraft:dirt":1,"minecraft:oak_boat":1,"croptopia:buttered_toast":4},"minecraft:picked_up":{"minecraft:leather_boots":1,"minecraft:leather_chestplate":1,"minecraft:stone_sword":1,"minecraft:arrow":32,"artifacts:digging_claws":1,"minecraft:water_bucket":1,"minecraft:wheat_seeds":3,"minecraft:leather_leggings":1,"minecraft:torch":8,"minecraft:stone_axe":1,"minecraft:bow":1,"artifacts:bunny_hoppers":1,"artifacts:umbrella":1,"croptopia:buttered_toast":32,"sophisticatedbackpacks:backpack":1,"minecraft:stone_pickaxe":1,"minecraft:oak_boat":2,"minecraft:golden_apple":5,"hamsters:hamster":1,"minecraft:coal":10,"minecraft:dirt":3,"minecraft:leather_helmet":1},"minecraft:mined":{"minecraft:grass_block":2,"minecraft:grass":37,"minecraft:dirt":1,"minecraft:tall_grass":1}},"DataVersion":3465}