{"stats":{"minecraft:custom":{"minecraft:time_since_rest":14406,"minecraft:play_time":14406,"minecraft:sprint_one_cm":3956,"minecraft:damage_taken":40,"minecraft:walk_one_cm":26112,"minecraft:jump":48,"minecraft:time_since_death":14406,"minecraft:total_world_time":14406,"minecraft:fall_one_cm":976,"minecraft:fly_one_cm":4786},"minecraft:picked_up":{"minecraft:leather_boots":1,"minecraft:leather_chestplate":1,"minecraft:stone_sword":1,"minecraft:arrow":32,"artifacts:digging_claws":1,"minecraft:water_bucket":1,"minecraft:wheat_seeds":3,"minecraft:leather_leggings":1,"minecraft:torch":8,"minecraft:stone_axe":1,"minecraft:bow":1,"artifacts:bunny_hoppers":1,"artifacts:umbrella":1,"croptopia:buttered_toast":32,"sophisticatedbackpacks:backpack":1,"minecraft:stone_pickaxe":1,"minecraft:oak_boat":1,"minecraft:golden_apple":5,"hamsters:hamster":1,"minecraft:coal":10,"minecraft:leather_helmet":1},"minecraft:mined":{"minecraft:grass":37,"minecraft:tall_grass":1}},"DataVersion":3465}