{"stats":{"minecraft:custom":{"minecraft:time_since_rest":29951,"minecraft:open_chest":1,"minecraft:crouch_one_cm":105,"minecraft:play_time":29951,"lootr:looted_stat":3,"minecraft:sprint_one_cm":21984,"minecraft:damage_taken":90,"minecraft:walk_one_cm":83456,"minecraft:sneak_time":40,"minecraft:walk_under_water_one_cm":905,"minecraft:jump":302,"minecraft:time_since_death":29951,"minecraft:walk_on_water_one_cm":627,"minecraft:total_world_time":29951,"minecraft:climb_one_cm":676,"minecraft:talked_to_villager":13,"minecraft:fall_one_cm":7793,"minecraft:fly_one_cm":30720},"minecraft:used":{"minecraft:bread":2,"naturalist:teddy_bear":1},"minecraft:mined":{"minecraft:poppy":3,"minecraft:acacia_leaves":1,"naturalist:teddy_bear":1,"minecraft:tall_grass":1,"minecraft:oak_leaves":3},"minecraft:picked_up":{"naturalist:teddy_bear":2,"croptopia:calamari":1,"minecraft:poppy":3,"minecraft:ink_sac":1}},"DataVersion":3465}