{"stats":{"minecraft:picked_up":{"croptopia:toast":21,"minecraft:birch_log":102,"minecraft:crafting_table":1,"croptopia:peach":36,"artifacts:digging_claws":1,"ecologics:seashell":2,"minecraft:wooden_pickaxe":1,"minecraft:potato":10,"croptopia:cabbage_seed":2,"minecraft:oak_log":138,"minecraft:dirt":7,"minecraft:apple":3,"minecraft:wheat_seeds":30,"croptopia:raspberry":1,"croptopia:pepper_seed":2,"minecraft:poppy":2,"minecraft:chest":1,"minecraft:birch_sapling":9,"minecraft:oak_planks":7,"minecraft:furnace":1,"minecraft:egg":1,"minecraft:stick":20,"minecraft:pumpkin":2,"croptopia:greenbean_seed":2,"sophisticatedbackpacks:backpack":1,"minecraft:white_bed":1,"croptopia:lemon":9,"croptopia:raspberry_seed":1,"croptopia:greenbean":2,"minecraft:bread":62,"croptopia:pepper":2,"minecraft:oak_sapling":27,"minecraft:black_wool":2,"minecraft:mutton":12,"minecraft:cobblestone":91,"minecraft:coal":33,"croptopia:cabbage":2,"minecraft:white_wool":3},"minecraft:crafted":{"minecraft:oak_planks":52,"minecraft:crafting_table":2,"minecraft:wooden_pickaxe":1,"minecraft:furnace":1,"croptopia:toast":29,"minecraft:birch_planks":396,"minecraft:stone_axe":1,"minecraft:stick":8,"minecraft:stone_pickaxe":1,"minecraft:wooden_axe":1,"minecraft:chest":3,"minecraft:white_bed":1,"minecraft:torch":52},"minecraft:used":{"minecraft:stone_pickaxe":70,"minecraft:chest":4,"minecraft:wooden_pickaxe":8,"minecraft:torch":8,"minecraft:dirt":6,"minecraft:crafting_table":3,"minecraft:white_bed":2,"minecraft:oak_log":2,"minecraft:wooden_axe":68,"minecraft:stone_axe":149,"croptopia:toast":4,"minecraft:wooden_sword":134,"minecraft:oak_sapling":1,"minecraft:furnace":2,"minecraft:birch_log":3},"minecraft:custom":{"minecraft:interact_with_furnace":5,"lootr:looted_stat":1,"minecraft:mob_kills":7,"minecraft:interact_with_crafting_table":17,"minecraft:leave_game":1,"minecraft:time_since_death":56301,"minecraft:time_since_rest":56301,"minecraft:sprint_one_cm":73058,"minecraft:damage_taken":150,"minecraft:walk_one_cm":154495,"minecraft:damage_dealt":562,"minecraft:swim_one_cm":1522,"minecraft:fly_one_cm":151186,"minecraft:open_chest":18,"minecraft:crouch_one_cm":159,"minecraft:play_time":56301,"minecraft:sneak_time":23,"minecraft:walk_under_water_one_cm":71,"minecraft:jump":737,"minecraft:walk_on_water_one_cm":289,"minecraft:total_world_time":56301,"minecraft:fall_one_cm":15445},"minecraft:killed":{"minecraft:sheep":4,"minecraft:zombie":1},"minecraft:broken":{"minecraft:stone_axe":1,"minecraft:wooden_axe":1},"minecraft:mined":{"croptopia:pepper_crop":1,"minecraft:white_bed":1,"minecraft:oak_sapling":1,"croptopia:greenbean_crop":1,"minecraft:crafting_table":1,"minecraft:grass_block":3,"minecraft:poppy":2,"minecraft:chest":1,"croptopia:raspberry_crop":1,"croptopia:lemon_crop":1,"minecraft:tall_grass":48,"minecraft:furnace":1,"ecologics:seashell":1,"minecraft:birch_log":103,"minecraft:pumpkin":1,"croptopia:peach_crop":2,"minecraft:grass":206,"minecraft:oak_log":133,"minecraft:coal_ore":21,"minecraft:dirt":6,"minecraft:stone":51,"croptopia:cabbage_crop":1}},"DataVersion":3465}