{"stats":{"minecraft:custom":{"minecraft:time_since_rest":36627,"minecraft:play_time":36627,"minecraft:crouch_one_cm":65,"lootr:looted_stat":1,"minecraft:sprint_one_cm":62244,"minecraft:damage_taken":168,"minecraft:walk_one_cm":62055,"minecraft:sneak_time":36,"minecraft:walk_under_water_one_cm":455,"minecraft:boat_one_cm":35254,"minecraft:jump":789,"minecraft:leave_game":1,"minecraft:time_since_death":36627,"minecraft:walk_on_water_one_cm":30,"minecraft:total_world_time":36627,"minecraft:fall_one_cm":57835,"minecraft:fly_one_cm":308664},"minecraft:picked_up":{"minecraft:leather_chestplate":1,"minecraft:leather_boots":1,"minecraft:stone_sword":1,"minecraft:arrow":32,"artifacts:digging_claws":1,"minecraft:water_bucket":1,"artifacts:umbrella":1,"minecraft:wheat_seeds":3,"minecraft:leather_leggings":1,"minecraft:stone_axe":1,"minecraft:bow":1,"artifacts:bunny_hoppers":1,"minecraft:torch":8,"croptopia:buttered_toast":32,"sophisticatedbackpacks:backpack":1,"minecraft:stone_pickaxe":1,"minecraft:oak_boat":2,"minecraft:golden_apple":5,"hamsters:hamster":1,"minecraft:coal":10,"minecraft:dirt":3,"minecraft:leather_helmet":1},"minecraft:used":{"minecraft:stone_sword":1,"minecraft:dirt":1,"croptopia:buttered_toast":4,"minecraft:oak_boat":1},"minecraft:mined":{"minecraft:grass":37,"minecraft:grass_block":2,"minecraft:dirt":1,"minecraft:spruce_leaves":1,"minecraft:tall_grass":1}},"DataVersion":3465}