{"stats":{"minecraft:picked_up":{"croptopia:toast":21,"minecraft:birch_log":8,"minecraft:crafting_table":1,"minecraft:stick":7,"artifacts:digging_claws":1,"croptopia:peach":36,"minecraft:pumpkin":2,"croptopia:greenbean_seed":2,"ecologics:seashell":2,"minecraft:wooden_pickaxe":1,"minecraft:potato":10,"sophisticatedbackpacks:backpack":1,"croptopia:cabbage_seed":2,"minecraft:oak_log":29,"minecraft:white_bed":1,"minecraft:dirt":6,"minecraft:apple":2,"croptopia:lemon":9,"minecraft:wheat_seeds":23,"croptopia:greenbean":2,"croptopia:pepper_seed":2,"minecraft:bread":62,"croptopia:pepper":2,"minecraft:furnace":1,"minecraft:oak_sapling":8,"minecraft:chest":1,"minecraft:black_wool":2,"minecraft:oak_planks":7,"minecraft:mutton":12,"minecraft:coal":33,"minecraft:cobblestone":91,"minecraft:white_wool":3,"croptopia:cabbage":2,"minecraft:egg":1},"minecraft:crafted":{"minecraft:oak_planks":52,"minecraft:crafting_table":2,"minecraft:stick":8,"minecraft:wooden_pickaxe":1,"minecraft:stone_pickaxe":1,"minecraft:wooden_axe":1,"minecraft:chest":2,"minecraft:furnace":1,"minecraft:white_bed":1,"croptopia:toast":29},"minecraft:used":{"minecraft:oak_log":2,"minecraft:wooden_axe":6,"minecraft:stone_pickaxe":70,"minecraft:chest":3,"minecraft:wooden_pickaxe":8,"croptopia:toast":2,"minecraft:wooden_sword":117,"minecraft:dirt":6,"minecraft:crafting_table":2,"minecraft:furnace":2,"minecraft:white_bed":2},"minecraft:custom":{"minecraft:time_since_rest":27759,"lootr:looted_stat":1,"minecraft:interact_with_furnace":4,"minecraft:sprint_one_cm":49077,"minecraft:damage_taken":40,"minecraft:walk_one_cm":88176,"minecraft:mob_kills":4,"minecraft:damage_dealt":324,"minecraft:swim_one_cm":1522,"minecraft:interact_with_crafting_table":8,"minecraft:fly_one_cm":103777,"minecraft:open_chest":4,"minecraft:crouch_one_cm":159,"minecraft:play_time":27759,"minecraft:sneak_time":23,"minecraft:walk_under_water_one_cm":71,"minecraft:jump":500,"minecraft:walk_on_water_one_cm":289,"minecraft:time_since_death":27759,"minecraft:total_world_time":27759,"minecraft:fall_one_cm":10356},"minecraft:killed":{"minecraft:sheep":4},"minecraft:mined":{"croptopia:pepper_crop":1,"minecraft:white_bed":1,"minecraft:furnace":1,"ecologics:seashell":1,"croptopia:greenbean_crop":1,"minecraft:birch_log":8,"minecraft:pumpkin":1,"minecraft:crafting_table":1,"croptopia:peach_crop":2,"minecraft:grass":123,"minecraft:coal_ore":21,"minecraft:grass_block":3,"minecraft:oak_log":22,"minecraft:chest":1,"minecraft:dirt":5,"croptopia:lemon_crop":1,"minecraft:tall_grass":38,"minecraft:stone":51,"croptopia:cabbage_crop":1}},"DataVersion":3465}