{"stats":{"minecraft:mined":{"croptopia:pepper_crop":1,"minecraft:white_bed":1,"minecraft:oak_sapling":1,"minecraft:farmland":1,"croptopia:greenbean_crop":1,"minecraft:crafting_table":2,"minecraft:spruce_trapdoor":2,"minecraft:grass_block":3,"minecraft:poppy":2,"minecraft:chest":1,"minecraft:campfire":1,"croptopia:raspberry_crop":1,"croptopia:lemon_crop":1,"minecraft:tall_grass":52,"minecraft:spruce_leaves":3,"minecraft:furnace":1,"ecologics:seashell":1,"minecraft:sea_pickle":1,"minecraft:birch_log":136,"minecraft:wheat":75,"minecraft:spruce_log":170,"minecraft:stripped_spruce_log":14,"minecraft:pumpkin":1,"croptopia:peach_crop":2,"minecraft:grass":210,"minecraft:oak_log":181,"minecraft:coal_ore":21,"minecraft:flowering_azalea_leaves":1,"ecologics:azalea_log":3,"ecologics:flowering_azalea_log":1,"minecraft:lantern":1,"minecraft:dirt":6,"minecraft:azalea_leaves":4,"minecraft:stone":52,"minecraft:oak_leaves":9,"minecraft:spruce_slab":1,"minecraft:fern":3,"croptopia:cabbage_crop":1},"minecraft:dropped":{"minecraft:wheat_seeds":128,"minecraft:oak_sapling":14,"minecraft:spruce_sapling":28},"minecraft:used":{"minecraft:stone_pickaxe":195,"minecraft:chest":4,"minecraft:wooden_pickaxe":8,"minecraft:torch":31,"minecraft:dirt":6,"minecraft:crafting_table":5,"minecraft:white_bed":2,"minecraft:oak_log":3,"minecraft:wooden_axe":319,"minecraft:stone_axe":149,"croptopia:toast":6,"minecraft:wooden_sword":134,"minecraft:furnace":2,"minecraft:oak_sapling":1,"minecraft:birch_log":3},"minecraft:broken":{"minecraft:stone_axe":1,"minecraft:wooden_axe":4},"minecraft:killed":{"minecraft:sheep":4,"minecraft:zombie":1},"minecraft:custom":{"lootr:looted_stat":4,"minecraft:interact_with_furnace":5,"minecraft:mob_kills":7,"minecraft:interact_with_crafting_table":22,"minecraft:leave_game":3,"minecraft:time_since_death":85971,"minecraft:time_since_rest":85971,"minecraft:sprint_one_cm":141893,"minecraft:damage_taken":150,"minecraft:walk_one_cm":256877,"minecraft:drop":4,"minecraft:damage_dealt":562,"minecraft:swim_one_cm":1522,"minecraft:fly_one_cm":216194,"minecraft:open_chest":22,"minecraft:crouch_one_cm":159,"minecraft:play_time":85971,"minecraft:sneak_time":23,"minecraft:walk_under_water_one_cm":71,"minecraft:jump":1078,"minecraft:walk_on_water_one_cm":789,"minecraft:total_world_time":85971,"minecraft:fall_one_cm":22315},"minecraft:crafted":{"minecraft:oak_planks":118,"minecraft:crafting_table":4,"minecraft:wooden_pickaxe":1,"minecraft:furnace":1,"croptopia:toast":29,"minecraft:birch_planks":396,"minecraft:stone_axe":1,"minecraft:stick":12,"minecraft:stone_pickaxe":1,"minecraft:wooden_axe":5,"minecraft:chest":3,"minecraft:white_bed":1,"minecraft:torch":52},"minecraft:picked_up":{"croptopia:toast":21,"minecraft:birch_log":135,"ecologics:flowering_azalea_log":1,"minecraft:charcoal":2,"minecraft:crafting_table":2,"minecraft:wheat":71,"croptopia:peach":36,"artifacts:digging_claws":1,"ecologics:seashell":2,"minecraft:wooden_pickaxe":1,"minecraft:potato":10,"croptopia:cabbage_seed":2,"minecraft:oak_log":186,"minecraft:dirt":8,"minecraft:lantern":1,"minecraft:apple":9,"minecraft:sea_pickle":2,"minecraft:wheat_seeds":293,"croptopia:raspberry":1,"croptopia:pepper_seed":2,"minecraft:poppy":2,"minecraft:spruce_slab":1,"minecraft:chest":1,"minecraft:birch_sapling":12,"minecraft:oak_planks":7,"minecraft:flowering_azalea":1,"minecraft:spruce_trapdoor":2,"minecraft:egg":2,"minecraft:furnace":1,"minecraft:stick":38,"ecologics:azalea_log":3,"minecraft:pumpkin":2,"croptopia:greenbean_seed":2,"sophisticatedbackpacks:backpack":1,"minecraft:stripped_spruce_log":13,"minecraft:spruce_sapling":32,"minecraft:white_bed":1,"minecraft:spruce_log":169,"croptopia:lemon":9,"croptopia:raspberry_seed":1,"croptopia:greenbean":2,"minecraft:bread":62,"croptopia:pepper":2,"minecraft:oak_sapling":41,"minecraft:mutton":12,"minecraft:black_wool":2,"minecraft:cobblestone":92,"croptopia:cabbage":2,"minecraft:coal":33,"minecraft:white_wool":3}},"DataVersion":3465}