{"stats":{"minecraft:dropped":{"minecraft:stone_sword":1},"minecraft:custom":{"minecraft:time_since_rest":4142,"lootr:looted_stat":15,"minecraft:sprint_one_cm":91923,"minecraft:damage_taken":175,"minecraft:walk_one_cm":118539,"minecraft:drop":1,"minecraft:fly_one_cm":369607,"minecraft:crouch_one_cm":65,"minecraft:play_time":54819,"minecraft:sneak_time":36,"minecraft:walk_under_water_one_cm":455,"minecraft:boat_one_cm":35254,"minecraft:jump":996,"minecraft:leave_game":2,"minecraft:walk_on_water_one_cm":30,"minecraft:time_since_death":54819,"minecraft:sleep_in_bed":1,"minecraft:total_world_time":54819,"minecraft:fall_one_cm":75579},"minecraft:used":{"minecraft:stone_sword":1,"croptopia:buttered_toast":6,"minecraft:dirt":1,"minecraft:oak_boat":1},"minecraft:picked_up":{"minecraft:leather_chestplate":1,"artifacts:digging_claws":1,"minecraft:water_bucket":1,"minecraft:leather_leggings":1,"minecraft:torch":8,"artifacts:bunny_hoppers":1,"artifacts:umbrella":1,"sophisticatedbackpacks:backpack":1,"minecraft:dirt":3,"minecraft:leather_helmet":1,"minecraft:leather_boots":1,"minecraft:stone_sword":2,"minecraft:arrow":32,"minecraft:bow":1,"minecraft:stone_axe":1,"minecraft:wheat_seeds":3,"croptopia:buttered_toast":32,"minecraft:stone_pickaxe":1,"minecraft:oak_boat":2,"minecraft:golden_apple":5,"hamsters:hamster":1,"minecraft:coal":10},"minecraft:mined":{"minecraft:birch_leaves":1,"minecraft:grass":37,"minecraft:grass_block":2,"minecraft:dirt":1,"minecraft:tall_grass":1,"minecraft:spruce_leaves":1}},"DataVersion":3465}