{"stats":{"minecraft:picked_up":{"artifacts:digging_claws":1,"croptopia:peach":8,"ecologics:seashell":1,"sophisticatedbackpacks:backpack":1,"croptopia:cabbage_seed":1,"minecraft:oak_log":10,"minecraft:dirt":6,"minecraft:wheat_seeds":7,"minecraft:bread":50,"minecraft:oak_sapling":2,"minecraft:black_wool":1,"minecraft:mutton":4,"minecraft:coal":20,"minecraft:cobblestone":50,"minecraft:white_wool":2,"croptopia:cabbage":1},"minecraft:crafted":{"minecraft:oak_planks":32,"minecraft:crafting_table":1,"minecraft:stick":8,"minecraft:wooden_pickaxe":1,"minecraft:stone_pickaxe":1,"minecraft:wooden_axe":1,"minecraft:furnace":1},"minecraft:used":{"minecraft:oak_log":2,"minecraft:stone_pickaxe":68,"minecraft:wooden_pickaxe":8,"minecraft:wooden_sword":111,"minecraft:dirt":6,"minecraft:crafting_table":1,"minecraft:furnace":1},"minecraft:custom":{"minecraft:time_since_rest":15759,"minecraft:interact_with_furnace":1,"minecraft:sprint_one_cm":22782,"minecraft:damage_taken":20,"minecraft:walk_one_cm":51377,"minecraft:mob_kills":3,"minecraft:damage_dealt":243,"minecraft:swim_one_cm":1522,"minecraft:interact_with_crafting_table":5,"minecraft:fly_one_cm":30597,"minecraft:crouch_one_cm":159,"minecraft:play_time":15759,"minecraft:sneak_time":23,"minecraft:walk_under_water_one_cm":71,"minecraft:jump":219,"minecraft:walk_on_water_one_cm":289,"minecraft:time_since_death":15759,"minecraft:total_world_time":15759,"minecraft:fall_one_cm":3984},"minecraft:killed":{"minecraft:sheep":3},"minecraft:mined":{"ecologics:seashell":1,"croptopia:peach_crop":2,"minecraft:grass":68,"minecraft:coal_ore":21,"minecraft:grass_block":2,"minecraft:oak_log":10,"minecraft:dirt":5,"minecraft:tall_grass":31,"minecraft:stone":50,"croptopia:cabbage_crop":1}},"DataVersion":3465}