{"stats":{"minecraft:custom":{"minecraft:jump":26,"minecraft:open_chest":1,"minecraft:time_since_rest":5951,"minecraft:walk_on_water_one_cm":67,"minecraft:crouch_one_cm":105,"lootr:looted_stat":1,"minecraft:sprint_one_cm":11312,"minecraft:play_time":5951,"minecraft:damage_taken":20,"minecraft:time_since_death":5951,"minecraft:walk_one_cm":18147,"minecraft:sneak_time":21,"minecraft:walk_under_water_one_cm":734,"minecraft:total_world_time":5951,"minecraft:fall_one_cm":418,"minecraft:fly_one_cm":4711},"minecraft:picked_up":{"naturalist:teddy_bear":1}},"DataVersion":3465}