{"stats":{"minecraft:custom":{"minecraft:jump":101,"minecraft:open_chest":1,"minecraft:time_since_rest":17951,"minecraft:walk_on_water_one_cm":207,"minecraft:crouch_one_cm":105,"lootr:looted_stat":3,"minecraft:sprint_one_cm":15014,"minecraft:play_time":17951,"minecraft:damage_taken":20,"minecraft:time_since_death":17951,"minecraft:walk_one_cm":52734,"minecraft:climb_one_cm":676,"minecraft:sneak_time":21,"minecraft:walk_under_water_one_cm":905,"minecraft:total_world_time":17951,"minecraft:talked_to_villager":13,"minecraft:fall_one_cm":1846,"minecraft:fly_one_cm":13551},"minecraft:used":{"naturalist:teddy_bear":1},"minecraft:mined":{"naturalist:teddy_bear":1},"minecraft:picked_up":{"naturalist:teddy_bear":2}},"DataVersion":3465}