{"stats":{"minecraft:custom":{"minecraft:time_since_rest":41951,"minecraft:open_chest":2,"minecraft:interact_with_smithing_table":1,"minecraft:crouch_one_cm":105,"minecraft:play_time":41951,"lootr:looted_stat":16,"minecraft:sprint_one_cm":27872,"minecraft:damage_taken":180,"minecraft:walk_one_cm":152227,"minecraft:bell_ring":3,"minecraft:sneak_time":40,"minecraft:walk_under_water_one_cm":905,"minecraft:jump":398,"minecraft:eat_cake_slice":6,"minecraft:time_since_death":41951,"minecraft:walk_on_water_one_cm":823,"minecraft:total_world_time":41951,"minecraft:climb_one_cm":676,"minecraft:talked_to_villager":24,"minecraft:fall_one_cm":11237,"minecraft:fly_one_cm":40822},"minecraft:used":{"minecraft:bread":2,"naturalist:teddy_bear":1},"minecraft:mined":{"minecraft:acacia_log":1,"minecraft:poppy":3,"minecraft:acacia_leaves":1,"naturalist:teddy_bear":1,"minecraft:tall_grass":1,"minecraft:oak_leaves":3},"minecraft:picked_up":{"naturalist:teddy_bear":2,"minecraft:acacia_log":1,"sophisticatedbackpacks:backpack":1,"croptopia:calamari":1,"minecraft:poppy":3,"minecraft:ink_sac":1}},"DataVersion":3465}