{"stats":{"minecraft:crafted":{"minecraft:crafting_table":1,"minecraft:stick":4,"minecraft:wooden_axe":1,"minecraft:acacia_planks":12},"minecraft:custom":{"minecraft:time_since_rest":55576,"minecraft:interact_with_smithing_table":1,"minecraft:sprint_one_cm":74022,"lootr:looted_stat":17,"minecraft:damage_taken":270,"minecraft:walk_one_cm":193959,"minecraft:talked_to_villager":25,"minecraft:interact_with_crafting_table":2,"minecraft:fly_one_cm":120503,"minecraft:open_chest":2,"minecraft:crouch_one_cm":105,"minecraft:play_time":55576,"minecraft:sneak_time":40,"minecraft:bell_ring":3,"minecraft:walk_under_water_one_cm":905,"minecraft:jump":770,"minecraft:eat_cake_slice":6,"minecraft:leave_game":1,"minecraft:walk_on_water_one_cm":823,"minecraft:time_since_death":55576,"minecraft:climb_one_cm":676,"minecraft:total_world_time":55576,"minecraft:fall_one_cm":20290},"minecraft:used":{"minecraft:wooden_axe":38,"minecraft:bread":5,"minecraft:baked_potato":2,"minecraft:crafting_table":1,"naturalist:teddy_bear":1},"minecraft:mined":{"minecraft:acacia_leaves":1,"naturalist:teddy_bear":1,"minecraft:crafting_table":1,"minecraft:grass":3,"minecraft:acacia_log":9,"croptopia:squash_crop":1,"minecraft:oak_log":21,"minecraft:poppy":3,"minecraft:tall_grass":1,"minecraft:oak_leaves":3,"minecraft:orange_bed":1},"minecraft:picked_up":{"minecraft:stick":10,"minecraft:crafting_table":1,"naturalist:teddy_bear":2,"minecraft:acacia_log":9,"sophisticatedbackpacks:backpack":1,"croptopia:calamari":1,"minecraft:oak_log":21,"minecraft:ink_sac":1,"minecraft:orange_bed":1,"minecraft:apple":1,"croptopia:squash_seed":1,"minecraft:wheat_seeds":1,"croptopia:squash":1,"minecraft:poppy":3,"minecraft:oak_sapling":9,"minecraft:acacia_sapling":3}},"DataVersion":3465}