{"stats":{"minecraft:mined":{"croptopia:pepper_crop":1,"minecraft:spruce_planks":9,"minecraft:white_bed":4,"minecraft:oak_sapling":1,"minecraft:farmland":1,"croptopia:greenbean_crop":1,"supplementaries:flower_box":1,"minecraft:potted_crimson_fungus":1,"minecraft:spruce_trapdoor":2,"minecraft:cave_vines_plant":7,"minecraft:grass_block":126,"minecraft:stone_brick_wall":2,"mcwfences:oak_hedge":7,"minecraft:oak_wall_sign":1,"minecraft:pumpkin":1,"minecraft:azure_bluet":3,"minecraft:cave_vines":43,"minecraft:flowering_azalea_leaves":30,"amendments:wall_lantern":3,"minecraft:oak_stairs":27,"minecraft:azalea_leaves":31,"ecologics:walnut_log":3,"minecraft:spruce_slab":3,"minecraft:tripwire":3,"minecraft:torch":1,"minecraft:poppy":2,"minecraft:chest":2,"minecraft:dead_bush":1,"croptopia:raspberry_crop":1,"minecraft:glass":33,"hearth_and_home:barred_glass":2,"minecraft:grindstone":1,"minecraft:potted_oak_sapling":2,"minecraft:oak_planks":12,"minecraft:wall_torch":2,"minecraft:spruce_sign":1,"ecologics:seashell":1,"minecraft:birch_log":150,"minecraft:light_gray_stained_glass":2,"minecraft:wheat":75,"minecraft:lilac":2,"mcwlights:bell_lantern":1,"minecraft:grass":269,"minecraft:oak_log":595,"ecologics:azalea_log":3,"ecologics:flowering_azalea_log":1,"minecraft:sand":225,"minecraft:dirt":168,"minecraft:stonecutter":1,"minecraft:oak_leaves":173,"croptopia:cabbage_crop":1,"minecraft:red_carpet":12,"mcwfences:oak_highley_gate":4,"minecraft:candle":1,"minecraft:potted_flowering_azalea_bush":3,"minecraft:allium":5,"minecraft:birch_slab":2,"minecraft:spruce_leaves":8,"minecraft:moss_block":13,"minecraft:oak_trapdoor":11,"minecraft:furnace":1,"hearth_and_home:cobblestone_brick_slab":5,"croptopia:corn_crop":2,"minecraft:stripped_spruce_log":14,"croptopia:peach_crop":2,"minecraft:peony":13,"hearth_and_home:barred_glass_pane":2,"minecraft:vine":5,"minecraft:lantern":43,"minecraft:stone":54,"minecraft:cake":1,"minecraft:oak_slab":7,"minecraft:acacia_leaves":158,"minecraft:flowering_azalea":4,"minecraft:glass_pane":49,"minecraft:lily_of_the_valley":3,"minecraft:stone_brick_slab":10,"minecraft:dandelion":1,"minecraft:crafting_table":10,"minecraft:rose_bush":10,"minecraft:campfire":1,"croptopia:lemon_crop":1,"minecraft:tall_grass":73,"mcwfences:oak_stockade_fence":18,"hearth_and_home:oak_lattice":8,"minecraft:spruce_stairs":5,"minecraft:birch_planks":38,"minecraft:sea_pickle":1,"minecraft:spruce_log":195,"betternether:cincinnasite_lantern_small":2,"minecraft:birch_leaves":2,"minecraft:coal_ore":48,"minecraft:gravel":1,"minecraft:cracked_stone_bricks":3,"minecraft:stone_bricks":6,"minecraft:fern":10},"minecraft:used":{"minecraft:peony":6,"minecraft:spruce_slab":51,"minecraft:oak_sign":4,"minecraft:ladder":5,"minecraft:poppy":2,"minecraft:chest":8,"minecraft:lily_of_the_valley":1,"minecraft:allium":1,"minecraft:axolotl_bucket":1,"minecraft:azure_bluet":2,"minecraft:glass":66,"minecraft:lantern":27,"mcwfences:oak_highley_gate":4,"minecraft:stone_bricks":2,"minecraft:item_frame":1,"hearth_and_home:barred_glass":2,"minecraft:red_carpet":3,"ecologics:azalea_door":1,"minecraft:furnace":2,"minecraft:oak_sapling":1,"minecraft:egg":1,"minecraft:stone_pickaxe":196,"minecraft:oak_planks":205,"minecraft:wooden_pickaxe":8,"minecraft:diamond_axe":352,"minecraft:oak_leaves":20,"hearth_and_home:cobblestone_brick_slab":5,"minecraft:glow_berries":15,"minecraft:acacia_leaves":116,"minecraft:stone_brick_wall":2,"minecraft:shears":354,"supplementaries:flower_box":2,"minecraft:birch_slab":3,"mcwfences:oak_stockade_fence":36,"minecraft:string":5,"minecraft:flowering_azalea_leaves":15,"croptopia:toast":31,"minecraft:diamond_sword":3,"minecraft:wooden_sword":157,"minecraft:birch_log":3,"minecraft:bone_meal":9,"minecraft:oak_fence":6,"minecraft:oak_trapdoor":29,"hearth_and_home:barred_glass_pane":36,"minecraft:rose_bush":8,"minecraft:stone_sword":16,"minecraft:stone_shovel":114,"mcwlights:bell_lantern":1,"minecraft:spruce_planks":163,"minecraft:wooden_shovel":21,"minecraft:torch":33,"minecraft:dirt":206,"hearth_and_home:oak_lattice":8,"minecraft:spruce_stairs":95,"minecraft:stone_brick_slab":10,"minecraft:wooden_axe":417,"mcwfences:oak_hedge":23,"minecraft:oak_stairs":123,"betternether:cincinnasite_lantern_small":2,"mcwfences:stone_grass_topped_wall":11,"hearth_and_home:spruce_lattice":8,"minecraft:birch_planks":358,"minecraft:spruce_sign":4,"minecraft:glow_item_frame":1,"minecraft:oak_slab":34,"minecraft:crafting_table":13,"minecraft:white_bed":5,"minecraft:oak_log":90,"minecraft:wooden_hoe":2,"minecraft:flower_pot":6,"minecraft:stone_axe":297,"minecraft:potion":1,"minecraft:azalea_leaves":19,"minecraft:glass_pane":49,"minecraft:bucket":1,"minecraft:dandelion":1,"minecraft:birch_stairs":11},"minecraft:crafted":{"minecraft:oak_planks":766,"minecraft:oak_sign":3,"mcwfences:stone_grass_topped_wall":12,"croptopia:toast":29,"minecraft:stone":31,"mcwfences:oak_highley_gate":5,"hearth_and_home:cobblestone_bricks":8,"hearth_and_home:cobblestone_brick_slab":6,"minecraft:glass":161,"ecologics:flowering_azalea_planks":4,"minecraft:stone_brick_slab":12,"minecraft:diamond_leggings":1,"minecraft:chest":6,"minecraft:stone_bricks":20,"minecraft:oak_fence":6,"hearth_and_home:barred_glass":20,"minecraft:oak_slab":138,"minecraft:item_frame":1,"minecraft:wooden_shovel":1,"minecraft:diamond_axe":1,"minecraft:crafting_table":8,"minecraft:wooden_pickaxe":1,"hearth_and_home:oak_lattice":18,"minecraft:birch_planks":424,"minecraft:spruce_trapdoor":2,"minecraft:wooden_hoe":1,"minecraft:stick":40,"minecraft:iron_ingot":2,"minecraft:stone_sword":1,"minecraft:birch_stairs":8,"minecraft:shears":2,"mcwlights:bell_lantern":1,"minecraft:stone_shovel":1,"minecraft:stone_brick_wall":6,"minecraft:iron_nugget":18,"minecraft:furnace":1,"minecraft:bone_meal":9,"minecraft:oak_trapdoor":54,"minecraft:glass_pane":80,"minecraft:spruce_stairs":12,"ecologics:azalea_stairs":4,"mcwfences:oak_stockade_fence":27,"minecraft:ladder":9,"minecraft:spruce_slab":12,"minecraft:stone_pickaxe":1,"paraglider:paraglider":1,"minecraft:diamond_sword":1,"hearth_and_home:spruce_lattice":12,"minecraft:spruce_sign":6,"ecologics:azalea_door":3,"hearth_and_home:barred_glass_pane":48,"minecraft:stone_axe":2,"minecraft:air":0,"supplementaries:flower_box":2,"minecraft:wooden_axe":5,"minecraft:oak_stairs":84,"minecraft:white_bed":1,"minecraft:torch":68,"mcwfences:oak_hedge":16,"ecologics:azalea_planks":12,"minecraft:diamond_chestplate":1},"minecraft:killed_by":{"minecraft:spider":1},"minecraft:picked_up":{"minecraft:wheat":71,"minecraft:flower_pot":9,"minecraft:diamond_sword":1,"minecraft:lead":1,"minecraft:oak_stairs":25,"minecraft:potion":3,"croptopia:cabbage_seed":2,"minecraft:string":6,"minecraft:oak_sign":1,"minecraft:sea_pickle":4,"mcwfences:oak_highley_gate":4,"minecraft:spruce_planks":8,"artifacts:aqua_dashers":1,"mcwfences:oak_hedge":7,"minecraft:rose_bush":10,"minecraft:azalea_leaves":19,"minecraft:furnace":1,"minecraft:stick":109,"ecologics:walnut_log":3,"minecraft:torch":3,"minecraft:spruce_stairs":4,"minecraft:porkchop":1,"minecraft:vine":5,"minecraft:rotten_flesh":4,"betternether:cincinnasite_lantern_small":10,"croptopia:raspberry_seed":1,"croptopia:cabbage":2,"minecraft:cobblestone":95,"minecraft:birch_log":149,"ecologics:walnut":6,"minecraft:lilac":1,"minecraft:birch_slab":2,"minecraft:acacia_leaves":116,"minecraft:potato":10,"minecraft:flint":1,"hearth_and_home:oak_lattice":8,"minecraft:dirt":297,"minecraft:lantern":46,"minecraft:leather_boots":1,"minecraft:bone":3,"croptopia:corn":2,"minecraft:stonecutter":1,"minecraft:bow":2,"minecraft:wheat_seeds":311,"minecraft:grindstone":2,"minecraft:moss_block":4,"minecraft:oak_planks":18,"ecologics:azalea_log":3,"minecraft:sand":225,"ecologics:coconut_husk":12,"minecraft:stripped_spruce_log":13,"minecraft:lily_of_the_valley":3,"mcwfences:oak_stockade_fence":18,"minecraft:sugar":1,"minecraft:diamond":20,"minecraft:grass":23,"minecraft:spruce_sign":1,"minecraft:bread":62,"minecraft:oak_sapling":140,"minecraft:oak_leaves":100,"croptopia:toast":21,"minecraft:charcoal":4,"minecraft:crafting_table":12,"minecraft:allium":4,"minecraft:azure_bluet":3,"minecraft:chicken":1,"croptopia:peach":48,"ecologics:seashell":2,"minecraft:wooden_pickaxe":1,"minecraft:stone_brick_wall":2,"minecraft:oak_trapdoor":11,"minecraft:moss_carpet":1,"ecologics:azalea_stairs":2,"croptopia:pear":8,"minecraft:cracked_stone_bricks":3,"minecraft:candle":12,"hearth_and_home:cobblestone_brick_slab":5,"croptopia:pepper_seed":2,"minecraft:iron_nugget":10,"minecraft:poppy":2,"minecraft:spruce_slab":3,"minecraft:chest":2,"minecraft:birch_sapling":17,"minecraft:spruce_trapdoor":2,"minecraft:egg":2,"croptopia:corn_seed":3,"minecraft:glow_item_frame":1,"ecologics:coconut_slice":15,"croptopia:greenbean_seed":2,"minecraft:flowering_azalea_leaves":24,"sophisticatedbackpacks:backpack":1,"supplementaries:flower_box":1,"minecraft:arrow":6,"mcwlights:bell_lantern":1,"minecraft:peony":13,"minecraft:diamond_boots":1,"minecraft:saddle":2,"croptopia:pepper":2,"minecraft:glow_berries":16,"minecraft:mutton":13,"minecraft:white_wool":4,"ecologics:flowering_azalea_log":1,"minecraft:birch_leaves":1,"artifacts:digging_claws":1,"minecraft:leather":1,"minecraft:birch_planks":33,"minecraft:oak_log":580,"minecraft:red_carpet":12,"minecraft:apple":30,"minecraft:stone_bricks":6,"croptopia:raspberry":1,"minecraft:glass_bottle":1,"minecraft:gray_bed":1,"minecraft:acacia_sapling":1,"minecraft:flowering_azalea":8,"minecraft:oak_slab":7,"minecraft:pumpkin":2,"minecraft:stone_brick_slab":10,"minecraft:dandelion":1,"minecraft:spruce_sapling":37,"minecraft:white_bed":4,"minecraft:spruce_log":194,"croptopia:lemon":9,"croptopia:greenbean":2,"minecraft:black_wool":2,"minecraft:coal":60},"minecraft:dropped":{"minecraft:moss_block":1,"minecraft:candle":8,"minecraft:glass_bottle":1,"minecraft:crafting_table":3,"minecraft:saddle":1,"minecraft:flint":1,"minecraft:dirt":5,"minecraft:sugar":1,"minecraft:glistering_melon_slice":2,"minecraft:birch_sapling":6,"minecraft:rotten_flesh":2,"minecraft:grindstone":1,"minecraft:oak_planks":1,"hearth_and_home:cobblestone_brick_slab":6,"minecraft:charcoal":2,"minecraft:leather_boots":1,"minecraft:arrow":3,"minecraft:wheat_seeds":206,"minecraft:lead":1,"minecraft:book":1,"minecraft:stick":9,"minecraft:gray_bed":1,"minecraft:potion":6,"minecraft:flowering_azalea":4,"minecraft:string":1,"minecraft:spruce_sapling":37,"minecraft:dandelion":1,"minecraft:moss_carpet":1,"artifacts:aqua_dashers":1,"croptopia:corn_seed":3,"minecraft:diamond_sword":1,"minecraft:shield":1,"minecraft:flower_pot":2,"minecraft:sea_pickle":4,"minecraft:oak_sapling":90},"minecraft:custom":{"lootr:looted_stat":86,"minecraft:interact_with_crafting_table":130,"minecraft:leave_game":14,"minecraft:time_since_death":322860,"minecraft:sprint_one_cm":687086,"minecraft:drop":69,"minecraft:talked_to_villager":2,"minecraft:play_time":652500,"minecraft:deaths":2,"minecraft:jump":4919,"minecraft:walk_on_water_one_cm":10062,"minecraft:interact_with_furnace":43,"minecraft:sleep_in_bed":35,"minecraft:damage_dealt":2235,"minecraft:crouch_one_cm":30786,"minecraft:interact_with_smoker":1,"minecraft:horse_one_cm":299303,"minecraft:interact_with_smithing_table":2,"minecraft:mob_kills":18,"minecraft:climb_one_cm":23117,"minecraft:walk_one_cm":1722867,"minecraft:damage_dealt_absorbed":15,"minecraft:sneak_time":16019,"minecraft:walk_under_water_one_cm":8567,"minecraft:interact_with_blast_furnace":1,"minecraft:total_world_time":652500,"minecraft:pot_flower":4,"minecraft:interact_with_grindstone":1,"minecraft:time_since_rest":388,"minecraft:damage_taken":1812,"minecraft:swim_one_cm":19984,"minecraft:fly_one_cm":1230906,"minecraft:open_chest":167,"minecraft:fall_one_cm":251852},"minecraft:broken":{"minecraft:shears":1,"minecraft:wooden_sword":1,"minecraft:stone_axe":2,"minecraft:wooden_axe":6},"minecraft:killed":{"naturalist:boar":1,"minecraft:skeleton":5,"minecraft:chicken":1,"minecraft:sheep":5,"minecraft:pillager":1,"minecraft:zombie":3}},"DataVersion":3465}