{"stats":{"minecraft:dropped":{"minecraft:wheat_seeds":206,"minecraft:crafting_table":3,"minecraft:lead":1,"minecraft:saddle":1,"minecraft:stick":7,"minecraft:gray_bed":1,"minecraft:spruce_sapling":37,"minecraft:rotten_flesh":2,"minecraft:oak_planks":1,"minecraft:leather_boots":1,"minecraft:oak_sapling":34},"minecraft:killed_by":{"minecraft:spider":1},"minecraft:picked_up":{"croptopia:toast":21,"minecraft:charcoal":2,"minecraft:allium":4,"minecraft:crafting_table":7,"minecraft:wheat":71,"minecraft:azure_bluet":1,"minecraft:chicken":1,"croptopia:peach":36,"ecologics:seashell":2,"minecraft:lead":1,"minecraft:wooden_pickaxe":1,"minecraft:oak_stairs":14,"croptopia:cabbage_seed":2,"minecraft:string":2,"croptopia:pear":8,"minecraft:sea_pickle":2,"hearth_and_home:cobblestone_brick_slab":5,"minecraft:spruce_planks":4,"minecraft:rose_bush":2,"croptopia:pepper_seed":2,"minecraft:poppy":2,"minecraft:spruce_slab":2,"minecraft:chest":1,"minecraft:birch_sapling":14,"minecraft:spruce_trapdoor":2,"minecraft:egg":2,"minecraft:furnace":1,"minecraft:stick":65,"croptopia:greenbean_seed":2,"minecraft:torch":1,"minecraft:spruce_stairs":2,"sophisticatedbackpacks:backpack":1,"minecraft:porkchop":1,"minecraft:arrow":2,"minecraft:rotten_flesh":2,"croptopia:raspberry_seed":1,"minecraft:diamond_boots":1,"minecraft:saddle":1,"croptopia:pepper":2,"minecraft:mutton":13,"minecraft:white_wool":4,"croptopia:cabbage":2,"minecraft:cobblestone":92,"minecraft:birch_log":142,"ecologics:flowering_azalea_log":1,"artifacts:digging_claws":1,"minecraft:birch_slab":2,"minecraft:leather":1,"minecraft:potato":10,"minecraft:birch_planks":25,"minecraft:oak_log":305,"minecraft:dirt":179,"minecraft:lantern":1,"minecraft:leather_boots":1,"minecraft:bone":2,"minecraft:apple":13,"minecraft:wheat_seeds":306,"croptopia:raspberry":1,"minecraft:gray_bed":1,"minecraft:oak_planks":15,"minecraft:flowering_azalea":1,"minecraft:oak_slab":6,"ecologics:azalea_log":3,"minecraft:pumpkin":2,"minecraft:stripped_spruce_log":13,"minecraft:spruce_sapling":37,"minecraft:white_bed":1,"minecraft:spruce_log":194,"croptopia:lemon":9,"croptopia:greenbean":2,"minecraft:bread":62,"minecraft:oak_sapling":83,"minecraft:black_wool":2,"minecraft:coal":33},"minecraft:crafted":{"minecraft:oak_planks":118,"minecraft:stone_brick_wall":6,"minecraft:furnace":1,"croptopia:toast":29,"minecraft:stone":16,"hearth_and_home:cobblestone_bricks":4,"hearth_and_home:cobblestone_brick_slab":6,"minecraft:stone_brick_slab":12,"minecraft:stone_pickaxe":1,"minecraft:chest":3,"minecraft:stone_bricks":16,"minecraft:oak_fence":6,"ecologics:azalea_door":3,"minecraft:crafting_table":5,"minecraft:wooden_pickaxe":1,"minecraft:birch_planks":424,"minecraft:stone_axe":2,"minecraft:stick":24,"minecraft:oak_stairs":44,"minecraft:wooden_axe":5,"minecraft:stone_sword":1,"minecraft:white_bed":1,"minecraft:torch":52,"ecologics:azalea_planks":12},"minecraft:used":{"minecraft:oak_fence":6,"minecraft:stone_sword":16,"minecraft:spruce_slab":37,"minecraft:spruce_planks":84,"minecraft:chest":4,"minecraft:torch":33,"minecraft:dirt":120,"minecraft:spruce_stairs":72,"minecraft:stone_brick_slab":9,"minecraft:wooden_axe":417,"minecraft:oak_stairs":81,"ecologics:azalea_door":1,"minecraft:oak_sapling":1,"minecraft:furnace":2,"minecraft:egg":1,"minecraft:birch_planks":332,"minecraft:stone_pickaxe":196,"minecraft:oak_planks":35,"minecraft:wooden_pickaxe":8,"hearth_and_home:cobblestone_brick_slab":5,"minecraft:oak_slab":22,"minecraft:crafting_table":7,"minecraft:white_bed":2,"minecraft:stone_brick_wall":2,"minecraft:oak_log":82,"minecraft:birch_slab":3,"minecraft:stone_axe":283,"croptopia:toast":12,"minecraft:wooden_sword":157,"minecraft:birch_log":3,"minecraft:birch_stairs":7},"minecraft:broken":{"minecraft:wooden_sword":1,"minecraft:stone_axe":1,"minecraft:wooden_axe":6},"minecraft:custom":{"lootr:looted_stat":4,"minecraft:mob_kills":11,"minecraft:interact_with_crafting_table":44,"minecraft:leave_game":6,"minecraft:time_since_death":1895,"minecraft:sprint_one_cm":256041,"minecraft:walk_one_cm":656950,"minecraft:drop":30,"minecraft:damage_dealt_absorbed":15,"minecraft:play_time":254456,"minecraft:deaths":1,"minecraft:sneak_time":9839,"minecraft:walk_under_water_one_cm":317,"minecraft:jump":1874,"minecraft:walk_on_water_one_cm":950,"minecraft:total_world_time":254456,"minecraft:interact_with_furnace":13,"minecraft:sleep_in_bed":8,"minecraft:time_since_rest":1908,"minecraft:damage_taken":1010,"minecraft:damage_dealt":1157,"minecraft:swim_one_cm":2715,"minecraft:fly_one_cm":274429,"minecraft:open_chest":44,"minecraft:crouch_one_cm":21933,"minecraft:fall_one_cm":41234,"minecraft:horse_one_cm":5081},"minecraft:killed":{"naturalist:boar":1,"minecraft:skeleton":1,"minecraft:chicken":1,"minecraft:sheep":5,"minecraft:zombie":1},"minecraft:mined":{"croptopia:pepper_crop":1,"minecraft:spruce_planks":5,"minecraft:white_bed":1,"minecraft:oak_sapling":1,"minecraft:farmland":1,"croptopia:greenbean_crop":1,"minecraft:spruce_trapdoor":2,"minecraft:allium":4,"minecraft:grass_block":91,"minecraft:birch_slab":2,"minecraft:spruce_leaves":8,"hearth_and_home:cobblestone_brick_slab":5,"minecraft:furnace":1,"minecraft:stripped_spruce_log":14,"minecraft:pumpkin":1,"minecraft:azure_bluet":1,"croptopia:peach_crop":2,"minecraft:flowering_azalea_leaves":1,"minecraft:oak_stairs":15,"minecraft:lantern":1,"minecraft:azalea_leaves":4,"minecraft:stone":52,"minecraft:spruce_slab":2,"minecraft:oak_slab":6,"minecraft:crafting_table":4,"minecraft:torch":1,"minecraft:poppy":2,"minecraft:chest":1,"minecraft:rose_bush":2,"minecraft:campfire":1,"croptopia:raspberry_crop":1,"croptopia:lemon_crop":1,"minecraft:tall_grass":55,"minecraft:oak_planks":9,"minecraft:spruce_stairs":3,"minecraft:birch_planks":30,"ecologics:seashell":1,"minecraft:sea_pickle":1,"minecraft:birch_log":143,"minecraft:wheat":75,"minecraft:spruce_log":195,"minecraft:grass":231,"minecraft:oak_log":301,"minecraft:coal_ore":21,"ecologics:azalea_log":3,"ecologics:flowering_azalea_log":1,"minecraft:dirt":90,"minecraft:oak_leaves":34,"minecraft:fern":8,"croptopia:cabbage_crop":1}},"DataVersion":3465}