{"stats":{"minecraft:mined":{"croptopia:pepper_crop":1,"minecraft:white_bed":1,"minecraft:oak_sapling":1,"minecraft:farmland":1,"croptopia:greenbean_crop":1,"minecraft:crafting_table":2,"minecraft:spruce_trapdoor":2,"minecraft:grass_block":5,"minecraft:poppy":2,"minecraft:chest":1,"minecraft:campfire":1,"croptopia:raspberry_crop":1,"croptopia:lemon_crop":1,"minecraft:tall_grass":52,"minecraft:spruce_leaves":8,"minecraft:furnace":1,"ecologics:seashell":1,"minecraft:sea_pickle":1,"minecraft:birch_log":136,"minecraft:wheat":75,"minecraft:spruce_log":195,"minecraft:stripped_spruce_log":14,"minecraft:pumpkin":1,"croptopia:peach_crop":2,"minecraft:grass":211,"minecraft:oak_log":181,"minecraft:coal_ore":21,"minecraft:flowering_azalea_leaves":1,"ecologics:azalea_log":3,"ecologics:flowering_azalea_log":1,"minecraft:lantern":1,"minecraft:dirt":6,"minecraft:azalea_leaves":4,"minecraft:stone":52,"minecraft:oak_leaves":9,"minecraft:spruce_slab":1,"minecraft:fern":8,"croptopia:cabbage_crop":1},"minecraft:dropped":{"minecraft:wheat_seeds":200,"minecraft:oak_sapling":14,"minecraft:spruce_sapling":37},"minecraft:used":{"minecraft:stone_pickaxe":196,"minecraft:chest":4,"minecraft:wooden_pickaxe":8,"minecraft:torch":31,"minecraft:dirt":6,"minecraft:crafting_table":5,"minecraft:white_bed":2,"minecraft:oak_log":3,"minecraft:wooden_axe":339,"minecraft:stone_axe":149,"croptopia:toast":8,"minecraft:wooden_sword":157,"minecraft:furnace":2,"minecraft:oak_sapling":1,"minecraft:birch_log":3,"minecraft:egg":1},"minecraft:broken":{"minecraft:wooden_sword":1,"minecraft:stone_axe":1,"minecraft:wooden_axe":5},"minecraft:killed":{"naturalist:boar":1,"minecraft:sheep":5,"minecraft:zombie":1,"minecraft:chicken":1},"minecraft:custom":{"lootr:looted_stat":4,"minecraft:interact_with_furnace":5,"minecraft:mob_kills":10,"minecraft:interact_with_crafting_table":23,"minecraft:leave_game":4,"minecraft:time_since_death":109240,"minecraft:time_since_rest":109240,"minecraft:sprint_one_cm":181960,"minecraft:damage_taken":180,"minecraft:walk_one_cm":309978,"minecraft:drop":15,"minecraft:damage_dealt":849,"minecraft:swim_one_cm":2715,"minecraft:fly_one_cm":255339,"minecraft:open_chest":22,"minecraft:crouch_one_cm":251,"minecraft:play_time":109240,"minecraft:sneak_time":39,"minecraft:walk_under_water_one_cm":317,"minecraft:jump":1399,"minecraft:walk_on_water_one_cm":950,"minecraft:total_world_time":109240,"minecraft:fall_one_cm":29257,"minecraft:horse_one_cm":3070},"minecraft:crafted":{"minecraft:oak_planks":118,"minecraft:crafting_table":4,"minecraft:wooden_pickaxe":1,"minecraft:furnace":1,"croptopia:toast":29,"minecraft:birch_planks":396,"minecraft:stone_axe":1,"minecraft:stick":12,"minecraft:stone_pickaxe":1,"minecraft:wooden_axe":5,"minecraft:chest":3,"minecraft:white_bed":1,"minecraft:torch":52},"minecraft:picked_up":{"croptopia:toast":21,"minecraft:birch_log":135,"ecologics:flowering_azalea_log":1,"minecraft:charcoal":2,"minecraft:crafting_table":2,"minecraft:wheat":71,"minecraft:chicken":1,"croptopia:peach":36,"artifacts:digging_claws":1,"minecraft:leather":1,"ecologics:seashell":2,"minecraft:wooden_pickaxe":1,"minecraft:potato":10,"croptopia:cabbage_seed":2,"minecraft:oak_log":186,"minecraft:dirt":10,"minecraft:lantern":1,"minecraft:apple":9,"minecraft:sea_pickle":2,"minecraft:wheat_seeds":295,"croptopia:raspberry":1,"croptopia:pepper_seed":2,"minecraft:poppy":2,"minecraft:spruce_slab":1,"minecraft:chest":1,"minecraft:birch_sapling":12,"minecraft:oak_planks":7,"minecraft:flowering_azalea":1,"minecraft:spruce_trapdoor":2,"minecraft:egg":2,"minecraft:furnace":1,"minecraft:stick":39,"ecologics:azalea_log":3,"minecraft:pumpkin":2,"croptopia:greenbean_seed":2,"sophisticatedbackpacks:backpack":1,"minecraft:porkchop":1,"minecraft:stripped_spruce_log":13,"minecraft:spruce_sapling":37,"minecraft:white_bed":1,"minecraft:spruce_log":194,"croptopia:lemon":9,"croptopia:raspberry_seed":1,"croptopia:greenbean":2,"minecraft:bread":62,"croptopia:pepper":2,"minecraft:oak_sapling":41,"minecraft:mutton":13,"minecraft:black_wool":2,"minecraft:cobblestone":92,"croptopia:cabbage":2,"minecraft:coal":33,"minecraft:white_wool":4}},"DataVersion":3465}