{"stats":{"minecraft:crafted":{"minecraft:wooden_shovel":1,"minecraft:acacia_planks":24,"minecraft:crafting_table":2,"minecraft:stick":8,"minecraft:stone_pickaxe":1,"minecraft:wooden_pickaxe":1,"minecraft:wooden_axe":1},"minecraft:custom":{"minecraft:time_since_rest":29633,"minecraft:play_time":29633,"minecraft:sprint_one_cm":25822,"minecraft:walk_one_cm":16890,"minecraft:sneak_time":5,"minecraft:walk_under_water_one_cm":213,"minecraft:jump":96,"minecraft:leave_game":1,"minecraft:time_since_death":29633,"minecraft:walk_on_water_one_cm":705,"minecraft:total_world_time":29633,"minecraft:fly_one_cm":21883,"minecraft:swim_one_cm":6720,"minecraft:interact_with_crafting_table":3,"minecraft:fall_one_cm":2475},"minecraft:used":{"minecraft:wooden_axe":33,"minecraft:crafting_table":2,"minecraft:stone_pickaxe":16,"minecraft:acacia_sapling":11,"minecraft:wooden_pickaxe":16,"minecraft:wooden_shovel":5},"minecraft:mined":{"minecraft:grass":29,"minecraft:acacia_log":35,"minecraft:grass_block":2,"minecraft:acacia_sapling":2,"minecraft:dead_bush":5,"minecraft:dirt":3,"minecraft:tall_grass":4,"minecraft:stone":31,"minecraft:fern":1},"minecraft:picked_up":{"minecraft:stick":4,"minecraft:wheat_seeds":4,"minecraft:acacia_log":31,"sophisticatedbackpacks:backpack":1,"minecraft:acacia_sapling":11,"minecraft:dirt":5,"minecraft:cobblestone":31}},"DataVersion":3465}