{"stats":{"minecraft:crafted":{"minecraft:wooden_shovel":1,"minecraft:stone_shovel":3,"minecraft:crafting_table":3,"minecraft:wooden_pickaxe":1,"minecraft:furnace":2,"minecraft:stone_axe":2,"minecraft:stick":28,"minecraft:stone_pickaxe":2,"minecraft:wooden_axe":1,"minecraft:stone_sword":2,"minecraft:chest":2,"minecraft:acacia_planks":236,"minecraft:torch":20,"minecraft:stone_hoe":1},"minecraft:killed":{"minecraft:spider":3,"naturalist:coral_snake":1,"minecraft:drowned":4},"minecraft:mined":{"minecraft:acacia_log":64,"minecraft:grass_block":2,"minecraft:chest":1,"minecraft:dead_bush":5,"minecraft:tall_grass":4,"minecraft:deepslate_coal_ore":9,"minecraft:sandstone":50,"minecraft:acacia_sapling":2,"minecraft:gray_bed":1,"minecraft:grass":30,"minecraft:dirt":3,"minecraft:sand":265,"minecraft:stone":46,"sophisticatedbackpacks:backpack":1,"minecraft:fern":1},"minecraft:picked_up":{"minecraft:string":2,"minecraft:dirt":5,"minecraft:wheat_seeds":4,"minecraft:gray_bed":1,"minecraft:chest":1,"minecraft:acacia_sapling":19,"minecraft:stick":8,"minecraft:sandstone":43,"minecraft:acacia_log":59,"sophisticatedbackpacks:backpack":2,"minecraft:sand":298,"minecraft:rotten_flesh":6,"minecraft:stone_shovel":2,"minecraft:coal":9,"minecraft:cobblestone":44},"minecraft:broken":{"minecraft:stone_shovel":1},"minecraft:used":{"minecraft:wheat_seeds":4,"minecraft:stone_sword":5,"minecraft:stone_shovel":261,"minecraft:stone_pickaxe":91,"minecraft:shield":3,"minecraft:chest":3,"minecraft:wooden_pickaxe":16,"minecraft:wooden_shovel":5,"minecraft:stone_hoe":5,"minecraft:iron_chestplate":1,"minecraft:dirt":5,"minecraft:sand":2,"minecraft:crafting_table":3,"minecraft:acacia_sapling":19,"minecraft:wooden_axe":33,"sophisticatedbackpacks:backpack":1,"minecraft:bread":9,"minecraft:stone_axe":55,"minecraft:furnace":2,"minecraft:gray_bed":1},"minecraft:dropped":{"minecraft:stone_shovel":3,"minecraft:rotten_flesh":6,"minecraft:wooden_axe":1,"minecraft:wooden_shovel":1,"minecraft:wooden_sword":1,"minecraft:wooden_pickaxe":1},"minecraft:custom":{"minecraft:interact_with_furnace":1,"lootr:looted_stat":2,"minecraft:mob_kills":8,"minecraft:interact_with_crafting_table":16,"minecraft:leave_game":2,"minecraft:time_since_death":67507,"minecraft:time_since_rest":67507,"minecraft:sprint_one_cm":81151,"minecraft:damage_taken":390,"minecraft:walk_one_cm":93724,"minecraft:damage_blocked_by_shield":100,"minecraft:drop":13,"minecraft:damage_dealt":1527,"minecraft:swim_one_cm":19663,"minecraft:fly_one_cm":50021,"minecraft:open_chest":15,"minecraft:crouch_one_cm":148,"minecraft:play_time":67507,"minecraft:sneak_time":133,"minecraft:walk_under_water_one_cm":1007,"minecraft:jump":266,"minecraft:walk_on_water_one_cm":2500,"minecraft:total_world_time":67507,"minecraft:fall_one_cm":4687}},"DataVersion":3465}