{"stats":{"minecraft:crafted":{"basicweapons:stone_dagger":1,"minecraft:wooden_shovel":1,"minecraft:stone_shovel":8,"minecraft:fishing_rod":1,"minecraft:crafting_table":5,"minecraft:iron_helmet":1,"minecraft:wooden_pickaxe":3,"minecraft:iron_sword":1,"minecraft:furnace":3,"minecraft:acacia_stairs":4,"minecraft:stone_axe":3,"minecraft:iron_boots":1,"minecraft:iron_chestplate":1,"minecraft:stick":64,"minecraft:iron_pickaxe":2,"minecraft:iron_ingot":9,"minecraft:stone_pickaxe":6,"minecraft:wooden_axe":1,"minecraft:iron_leggings":1,"minecraft:stone_sword":2,"minecraft:chest":2,"minecraft:acacia_door":6,"minecraft:acacia_planks":236,"minecraft:torch":52,"minecraft:stone_hoe":2},"minecraft:killed":{"minecraft:spider":3,"minecraft:skeleton":1,"naturalist:coral_snake":1,"minecraft:drowned":5},"minecraft:mined":{"minecraft:tuff":8,"minecraft:acacia_leaves":3,"minecraft:blackstone":85,"minecraft:kelp_plant":1,"minecraft:crafting_table":2,"minecraft:granite":217,"minecraft:acacia_log":182,"minecraft:grass_block":61,"minecraft:chest":1,"minecraft:dead_bush":5,"minecraft:copper_ore":11,"minecraft:tall_grass":6,"minecraft:cobblestone":13,"minecraft:deepslate_coal_ore":9,"minecraft:kelp":1,"minecraft:sandstone":252,"minecraft:wall_torch":4,"minecraft:deepslate_copper_ore":5,"minecraft:coarse_dirt":6,"croptopia:leek_crop":1,"minecraft:redstone_ore":2,"minecraft:acacia_sapling":2,"minecraft:furnace":1,"minecraft:iron_ore":9,"minecraft:gray_bed":1,"minecraft:dirt_path":12,"croptopia:hops_crop":1,"minecraft:deepslate_lapis_ore":8,"croptopia:yam_crop":1,"minecraft:grass":42,"minecraft:coal_ore":54,"minecraft:deepslate_iron_ore":26,"refurbished_furniture:red_trampoline":4,"minecraft:dirt":24,"minecraft:sand":615,"croptopia:rutabaga_crop":1,"minecraft:stone":412,"sophisticatedbackpacks:backpack":1,"minecraft:deepslate":10,"minecraft:fern":1},"minecraft:picked_up":{"minecraft:coarse_dirt":5,"minecraft:wheat":4,"minecraft:iron_chestplate":1,"minecraft:crafting_table":2,"artifacts:digging_claws":1,"minecraft:tuff":8,"artifacts:superstitious_hat":1,"croptopia:leek":1,"minecraft:lapis_lazuli":83,"minecraft:string":2,"minecraft:dirt":91,"minecraft:raw_copper":48,"minecraft:acacia_door":2,"minecraft:blackstone":85,"minecraft:kelp":3,"minecraft:wheat_seeds":76,"minecraft:cobbled_deepslate":10,"minecraft:iron_ingot":32,"minecraft:iron_pickaxe":2,"minecraft:gray_bed":1,"minecraft:chest":1,"minecraft:acacia_sapling":55,"minecraft:furnace":1,"croptopia:yam":1,"minecraft:raw_iron":35,"minecraft:stick":33,"minecraft:sandstone":239,"minecraft:bowl":1,"minecraft:torch":6,"croptopia:rutabaga":1,"minecraft:acacia_log":262,"croptopia:hops":1,"sophisticatedbackpacks:backpack":3,"minecraft:sand":644,"croptopia:rutabaga_seed":1,"refurbished_furniture:red_trampoline":4,"croptopia:hops_seed":1,"minecraft:redstone":40,"croptopia:yam_seed":1,"minecraft:rotten_flesh":6,"minecraft:stone_shovel":2,"croptopia:leek_seed":2,"minecraft:granite":169,"minecraft:golden_apple":1,"minecraft:bread":64,"minecraft:cod":1,"minecraft:coal":134,"minecraft:cobblestone":404},"minecraft:used":{"minecraft:wheat_seeds":19,"minecraft:stone_sword":5,"minecraft:acacia_log":39,"minecraft:stone_shovel":694,"minecraft:stone_pickaxe":777,"minecraft:shield":3,"minecraft:chest":3,"minecraft:wooden_pickaxe":135,"minecraft:sandstone":1,"minecraft:wooden_shovel":5,"minecraft:stone_hoe":19,"minecraft:iron_chestplate":1,"minecraft:torch":18,"minecraft:dirt":27,"minecraft:sand":39,"minecraft:crafting_table":6,"minecraft:mushroom_stew":1,"minecraft:acacia_sapling":52,"minecraft:granite":35,"minecraft:wooden_axe":33,"sophisticatedbackpacks:backpack":1,"minecraft:acacia_door":6,"minecraft:bread":17,"minecraft:iron_pickaxe":226,"minecraft:stone_axe":207,"minecraft:fishing_rod":3,"minecraft:cobblestone":81,"minecraft:furnace":3,"minecraft:gray_bed":1},"minecraft:broken":{"minecraft:stone_pickaxe":6,"minecraft:stone_shovel":4,"minecraft:wooden_pickaxe":2},"minecraft:dropped":{"minecraft:kelp":3,"minecraft:coarse_dirt":5,"minecraft:bowl":1,"basicweapons:stone_dagger":1,"minecraft:stone_shovel":3,"minecraft:rotten_flesh":6,"minecraft:golden_apple":1,"minecraft:wooden_axe":1,"minecraft:wooden_shovel":1,"minecraft:wooden_sword":1,"minecraft:wooden_pickaxe":1,"artifacts:digging_claws":1},"minecraft:custom":{"minecraft:interact_with_furnace":6,"lootr:looted_stat":7,"minecraft:mob_kills":10,"minecraft:interact_with_crafting_table":42,"minecraft:leave_game":2,"minecraft:time_since_death":122165,"minecraft:sleep_in_bed":1,"minecraft:time_since_rest":120521,"minecraft:sprint_one_cm":149971,"minecraft:damage_taken":989,"minecraft:walk_one_cm":366253,"minecraft:damage_blocked_by_shield":100,"minecraft:drop":25,"minecraft:damage_dealt":1982,"minecraft:talked_to_villager":4,"minecraft:swim_one_cm":72768,"minecraft:fly_one_cm":94761,"minecraft:open_chest":40,"minecraft:crouch_one_cm":820,"minecraft:play_time":223507,"minecraft:deaths":1,"minecraft:sneak_time":1607,"minecraft:walk_under_water_one_cm":40899,"minecraft:jump":944,"minecraft:walk_on_water_one_cm":34177,"minecraft:total_world_time":223507,"minecraft:fish_caught":1,"minecraft:fall_one_cm":12548}},"DataVersion":3465}