{"stats":{"minecraft:picked_up":{"minecraft:stick":10,"minecraft:crafting_table":2,"minecraft:gravel":1,"minecraft:flint":1,"minecraft:oak_log":85,"minecraft:gunpowder":1,"minecraft:raw_copper":4,"minecraft:apple":2,"minecraft:mossy_cobblestone_wall":27,"minecraft:oak_sapling":21,"minecraft:coal":59,"minecraft:cobblestone":82},"minecraft:crafted":{"minecraft:oak_planks":40,"minecraft:crafting_table":1,"minecraft:stick":8,"minecraft:wooden_pickaxe":1,"minecraft:stone_pickaxe":1,"minecraft:wooden_axe":1,"minecraft:chest":1,"minecraft:furnace":1,"minecraft:torch":4,"minecraft:stone_axe":1},"minecraft:used":{"minecraft:wooden_axe":60,"minecraft:stone_pickaxe":116,"minecraft:wooden_pickaxe":59,"minecraft:stone_axe":35,"minecraft:crafting_table":3,"minecraft:furnace":1},"minecraft:custom":{"minecraft:time_since_rest":15117,"minecraft:interact_with_furnace":1,"minecraft:sprint_one_cm":11992,"minecraft:walk_one_cm":35684,"minecraft:mob_kills":2,"minecraft:damage_dealt":400,"minecraft:interact_with_crafting_table":5,"minecraft:fly_one_cm":11907,"minecraft:play_time":15117,"minecraft:jump":84,"minecraft:time_since_death":15117,"minecraft:walk_on_water_one_cm":165,"minecraft:total_world_time":15117,"minecraft:fall_one_cm":1846},"minecraft:killed":{"minecraft:creeper":2},"minecraft:broken":{"minecraft:wooden_axe":1,"minecraft:wooden_pickaxe":1},"minecraft:mined":{"minecraft:crafting_table":2,"minecraft:grass":4,"minecraft:oak_log":85,"minecraft:mossy_cobblestone_wall":27,"minecraft:coal_ore":60,"minecraft:gravel":2,"minecraft:tall_grass":1,"minecraft:copper_ore":2,"minecraft:stone":82}},"DataVersion":3465}