{"stats":{"minecraft:picked_up":{"minecraft:crafting_table":2,"minecraft:andesite":29,"minecraft:leather":1,"minecraft:flint":2,"minecraft:oak_log":85,"minecraft:gunpowder":1,"minecraft:lapis_lazuli":24,"minecraft:dirt":1,"minecraft:raw_copper":4,"minecraft:bone":2,"minecraft:apple":2,"minecraft:bow":1,"minecraft:mossy_cobblestone_wall":27,"minecraft:stick":13,"minecraft:raw_iron":3,"minecraft:gravel":2,"minecraft:porkchop":6,"minecraft:arrow":2,"minecraft:gray_wool":1,"minecraft:oak_sapling":21,"minecraft:mutton":6,"minecraft:coal":157,"minecraft:white_wool":3,"minecraft:cobblestone":90},"minecraft:crafted":{"minecraft:oak_planks":64,"minecraft:stone_shovel":1,"minecraft:crafting_table":1,"minecraft:wooden_pickaxe":1,"minecraft:furnace":1,"croptopia:toast":9,"minecraft:stone_axe":2,"minecraft:stick":40,"minecraft:iron_ingot":3,"minecraft:iron_pickaxe":1,"minecraft:stone_pickaxe":3,"minecraft:wooden_axe":1,"minecraft:stone_sword":1,"minecraft:chest":2,"minecraft:white_bed":1,"minecraft:torch":36},"minecraft:used":{"minecraft:stone_shovel":3,"minecraft:stone_pickaxe":258,"minecraft:wooden_pickaxe":59,"minecraft:chest":2,"minecraft:shield":7,"minecraft:stick":13,"minecraft:torch":10,"minecraft:crafting_table":3,"minecraft:white_bed":1,"minecraft:wooden_axe":60,"minecraft:stone_axe":58,"croptopia:toast":2,"minecraft:cobblestone":2,"minecraft:furnace":1},"minecraft:custom":{"minecraft:interact_with_furnace":8,"minecraft:mob_kills":12,"minecraft:interact_with_crafting_table":13,"minecraft:time_since_death":10111,"minecraft:time_since_rest":10129,"minecraft:sprint_one_cm":48151,"minecraft:damage_taken":330,"minecraft:walk_one_cm":104628,"minecraft:damage_blocked_by_shield":300,"minecraft:damage_dealt":1928,"minecraft:swim_one_cm":5790,"minecraft:fly_one_cm":28967,"minecraft:open_chest":11,"minecraft:crouch_one_cm":2,"minecraft:play_time":39117,"minecraft:deaths":1,"minecraft:sneak_time":70,"minecraft:walk_under_water_one_cm":130,"minecraft:jump":282,"minecraft:walk_on_water_one_cm":4816,"minecraft:total_world_time":39117,"minecraft:fall_one_cm":5368},"minecraft:killed":{"minecraft:creeper":2,"naturalist:boar":2,"minecraft:sheep":4,"minecraft:skeleton":3,"minecraft:zombie":1},"minecraft:broken":{"minecraft:stone_pickaxe":1,"minecraft:wooden_axe":1,"minecraft:wooden_pickaxe":1},"minecraft:mined":{"minecraft:crafting_table":2,"minecraft:mossy_cobblestone_wall":27,"minecraft:grass_block":1,"minecraft:dead_bush":2,"minecraft:copper_ore":2,"minecraft:tall_grass":2,"minecraft:lapis_ore":4,"minecraft:iron_ore":3,"minecraft:andesite":29,"minecraft:grass":5,"minecraft:coal_ore":158,"supplementaries:stick":1,"minecraft:oak_log":85,"minecraft:gravel":4,"minecraft:stone":90}},"DataVersion":3465}