{"stats":{"minecraft:mined":{"minecraft:spruce_planks":2,"minecraft:white_bed":1,"minecraft:mossy_cobblestone":1,"minecraft:crafting_table":3,"minecraft:spruce_fence":1,"minecraft:grass_block":5,"minecraft:mossy_cobblestone_wall":27,"minecraft:chest":2,"minecraft:dead_bush":2,"minecraft:tall_grass":2,"minecraft:copper_ore":2,"minecraft:cobblestone":2,"minecraft:spruce_leaves":1,"minecraft:lapis_ore":10,"minecraft:sandstone":100,"minecraft:furnace":1,"minecraft:iron_ore":3,"minecraft:sweet_berry_bush":9,"minecraft:spruce_log":234,"minecraft:andesite":29,"minecraft:grass":7,"minecraft:oak_log":85,"supplementaries:stick":1,"minecraft:coal_ore":180,"minecraft:gravel":4,"minecraft:sand":694,"minecraft:dirt":1,"minecraft:stone":98,"minecraft:fern":1},"minecraft:dropped":{"minecraft:wheat_seeds":2,"minecraft:rotten_flesh":3,"minecraft:leather":1,"minecraft:gunpowder":1,"ecologics:coconut_husk":2,"ecologics:seashell":2},"minecraft:used":{"minecraft:wheat_seeds":2,"minecraft:cooked_mutton":3,"minecraft:stone_sword":25,"minecraft:sandstone_stairs":3,"minecraft:spruce_slab":8,"minecraft:stone_shovel":655,"minecraft:stone_pickaxe":385,"minecraft:spruce_planks":52,"minecraft:wooden_pickaxe":59,"minecraft:chest":8,"minecraft:shield":12,"minecraft:sandstone":31,"minecraft:stone_hoe":8,"minecraft:stick":13,"minecraft:torch":10,"minecraft:mossy_cobblestone":1,"minecraft:dirt":4,"minecraft:sand":43,"minecraft:crafting_table":6,"minecraft:spruce_stairs":9,"minecraft:white_bed":2,"minecraft:spruce_fence":7,"minecraft:spruce_log":40,"minecraft:wooden_axe":60,"minecraft:smooth_sandstone":82,"minecraft:iron_pickaxe":18,"minecraft:spruce_sapling":9,"ecologics:coconut_slice":2,"minecraft:stone_axe":329,"croptopia:toast":8,"minecraft:cobblestone":12,"minecraft:cooked_porkchop":2,"minecraft:furnace":3},"minecraft:broken":{"minecraft:stone_pickaxe":2,"minecraft:stone_axe":2,"minecraft:wooden_axe":1,"minecraft:stone_shovel":5,"minecraft:wooden_pickaxe":1},"minecraft:killed":{"minecraft:spider":2,"minecraft:creeper":2,"naturalist:boar":3,"minecraft:skeleton":4,"minecraft:sheep":4,"minecraft:zombie":7},"minecraft:custom":{"minecraft:interact_with_furnace":26,"minecraft:mob_kills":23,"minecraft:interact_with_crafting_table":47,"minecraft:time_since_death":109929,"minecraft:sleep_in_bed":7,"minecraft:time_since_rest":24707,"minecraft:sprint_one_cm":178963,"minecraft:damage_taken":1640,"minecraft:walk_one_cm":294363,"minecraft:damage_blocked_by_shield":480,"minecraft:drop":7,"minecraft:damage_dealt":3717,"minecraft:swim_one_cm":27491,"minecraft:fly_one_cm":161756,"minecraft:open_chest":61,"minecraft:play_time":138935,"minecraft:crouch_one_cm":826,"minecraft:deaths":1,"minecraft:sneak_time":598,"minecraft:walk_under_water_one_cm":326,"minecraft:jump":1081,"minecraft:walk_on_water_one_cm":8456,"minecraft:total_world_time":138935,"minecraft:fall_one_cm":29354},"minecraft:crafted":{"minecraft:oak_planks":84,"minecraft:stone_shovel":6,"minecraft:cooked_porkchop":7,"minecraft:crafting_table":3,"minecraft:spruce_planks":128,"minecraft:wooden_pickaxe":1,"minecraft:smooth_sandstone":85,"minecraft:furnace":2,"croptopia:toast":9,"minecraft:spruce_fence":12,"minecraft:stone_axe":4,"minecraft:air":0,"minecraft:spruce_stairs":20,"minecraft:spruce_slab":12,"minecraft:stick":56,"minecraft:iron_ingot":3,"minecraft:iron_pickaxe":1,"minecraft:stone_pickaxe":3,"minecraft:wooden_axe":1,"minecraft:stone_sword":1,"minecraft:chest":6,"minecraft:sandstone":147,"minecraft:white_bed":1,"minecraft:torch":36,"minecraft:stone_hoe":1,"minecraft:sandstone_stairs":12},"minecraft:picked_up":{"minecraft:crafting_table":3,"minecraft:andesite":58,"minecraft:leather":1,"ecologics:seashell":4,"minecraft:flint":4,"minecraft:oak_log":147,"minecraft:gunpowder":3,"minecraft:lapis_lazuli":69,"minecraft:string":2,"minecraft:dirt":7,"minecraft:raw_copper":8,"minecraft:wooden_sword":1,"minecraft:cooked_mutton":6,"minecraft:bone":4,"minecraft:apple":4,"minecraft:bow":1,"minecraft:wheat_seeds":4,"minecraft:spruce_planks":1,"minecraft:mossy_cobblestone_wall":27,"minecraft:stone_pickaxe":1,"minecraft:chest":2,"minecraft:furnace":1,"minecraft:stick":26,"minecraft:raw_iron":3,"minecraft:sandstone":95,"minecraft:sweet_berries":21,"ecologics:coconut_slice":2,"minecraft:spruce_fence":1,"minecraft:gravel":2,"minecraft:porkchop":7,"minecraft:sand":697,"ecologics:coconut_husk":2,"minecraft:spruce_sapling":33,"minecraft:white_bed":1,"minecraft:spruce_log":224,"minecraft:mossy_cobblestone":1,"minecraft:arrow":2,"minecraft:rotten_flesh":7,"minecraft:gray_wool":1,"minecraft:oak_sapling":42,"minecraft:mutton":6,"minecraft:coal":194,"minecraft:white_wool":3,"minecraft:cobblestone":100}},"DataVersion":3465}