{"stats":{"minecraft:picked_up":{"minecraft:raw_iron":3,"minecraft:stick":10,"minecraft:crafting_table":2,"minecraft:andesite":28,"minecraft:gravel":1,"minecraft:flint":1,"minecraft:oak_log":85,"minecraft:gunpowder":1,"minecraft:lapis_lazuli":24,"minecraft:raw_copper":4,"minecraft:bone":2,"minecraft:arrow":2,"minecraft:apple":2,"minecraft:bow":1,"minecraft:mossy_cobblestone_wall":27,"minecraft:oak_sapling":21,"minecraft:coal":125,"minecraft:cobblestone":90},"minecraft:crafted":{"minecraft:oak_planks":40,"minecraft:stone_shovel":1,"minecraft:crafting_table":1,"minecraft:stick":16,"minecraft:wooden_pickaxe":1,"minecraft:stone_pickaxe":3,"minecraft:wooden_axe":1,"minecraft:stone_sword":1,"minecraft:chest":2,"minecraft:furnace":1,"croptopia:toast":9,"minecraft:torch":36,"minecraft:stone_axe":2},"minecraft:used":{"minecraft:wooden_axe":60,"minecraft:stone_pickaxe":231,"minecraft:shield":7,"minecraft:chest":2,"minecraft:wooden_pickaxe":59,"croptopia:toast":1,"minecraft:torch":10,"minecraft:stone_axe":47,"minecraft:cobblestone":2,"minecraft:crafting_table":3,"minecraft:furnace":1},"minecraft:custom":{"minecraft:time_since_rest":27117,"minecraft:interact_with_furnace":5,"minecraft:sprint_one_cm":15809,"minecraft:damage_taken":230,"minecraft:walk_one_cm":66534,"minecraft:damage_blocked_by_shield":300,"minecraft:mob_kills":6,"minecraft:damage_dealt":1190,"minecraft:interact_with_crafting_table":9,"minecraft:fly_one_cm":13668,"minecraft:open_chest":6,"minecraft:crouch_one_cm":2,"minecraft:play_time":27117,"minecraft:sneak_time":7,"minecraft:jump":143,"minecraft:time_since_death":27117,"minecraft:walk_on_water_one_cm":4076,"minecraft:total_world_time":27117,"minecraft:fall_one_cm":2330},"minecraft:broken":{"minecraft:wooden_axe":1,"minecraft:wooden_pickaxe":1},"minecraft:killed":{"minecraft:skeleton":3,"minecraft:zombie":1,"minecraft:creeper":2},"minecraft:mined":{"minecraft:iron_ore":3,"minecraft:andesite":28,"minecraft:crafting_table":2,"minecraft:grass":4,"minecraft:oak_log":85,"minecraft:mossy_cobblestone_wall":27,"minecraft:coal_ore":132,"minecraft:gravel":2,"minecraft:tall_grass":1,"minecraft:copper_ore":2,"minecraft:lapis_ore":4,"minecraft:stone":90}},"DataVersion":3465}