{"stats":{"minecraft:picked_up":{"minecraft:crafting_table":2,"minecraft:andesite":29,"minecraft:leather":1,"ecologics:seashell":2,"minecraft:flint":2,"minecraft:oak_log":85,"minecraft:gunpowder":1,"minecraft:lapis_lazuli":24,"minecraft:dirt":1,"minecraft:raw_copper":4,"minecraft:bone":2,"minecraft:apple":2,"minecraft:bow":1,"minecraft:wheat_seeds":2,"minecraft:mossy_cobblestone_wall":27,"minecraft:stick":26,"minecraft:raw_iron":3,"minecraft:sweet_berries":21,"minecraft:gravel":2,"minecraft:sand":94,"minecraft:porkchop":6,"minecraft:spruce_sapling":33,"minecraft:spruce_log":224,"minecraft:mossy_cobblestone":1,"minecraft:arrow":2,"minecraft:rotten_flesh":3,"minecraft:gray_wool":1,"minecraft:oak_sapling":21,"minecraft:mutton":6,"minecraft:coal":157,"minecraft:white_wool":3,"minecraft:cobblestone":92},"minecraft:crafted":{"minecraft:oak_planks":64,"minecraft:stone_shovel":1,"minecraft:cooked_porkchop":3,"minecraft:crafting_table":2,"minecraft:wooden_pickaxe":1,"minecraft:furnace":1,"croptopia:toast":9,"minecraft:stone_axe":4,"minecraft:stick":40,"minecraft:iron_ingot":3,"minecraft:iron_pickaxe":1,"minecraft:stone_pickaxe":3,"minecraft:wooden_axe":1,"minecraft:stone_sword":1,"minecraft:chest":2,"minecraft:white_bed":1,"minecraft:torch":36},"minecraft:used":{"minecraft:stone_shovel":99,"minecraft:stone_pickaxe":261,"minecraft:wooden_pickaxe":59,"minecraft:chest":2,"minecraft:shield":11,"minecraft:stick":13,"minecraft:torch":10,"minecraft:mossy_cobblestone":1,"minecraft:crafting_table":4,"minecraft:white_bed":1,"minecraft:wooden_axe":60,"minecraft:spruce_sapling":9,"minecraft:stone_axe":322,"croptopia:toast":3,"minecraft:cobblestone":2,"minecraft:furnace":1},"minecraft:custom":{"minecraft:interact_with_furnace":10,"minecraft:mob_kills":15,"minecraft:interact_with_crafting_table":17,"minecraft:time_since_death":22111,"minecraft:sleep_in_bed":1,"minecraft:time_since_rest":4942,"minecraft:sprint_one_cm":69968,"minecraft:damage_taken":650,"minecraft:walk_one_cm":151017,"minecraft:damage_blocked_by_shield":450,"minecraft:drop":1,"minecraft:damage_dealt":2389,"minecraft:swim_one_cm":25995,"minecraft:fly_one_cm":45508,"minecraft:open_chest":12,"minecraft:crouch_one_cm":2,"minecraft:play_time":51117,"minecraft:deaths":1,"minecraft:sneak_time":70,"minecraft:walk_under_water_one_cm":149,"minecraft:jump":397,"minecraft:walk_on_water_one_cm":8277,"minecraft:total_world_time":51117,"minecraft:fall_one_cm":6622},"minecraft:dropped":{"minecraft:rotten_flesh":1},"minecraft:killed":{"minecraft:spider":1,"minecraft:creeper":2,"naturalist:boar":2,"minecraft:sheep":4,"minecraft:skeleton":4,"minecraft:zombie":2},"minecraft:broken":{"minecraft:stone_pickaxe":1,"minecraft:stone_axe":2,"minecraft:wooden_axe":1,"minecraft:wooden_pickaxe":1},"minecraft:mined":{"minecraft:mossy_cobblestone":1,"minecraft:crafting_table":2,"minecraft:mossy_cobblestone_wall":27,"minecraft:grass_block":1,"minecraft:dead_bush":2,"minecraft:copper_ore":2,"minecraft:tall_grass":2,"minecraft:cobblestone":2,"minecraft:spruce_leaves":1,"minecraft:lapis_ore":4,"minecraft:iron_ore":3,"minecraft:sweet_berry_bush":9,"minecraft:spruce_log":234,"minecraft:andesite":29,"minecraft:grass":7,"minecraft:coal_ore":158,"supplementaries:stick":1,"minecraft:oak_log":85,"minecraft:gravel":4,"minecraft:sand":96,"minecraft:stone":90,"minecraft:fern":1}},"DataVersion":3465}