{"stats":{"minecraft:mined":{"minecraft:dark_prismarine_stairs":57,"minecraft:stripped_warped_stem":3,"minecraft:spruce_planks":26,"minecraft:white_bed":2,"croptopia:grape_crop":1,"minecraft:jungle_leaves":3,"minecraft:brewing_stand":1,"minecraft:warped_stairs":2,"minecraft:obsidian":30,"minecraft:spruce_trapdoor":18,"minecraft:grass_block":195,"ecologics:coconut_trapdoor":22,"minecraft:stripped_warped_hyphae":9,"minecraft:oak_wall_sign":2,"minecraft:sandstone_stairs":3,"minecraft:spawner":20,"minecraft:smooth_stone":3,"farmersdelight:wild_rice":1,"minecraft:iron_ore":17,"minecraft:fire":4,"minecraft:pumpkin":5,"minecraft:moss_carpet":1,"minecraft:deepslate_lapis_ore":6,"minecraft:enchanting_table":1,"supplementaries:stick":1,"minecraft:spruce_slab":87,"minecraft:deepslate_redstone_ore":28,"minecraft:red_bed":2,"minecraft:blackstone":6,"minecraft:soul_lantern":4,"minecraft:clay":132,"minecraft:blast_furnace":3,"croptopia:cinnamon_log":7,"minecraft:mossy_cobblestone_wall":27,"minecraft:melon":9,"minecraft:chest":8,"minecraft:dead_bush":2,"supplementaries:wild_flax":1,"minecraft:cobblestone":6,"minecraft:sugar_cane":30,"minecraft:cauldron":1,"minecraft:skeleton_skull":1,"minecraft:stone_stairs":1,"ecologics:seashell":2,"minecraft:warped_planks":12,"minecraft:birch_log":12,"minecraft:wheat":2,"minecraft:light_gray_wool":1,"minecraft:grass":34,"minecraft:oak_log":103,"minecraft:sand":1313,"minecraft:dirt":293,"minecraft:smooth_basalt":1,"minecraft:oak_leaves":4,"minecraft:deepslate":55,"minecraft:dark_prismarine":107,"minecraft:tuff":3,"minecraft:mossy_cobblestone":1,"minecraft:deepslate_diamond_ore":13,"minecraft:sea_lantern":7,"minecraft:spruce_fence":8,"minecraft:decorated_pot":1,"ecologics:coconut_door":1,"ecologics:coconut_log":50,"minecraft:spruce_leaves":9,"minecraft:acacia_slab":1,"minecraft:moss_block":5,"minecraft:cartography_table":1,"minecraft:sandstone":169,"minecraft:hay_block":17,"minecraft:spore_blossom":1,"minecraft:furnace":3,"minecraft:acacia_trapdoor":2,"minecraft:andesite":59,"minecraft:gold_block":1,"minecraft:deepslate_iron_ore":42,"minecraft:stripped_acacia_log":1,"minecraft:bamboo_sapling":1,"minecraft:warped_trapdoor":2,"minecraft:bamboo":7,"minecraft:stone":512,"minecraft:smithing_table":1,"minecraft:podzol":6,"minecraft:smooth_sandstone":29,"minecraft:crafting_table":7,"minecraft:spruce_button":2,"minecraft:emerald_ore":1,"minecraft:tall_grass":8,"minecraft:copper_ore":2,"minecraft:deepslate_gold_ore":24,"minecraft:lapis_ore":15,"supplementaries:urn":3,"minecraft:spruce_stairs":21,"minecraft:stripped_spruce_wood":1,"minecraft:sweet_berry_bush":10,"minecraft:gray_bed":1,"minecraft:spruce_log":334,"minecraft:white_wall_banner":1,"minecraft:dark_prismarine_slab":140,"minecraft:coal_ore":197,"minecraft:gravel":137,"minecraft:lodestone":1,"minecraft:spruce_fence_gate":1,"minecraft:stone_bricks":2,"minecraft:small_dripleaf":1,"minecraft:fern":8,"minecraft:warped_slab":6},"minecraft:used":{"minecraft:moss_block":2,"refurbished_furniture:magenta_grill":1,"minecraft:spruce_slab":158,"minecraft:oak_sign":12,"minecraft:chest":38,"minecraft:shield":63,"ecologics:coconut_planks":32,"minecraft:smooth_sandstone_stairs":2,"minecraft:carrot":1,"minecraft:obsidian":5,"minecraft:sweet_berries":7,"minecraft:furnace":4,"minecraft:gray_bed":1,"minecraft:potato":2,"minecraft:dark_prismarine_stairs":58,"minecraft:stripped_acacia_log":1,"minecraft:oak_planks":65,"minecraft:stone_pickaxe":395,"minecraft:wooden_pickaxe":75,"minecraft:sandstone":58,"minecraft:sugar_cane":23,"minecraft:diamond_axe":54,"naturalist:duck_egg":1,"refurbished_furniture:spruce_lattice_fence":37,"minecraft:sand":329,"minecraft:blast_furnace":5,"minecraft:crossbow":2,"minecraft:bread":31,"supplementaries:flax_seeds":2,"minecraft:soul_lantern":6,"ecologics:coconut_slice":2,"croptopia:toast":16,"minecraft:diamond_sword":479,"minecraft:wooden_sword":15,"minecraft:smithing_table":1,"minecraft:andesite":4,"minecraft:experience_bottle":2,"minecraft:enchanting_table":1,"minecraft:stone_sword":39,"minecraft:flint_and_steel":2,"minecraft:stone_shovel":831,"minecraft:spruce_planks":201,"minecraft:stone_hoe":66,"minecraft:stick":13,"minecraft:torch":61,"minecraft:brewing_stand":1,"minecraft:dirt":277,"minecraft:spruce_stairs":67,"minecraft:spruce_fence":77,"ecologics:coconut_door":3,"minecraft:wooden_axe":60,"minecraft:iron_axe":226,"minecraft:acacia_slab":1,"minecraft:smooth_sandstone":155,"minecraft:bamboo":1,"minecraft:goat_horn":1,"ecologics:coconut_boat":1,"minecraft:cobbled_deepslate":54,"minecraft:pumpkin":2,"minecraft:cooked_mutton":6,"minecraft:wheat_seeds":60,"minecraft:water_bucket":14,"minecraft:sandstone_stairs":23,"minecraft:birch_planks":37,"minecraft:baked_potato":3,"minecraft:cartography_table":1,"minecraft:spruce_fence_gate":4,"minecraft:mossy_cobblestone":1,"minecraft:dark_prismarine_slab":76,"minecraft:crafting_table":11,"minecraft:red_bed":1,"minecraft:white_bed":4,"minecraft:spruce_log":68,"minecraft:warped_planks":1,"minecraft:dark_prismarine":7,"minecraft:diamond_pickaxe":667,"minecraft:apple":24,"ecologics:coconut_trapdoor":38,"minecraft:diamond_shovel":1058,"minecraft:iron_pickaxe":501,"minecraft:spruce_trapdoor":44,"minecraft:spruce_sapling":19,"refurbished_furniture:light_electricity_generator":1,"minecraft:stone_axe":597,"minecraft:cobblestone":152,"refurbished_furniture:workbench":1,"minecraft:cooked_porkchop":9,"minecraft:bucket":15,"minecraft:glass_pane":17,"minecraft:pumpkin_pie":5,"minecraft:sea_pickle":1,"minecraft:diamond_leggings":1,"minecraft:smooth_stone":92,"croptopia:honeydew":1},"minecraft:crafted":{"minecraft:oak_planks":408,"minecraft:smooth_stone":104,"minecraft:oak_sign":30,"minecraft:cooked_chicken":1,"croptopia:toast":21,"minecraft:stone":140,"minecraft:dark_prismarine_stairs":20,"minecraft:cooked_mutton":11,"minecraft:glass":20,"minecraft:chest":32,"minecraft:stone_hoe":2,"minecraft:magenta_dye":1,"refurbished_furniture:light_electricity_generator":1,"minecraft:cooked_porkchop":17,"refurbished_furniture:spruce_lattice_fence":3,"minecraft:diamond_axe":1,"minecraft:crafting_table":4,"minecraft:spruce_planks":812,"minecraft:wooden_pickaxe":2,"minecraft:baked_potato":2,"minecraft:birch_planks":48,"minecraft:spruce_trapdoor":38,"minecraft:book":1,"minecraft:paper":18,"minecraft:diamond_pickaxe":2,"minecraft:stick":268,"ecologics:coconut_trapdoor":18,"minecraft:iron_ingot":57,"minecraft:iron_pickaxe":2,"minecraft:stone_sword":1,"minecraft:gold_ingot":33,"minecraft:sandstone":147,"minecraft:spruce_fence_gate":3,"minecraft:sandstone_stairs":28,"minecraft:stone_shovel":8,"ecologics:coconut_planks":152,"minecraft:furnace":5,"minecraft:blast_furnace":4,"ecologics:coconut_door":6,"minecraft:spruce_fence":72,"minecraft:glass_pane":48,"refurbished_furniture:magenta_grill":1,"minecraft:spruce_stairs":56,"refurbished_furniture:workbench":1,"minecraft:iron_axe":1,"minecraft:spruce_slab":114,"minecraft:stone_pickaxe":3,"minecraft:redstone_block":2,"ecologics:coconut_boat":1,"minecraft:cooked_beef":3,"paraglider:paraglider":1,"minecraft:smooth_sandstone_stairs":4,"minecraft:enchanting_table":1,"minecraft:smooth_sandstone":157,"minecraft:bucket":2,"minecraft:stone_axe":5,"minecraft:air":0,"minecraft:bread":1,"refurbished_furniture:wrench":1,"minecraft:golden_apple":2,"minecraft:wooden_axe":1,"minecraft:stonecutter":1,"minecraft:white_bed":3,"minecraft:torch":64},"minecraft:killed_by":{"minecraft:zombie":2,"mythicmounts:dragon":14},"minecraft:picked_up":{"minecraft:wheat":20,"croptopia:cinnamon_log":7,"minecraft:prismarine_shard":4,"minecraft:smithing_table":1,"minecraft:brewing_stand":1,"minecraft:warped_stairs":2,"minecraft:string":9,"minecraft:raw_copper":12,"universal_graves:grave_compass":2,"minecraft:oak_sign":4,"minecraft:sea_pickle":1,"minecraft:cobbled_deepslate":60,"minecraft:smooth_stone":8,"minecraft:spruce_planks":24,"minecraft:warped_slab":4,"minecraft:melon_slice":30,"croptopia:cinnamon_sapling":2,"minecraft:furnace":3,"minecraft:stick":54,"minecraft:torch":2,"ecologics:coconut_seedling":22,"minecraft:spruce_stairs":21,"minecraft:porkchop":18,"minecraft:warped_planks":8,"minecraft:cauldron":1,"minecraft:rotten_flesh":63,"ecologics:coconut_log":47,"supplementaries:ash":29,"minecraft:obsidian":29,"minecraft:cobblestone":493,"minecraft:enchanting_table":1,"minecraft:birch_log":12,"minecraft:feather":2,"farmersdelight:rice":1,"minecraft:andesite":115,"paraglider:spirit_orb":32,"minecraft:flint":31,"minecraft:tuff":3,"minecraft:stripped_spruce_wood":1,"supplementaries:flax_seeds":2,"minecraft:lapis_lazuli":144,"minecraft:dirt":430,"minecraft:leather_boots":1,"minecraft:bone":40,"minecraft:bow":2,"minecraft:wheat_seeds":60,"minecraft:raw_gold":24,"minecraft:bamboo":119,"minecraft:moss_block":5,"minecraft:oak_planks":1,"minecraft:sand":1327,"ecologics:coconut_husk":6,"naturalist:duck_egg":2,"minecraft:mossy_cobblestone":1,"minecraft:dark_prismarine":94,"minecraft:stripped_acacia_log":1,"minecraft:dark_prismarine_slab":111,"minecraft:spruce_fence_gate":1,"minecraft:diamond":13,"minecraft:soul_lantern":6,"minecraft:crossbow":1,"minecraft:golden_apple":1,"minecraft:spruce_button":2,"minecraft:emerald":1,"minecraft:oak_sapling":67,"minecraft:crafting_table":7,"minecraft:shelter_pottery_sherd":1,"minecraft:allium":1,"artifacts:night_vision_goggles":1,"minecraft:stripped_warped_hyphae":7,"minecraft:chicken":1,"minecraft:clay_ball":836,"ecologics:seashell":11,"minecraft:gold_block":1,"ecologics:coconut_boat":1,"minecraft:brick":3,"minecraft:stone_stairs":1,"minecraft:red_bed":2,"minecraft:moss_carpet":3,"minecraft:iron_axe":1,"minecraft:wooden_sword":1,"minecraft:blackstone":14,"croptopia:cinnamon":6,"minecraft:cartography_table":1,"minecraft:stripped_warped_stem":3,"minecraft:dark_prismarine_stairs":50,"minecraft:mossy_cobblestone_wall":27,"minecraft:beef":4,"minecraft:spruce_slab":94,"minecraft:iron_nugget":28,"minecraft:light_gray_wool":1,"minecraft:chest":8,"minecraft:sugar_cane":61,"minecraft:birch_sapling":1,"minecraft:spruce_trapdoor":16,"ecologics:coconut_trapdoor":22,"ecologics:coconut_door":1,"minecraft:raw_iron":66,"minecraft:sandstone":164,"naturalist:duck":1,"minecraft:stone":1,"ecologics:coconut_slice":4,"minecraft:spruce_fence":6,"sophisticatedbackpacks:backpack":1,"minecraft:redstone":122,"minecraft:prismarine_crystals":13,"minecraft:arrow":53,"minecraft:hay_block":17,"minecraft:sandstone_stairs":1,"minecraft:saddle":1,"minecraft:mutton":17,"minecraft:white_wool":11,"minecraft:glow_ink_sac":18,"minecraft:leather":4,"croptopia:glowing_calamari":2,"minecraft:oak_log":164,"artifacts:superstitious_hat":1,"minecraft:gunpowder":6,"minecraft:cooked_mutton":6,"minecraft:smooth_sandstone":26,"minecraft:apple":4,"minecraft:stone_bricks":2,"minecraft:spore_blossom":1,"minecraft:iron_ingot":3,"minecraft:stone_pickaxe":1,"ecologics:crab_meat":1,"minecraft:gray_bed":2,"croptopia:honeydew":1,"minecraft:smooth_basalt":3,"minecraft:pumpkin":6,"minecraft:sweet_berries":21,"minecraft:gravel":92,"minecraft:spruce_sapling":73,"minecraft:blast_furnace":3,"minecraft:white_bed":2,"minecraft:spruce_log":271,"minecraft:spider_eye":6,"minecraft:diamond_shovel":2,"minecraft:gray_wool":1,"minecraft:lodestone":1,"minecraft:acacia_slab":1,"minecraft:coal":219,"minecraft:ender_pearl":1},"minecraft:dropped":{"minecraft:moss_block":2,"minecraft:spore_blossom":1,"minecraft:crossbow":1,"minecraft:leather":1,"minecraft:saddle":1,"minecraft:sand":1,"minecraft:bone":8,"minecraft:gravel":84,"minecraft:blackstone":6,"minecraft:sugar_cane":2,"minecraft:cobbled_deepslate":6,"minecraft:rotten_flesh":50,"universal_graves:grave_compass":4,"minecraft:diamond_shovel":2,"minecraft:warped_planks":1,"supplementaries:ash":7,"minecraft:gunpowder":4,"minecraft:leather_boots":1,"ecologics:coconut_husk":4,"minecraft:arrow":19,"minecraft:wheat_seeds":3,"minecraft:cobblestone":43,"minecraft:golden_apple":2,"minecraft:stick":1,"minecraft:pumpkin":1,"minecraft:iron_axe":1,"minecraft:smooth_basalt":2,"minecraft:moss_carpet":3,"minecraft:raw_copper":4,"minecraft:tuff":1,"minecraft:clay_ball":580,"minecraft:andesite":15,"minecraft:bow":1,"ecologics:seashell":2},"minecraft:custom":{"lootr:looted_stat":73,"minecraft:interact_with_crafting_table":134,"minecraft:open_barrel":2,"minecraft:eat_cake_slice":2,"minecraft:leave_game":12,"minecraft:time_since_death":374330,"minecraft:sprint_one_cm":951005,"minecraft:damage_blocked_by_shield":2420,"minecraft:drop":90,"minecraft:talked_to_villager":18,"minecraft:play_time":756555,"minecraft:deaths":17,"minecraft:interact_with_brewingstand":1,"minecraft:jump":5654,"minecraft:walk_on_water_one_cm":76214,"minecraft:interact_with_furnace":70,"minecraft:interact_with_cartography_table":3,"minecraft:interact_with_loom":1,"minecraft:sleep_in_bed":24,"minecraft:damage_dealt":23114,"minecraft:crouch_one_cm":26372,"minecraft:horse_one_cm":43148,"minecraft:interact_with_smithing_table":2,"minecraft:mob_kills":147,"minecraft:climb_one_cm":2275,"minecraft:walk_one_cm":1701638,"minecraft:sneak_time":13370,"minecraft:walk_under_water_one_cm":19615,"minecraft:interact_with_lectern":4,"minecraft:interact_with_blast_furnace":17,"minecraft:total_world_time":756555,"minecraft:time_since_rest":4177,"minecraft:damage_taken":9356,"minecraft:swim_one_cm":117167,"minecraft:fly_one_cm":761323,"minecraft:open_chest":437,"minecraft:fall_one_cm":131424},"minecraft:broken":{"minecraft:stone_pickaxe":3,"minecraft:stone_axe":4,"minecraft:wooden_axe":1,"minecraft:stone_shovel":5,"minecraft:wooden_pickaxe":1,"minecraft:shield":1,"minecraft:iron_axe":1,"minecraft:iron_pickaxe":2,"minecraft:iron_helmet":1},"minecraft:killed":{"creeperoverhaul:beach_creeper":1,"minecraft:spider":9,"naturalist:boar":4,"minecraft:skeleton":37,"minecraft:chicken":1,"artifacts:mimic":2,"minecraft:pig":5,"minecraft:creeper":5,"minecraft:sheep":12,"minecraft:pillager":3,"minecraft:zombie":53,"minecraft:cow":2,"naturalist:duck":1,"minecraft:enderman":1}},"DataVersion":3465}