{"stats":{"minecraft:crafted":{"minecraft:wooden_shovel":1,"minecraft:stone_shovel":3,"minecraft:crafting_table":3,"minecraft:stick":16,"minecraft:wooden_pickaxe":1,"minecraft:stone_pickaxe":1,"minecraft:wooden_axe":1,"minecraft:stone_sword":1,"minecraft:chest":2,"minecraft:furnace":2,"minecraft:acacia_planks":236,"minecraft:stone_axe":1},"minecraft:killed":{"naturalist:coral_snake":1,"minecraft:spider":3,"minecraft:drowned":4},"minecraft:mined":{"minecraft:acacia_sapling":2,"minecraft:grass":30,"minecraft:acacia_log":64,"minecraft:grass_block":2,"minecraft:chest":1,"minecraft:dead_bush":5,"minecraft:sand":206,"minecraft:dirt":3,"minecraft:tall_grass":4,"minecraft:stone":46,"sophisticatedbackpacks:backpack":1,"minecraft:sandstone":49,"minecraft:fern":1},"minecraft:picked_up":{"minecraft:stick":8,"minecraft:sandstone":42,"minecraft:acacia_log":59,"sophisticatedbackpacks:backpack":2,"minecraft:sand":244,"minecraft:string":2,"minecraft:dirt":5,"minecraft:rotten_flesh":6,"minecraft:wheat_seeds":4,"minecraft:chest":1,"minecraft:acacia_sapling":19,"minecraft:cobblestone":44},"minecraft:broken":{"minecraft:stone_shovel":1},"minecraft:used":{"minecraft:wooden_axe":33,"sophisticatedbackpacks:backpack":1,"minecraft:stone_sword":5,"minecraft:stone_shovel":204,"minecraft:bread":8,"minecraft:stone_pickaxe":80,"minecraft:chest":3,"minecraft:shield":3,"minecraft:wooden_pickaxe":16,"minecraft:wooden_shovel":5,"minecraft:stone_axe":55,"minecraft:sand":2,"minecraft:crafting_table":3,"minecraft:furnace":2,"minecraft:acacia_sapling":19},"minecraft:dropped":{"minecraft:wooden_axe":1,"minecraft:wooden_shovel":1,"minecraft:rotten_flesh":4,"minecraft:wooden_sword":1,"minecraft:wooden_pickaxe":1},"minecraft:custom":{"minecraft:time_since_rest":56674,"minecraft:sprint_one_cm":56126,"minecraft:damage_taken":390,"minecraft:walk_one_cm":69620,"minecraft:damage_blocked_by_shield":100,"minecraft:mob_kills":8,"minecraft:drop":8,"minecraft:damage_dealt":1527,"minecraft:crouch_one_cm":77,"minecraft:swim_one_cm":11062,"minecraft:interact_with_crafting_table":12,"minecraft:fly_one_cm":42523,"minecraft:open_chest":9,"minecraft:play_time":56674,"minecraft:sneak_time":120,"minecraft:walk_under_water_one_cm":674,"minecraft:jump":230,"minecraft:leave_game":2,"minecraft:walk_on_water_one_cm":1738,"minecraft:time_since_death":56674,"minecraft:total_world_time":56674,"minecraft:fall_one_cm":4687}},"DataVersion":3465}