{"stats":{"minecraft:dropped":{"minecraft:wheat_seeds":2,"minecraft:leather":1,"minecraft:rotten_flesh":3,"minecraft:gunpowder":1,"ecologics:coconut_husk":2,"ecologics:seashell":2},"minecraft:picked_up":{"minecraft:shelter_pottery_sherd":1,"minecraft:crafting_table":3,"minecraft:wheat":2,"ecologics:seashell":5,"minecraft:brick":3,"minecraft:string":2,"minecraft:raw_copper":8,"minecraft:wooden_sword":1,"minecraft:spruce_planks":17,"minecraft:mossy_cobblestone_wall":27,"minecraft:spruce_slab":33,"minecraft:chest":2,"minecraft:furnace":1,"ecologics:coconut_trapdoor":22,"minecraft:raw_iron":3,"minecraft:stick":31,"minecraft:sandstone":103,"ecologics:coconut_slice":2,"ecologics:coconut_seedling":9,"minecraft:spruce_fence":2,"minecraft:porkchop":7,"minecraft:arrow":2,"minecraft:rotten_flesh":7,"ecologics:coconut_log":38,"minecraft:sandstone_stairs":1,"minecraft:mutton":6,"minecraft:white_wool":3,"minecraft:cobblestone":100,"minecraft:andesite":58,"minecraft:leather":1,"minecraft:flint":4,"minecraft:oak_log":147,"minecraft:gunpowder":3,"minecraft:lapis_lazuli":69,"minecraft:dirt":102,"minecraft:cooked_mutton":6,"minecraft:smooth_sandstone":10,"minecraft:bone":4,"minecraft:apple":4,"minecraft:bow":1,"minecraft:wheat_seeds":9,"minecraft:stone_pickaxe":1,"minecraft:moss_block":1,"minecraft:sweet_berries":21,"minecraft:gravel":2,"minecraft:sand":722,"ecologics:coconut_husk":2,"minecraft:spruce_sapling":33,"minecraft:white_bed":1,"minecraft:spruce_log":232,"minecraft:mossy_cobblestone":1,"minecraft:spruce_fence_gate":1,"minecraft:gray_wool":1,"minecraft:oak_sapling":42,"minecraft:coal":195},"minecraft:used":{"minecraft:stone_sword":25,"minecraft:spruce_slab":55,"minecraft:stone_shovel":766,"minecraft:chest":8,"minecraft:spruce_planks":76,"minecraft:shield":12,"ecologics:coconut_planks":32,"minecraft:smooth_sandstone_stairs":2,"minecraft:stone_hoe":11,"minecraft:stick":13,"minecraft:torch":14,"minecraft:dirt":24,"minecraft:spruce_stairs":9,"minecraft:spruce_fence":37,"ecologics:coconut_door":1,"minecraft:wooden_axe":60,"minecraft:smooth_sandstone":112,"minecraft:furnace":3,"minecraft:wheat_seeds":7,"minecraft:cooked_mutton":3,"minecraft:sandstone_stairs":22,"minecraft:stone_pickaxe":395,"minecraft:wooden_pickaxe":59,"minecraft:sandstone":43,"minecraft:spruce_fence_gate":4,"minecraft:mossy_cobblestone":1,"minecraft:sand":50,"minecraft:crafting_table":6,"minecraft:white_bed":2,"minecraft:spruce_log":68,"ecologics:coconut_trapdoor":38,"minecraft:iron_pickaxe":35,"minecraft:spruce_trapdoor":4,"minecraft:spruce_sapling":9,"minecraft:stone_axe":450,"ecologics:coconut_slice":2,"croptopia:toast":9,"minecraft:cobblestone":12,"minecraft:cooked_porkchop":6,"minecraft:glass_pane":14},"minecraft:crafted":{"minecraft:oak_planks":84,"minecraft:stone_shovel":8,"ecologics:coconut_planks":152,"minecraft:furnace":2,"ecologics:coconut_door":3,"croptopia:toast":9,"minecraft:spruce_fence":60,"minecraft:glass_pane":16,"minecraft:glass":20,"minecraft:spruce_stairs":20,"minecraft:spruce_slab":108,"minecraft:stone_pickaxe":3,"minecraft:chest":6,"minecraft:stone_hoe":1,"minecraft:smooth_sandstone_stairs":4,"minecraft:cooked_porkchop":7,"minecraft:crafting_table":3,"minecraft:spruce_planks":288,"minecraft:wooden_pickaxe":1,"minecraft:smooth_sandstone":157,"minecraft:stone_axe":5,"minecraft:air":0,"minecraft:spruce_trapdoor":4,"minecraft:stick":84,"ecologics:coconut_trapdoor":18,"minecraft:iron_ingot":3,"minecraft:iron_pickaxe":1,"minecraft:wooden_axe":1,"minecraft:stone_sword":1,"minecraft:sandstone":147,"minecraft:white_bed":1,"minecraft:spruce_fence_gate":3,"minecraft:torch":36,"minecraft:sandstone_stairs":28},"minecraft:broken":{"minecraft:wooden_pickaxe":1,"minecraft:stone_pickaxe":3,"minecraft:stone_axe":3,"minecraft:wooden_axe":1,"minecraft:stone_shovel":5},"minecraft:custom":{"minecraft:mob_kills":23,"minecraft:interact_with_crafting_table":65,"minecraft:leave_game":3,"minecraft:time_since_death":191898,"minecraft:climb_one_cm":414,"minecraft:sprint_one_cm":244993,"minecraft:walk_one_cm":422308,"minecraft:damage_blocked_by_shield":480,"minecraft:drop":7,"minecraft:play_time":220904,"minecraft:deaths":1,"minecraft:sneak_time":4365,"minecraft:walk_under_water_one_cm":637,"minecraft:jump":1426,"minecraft:walk_on_water_one_cm":8691,"minecraft:total_world_time":220904,"minecraft:interact_with_furnace":35,"minecraft:sleep_in_bed":11,"minecraft:time_since_rest":5027,"minecraft:damage_taken":1930,"minecraft:damage_dealt":3717,"minecraft:swim_one_cm":30807,"minecraft:fly_one_cm":214227,"minecraft:open_chest":91,"minecraft:crouch_one_cm":6778,"minecraft:fall_one_cm":38902},"minecraft:killed":{"minecraft:spider":2,"naturalist:boar":3,"minecraft:skeleton":4,"minecraft:creeper":2,"minecraft:sheep":4,"minecraft:zombie":7},"minecraft:mined":{"minecraft:spruce_planks":19,"minecraft:white_bed":1,"minecraft:mossy_cobblestone":1,"minecraft:grass_block":62,"minecraft:spruce_fence":2,"minecraft:decorated_pot":1,"ecologics:coconut_trapdoor":22,"ecologics:coconut_log":41,"minecraft:spruce_leaves":1,"minecraft:moss_block":1,"minecraft:sandstone":109,"minecraft:sandstone_stairs":3,"minecraft:furnace":1,"minecraft:iron_ore":3,"minecraft:andesite":29,"supplementaries:stick":1,"minecraft:stone":98,"minecraft:spruce_slab":26,"minecraft:smooth_sandstone":13,"minecraft:crafting_table":3,"minecraft:mossy_cobblestone_wall":27,"minecraft:chest":2,"minecraft:dead_bush":2,"minecraft:tall_grass":3,"minecraft:copper_ore":2,"minecraft:cobblestone":2,"minecraft:lapis_ore":10,"minecraft:sweet_berry_bush":9,"minecraft:spruce_log":242,"minecraft:grass":7,"minecraft:oak_log":85,"minecraft:coal_ore":181,"minecraft:gravel":4,"minecraft:sand":720,"minecraft:dirt":40,"minecraft:spruce_fence_gate":1,"minecraft:fern":1}},"DataVersion":3465}