{"stats":{"minecraft:mined":{"minecraft:spruce_planks":1,"minecraft:white_bed":1,"minecraft:mossy_cobblestone":1,"minecraft:crafting_table":3,"minecraft:spruce_fence":1,"minecraft:grass_block":1,"minecraft:mossy_cobblestone_wall":27,"minecraft:chest":2,"minecraft:dead_bush":2,"minecraft:tall_grass":2,"minecraft:copper_ore":2,"minecraft:cobblestone":2,"minecraft:spruce_leaves":1,"minecraft:lapis_ore":4,"minecraft:furnace":1,"minecraft:iron_ore":3,"minecraft:sweet_berry_bush":9,"minecraft:spruce_log":234,"minecraft:andesite":29,"minecraft:grass":7,"minecraft:oak_log":85,"supplementaries:stick":1,"minecraft:coal_ore":158,"minecraft:gravel":4,"minecraft:sand":301,"minecraft:stone":90,"minecraft:fern":1},"minecraft:dropped":{"minecraft:wheat_seeds":2,"minecraft:rotten_flesh":3,"minecraft:gunpowder":1,"ecologics:coconut_husk":2,"ecologics:seashell":2},"minecraft:used":{"minecraft:sandstone_stairs":3,"minecraft:spruce_slab":8,"minecraft:stone_shovel":262,"minecraft:stone_pickaxe":264,"minecraft:spruce_planks":50,"minecraft:wooden_pickaxe":59,"minecraft:chest":8,"minecraft:shield":11,"minecraft:stick":13,"minecraft:torch":10,"minecraft:mossy_cobblestone":1,"minecraft:sand":43,"minecraft:crafting_table":6,"minecraft:spruce_stairs":9,"minecraft:white_bed":2,"minecraft:spruce_fence":7,"minecraft:spruce_log":40,"minecraft:wooden_axe":60,"minecraft:spruce_sapling":9,"ecologics:coconut_slice":2,"minecraft:stone_axe":328,"croptopia:toast":7,"minecraft:cobblestone":12,"minecraft:furnace":3},"minecraft:broken":{"minecraft:stone_pickaxe":1,"minecraft:stone_axe":2,"minecraft:wooden_axe":1,"minecraft:stone_shovel":2,"minecraft:wooden_pickaxe":1},"minecraft:killed":{"minecraft:spider":1,"minecraft:creeper":2,"naturalist:boar":3,"minecraft:skeleton":4,"minecraft:sheep":4,"minecraft:zombie":2},"minecraft:custom":{"minecraft:interact_with_furnace":13,"minecraft:mob_kills":16,"minecraft:interact_with_crafting_table":38,"minecraft:time_since_death":61929,"minecraft:sleep_in_bed":4,"minecraft:time_since_rest":6508,"minecraft:sprint_one_cm":131014,"minecraft:damage_taken":890,"minecraft:walk_one_cm":225851,"minecraft:damage_blocked_by_shield":450,"minecraft:drop":6,"minecraft:damage_dealt":2529,"minecraft:swim_one_cm":25995,"minecraft:fly_one_cm":115871,"minecraft:open_chest":44,"minecraft:play_time":90935,"minecraft:crouch_one_cm":823,"minecraft:deaths":1,"minecraft:sneak_time":572,"minecraft:walk_under_water_one_cm":149,"minecraft:jump":738,"minecraft:walk_on_water_one_cm":8277,"minecraft:total_world_time":90935,"minecraft:fall_one_cm":15628},"minecraft:crafted":{"minecraft:oak_planks":84,"minecraft:stone_shovel":2,"minecraft:cooked_porkchop":3,"minecraft:crafting_table":3,"minecraft:spruce_planks":128,"minecraft:wooden_pickaxe":1,"minecraft:furnace":2,"croptopia:toast":9,"minecraft:spruce_fence":12,"minecraft:stone_axe":4,"minecraft:spruce_stairs":20,"minecraft:spruce_slab":12,"minecraft:stick":52,"minecraft:iron_ingot":3,"minecraft:iron_pickaxe":1,"minecraft:stone_pickaxe":3,"minecraft:wooden_axe":1,"minecraft:stone_sword":1,"minecraft:chest":6,"minecraft:sandstone":47,"minecraft:white_bed":1,"minecraft:torch":36,"minecraft:sandstone_stairs":12},"minecraft:picked_up":{"minecraft:crafting_table":3,"minecraft:andesite":58,"minecraft:leather":1,"ecologics:seashell":4,"minecraft:flint":4,"minecraft:oak_log":147,"minecraft:gunpowder":3,"minecraft:lapis_lazuli":24,"minecraft:dirt":2,"minecraft:raw_copper":8,"minecraft:wooden_sword":1,"minecraft:cooked_mutton":6,"minecraft:bone":4,"minecraft:apple":4,"minecraft:bow":1,"minecraft:wheat_seeds":4,"minecraft:mossy_cobblestone_wall":27,"minecraft:stone_pickaxe":1,"minecraft:chest":2,"minecraft:furnace":1,"minecraft:stick":26,"minecraft:raw_iron":3,"minecraft:sweet_berries":21,"ecologics:coconut_slice":2,"minecraft:spruce_fence":1,"minecraft:gravel":2,"minecraft:porkchop":7,"minecraft:sand":298,"ecologics:coconut_husk":2,"minecraft:spruce_sapling":33,"minecraft:white_bed":1,"minecraft:spruce_log":224,"minecraft:mossy_cobblestone":1,"minecraft:arrow":2,"minecraft:rotten_flesh":3,"minecraft:gray_wool":1,"minecraft:oak_sapling":42,"minecraft:mutton":6,"minecraft:coal":172,"minecraft:white_wool":3,"minecraft:cobblestone":92}},"DataVersion":3465}