{"stats":{"minecraft:crafted":{"minecraft:stone_shovel":8,"minecraft:fishing_rod":1,"minecraft:furnace":3,"minecraft:acacia_fence_gate":34,"minecraft:glass_pane":16,"minecraft:glass":25,"minecraft:iron_boots":1,"minecraft:iron_axe":1,"minecraft:stone_pickaxe":6,"minecraft:cobblestone_wall":18,"minecraft:chest":2,"minecraft:stone_hoe":2,"basicweapons:stone_dagger":1,"minecraft:wooden_shovel":1,"minecraft:crafting_table":5,"minecraft:wooden_pickaxe":3,"minecraft:iron_helmet":1,"minecraft:iron_sword":1,"minecraft:acacia_trapdoor":4,"minecraft:acacia_stairs":72,"minecraft:stone_axe":3,"minecraft:iron_chestplate":1,"minecraft:stick":164,"minecraft:iron_ingot":9,"minecraft:iron_pickaxe":2,"minecraft:wooden_axe":1,"minecraft:stone_sword":2,"minecraft:acacia_door":6,"minecraft:iron_leggings":1,"minecraft:acacia_planks":500,"minecraft:torch":52},"minecraft:killed":{"minecraft:spider":3,"naturalist:coral_snake":1,"minecraft:skeleton":1,"minecraft:drowned":5},"minecraft:mined":{"minecraft:tuff":8,"minecraft:granite":217,"minecraft:acacia_log":262,"minecraft:grass_block":61,"minecraft:kelp":1,"minecraft:sandstone":252,"minecraft:redstone_ore":2,"minecraft:furnace":1,"minecraft:iron_ore":9,"minecraft:acacia_stairs":37,"minecraft:deepslate_lapis_ore":8,"minecraft:deepslate_iron_ore":26,"minecraft:dirt_path":12,"refurbished_furniture:red_trampoline":4,"minecraft:stone":412,"sophisticatedbackpacks:backpack":1,"minecraft:acacia_leaves":3,"minecraft:blackstone":85,"minecraft:kelp_plant":1,"minecraft:crafting_table":2,"minecraft:chest":1,"minecraft:dead_bush":5,"minecraft:tall_grass":6,"minecraft:copper_ore":11,"minecraft:cobblestone":13,"minecraft:deepslate_coal_ore":9,"minecraft:wall_torch":4,"minecraft:deepslate_copper_ore":5,"croptopia:leek_crop":1,"minecraft:coarse_dirt":6,"minecraft:acacia_sapling":2,"minecraft:acacia_fence_gate":10,"minecraft:gray_bed":1,"croptopia:yam_crop":1,"minecraft:grass":46,"croptopia:hops_crop":1,"minecraft:coal_ore":54,"minecraft:sand":615,"minecraft:dirt":24,"croptopia:rutabaga_crop":1,"minecraft:acacia_planks":17,"minecraft:deepslate":10,"minecraft:fern":1},"minecraft:picked_up":{"minecraft:crafting_table":2,"minecraft:iron_chestplate":1,"minecraft:coarse_dirt":5,"minecraft:wheat":4,"minecraft:string":2,"minecraft:raw_copper":48,"minecraft:acacia_door":2,"minecraft:blackstone":85,"minecraft:cobbled_deepslate":10,"minecraft:acacia_fence_gate":10,"minecraft:iron_pickaxe":2,"minecraft:chest":1,"minecraft:furnace":1,"minecraft:stick":56,"minecraft:raw_iron":35,"minecraft:sandstone":239,"minecraft:acacia_log":413,"croptopia:rutabaga":1,"minecraft:torch":6,"minecraft:bowl":1,"sophisticatedbackpacks:backpack":3,"minecraft:redstone":40,"croptopia:yam_seed":1,"minecraft:stone_shovel":2,"minecraft:rotten_flesh":6,"minecraft:cod":1,"minecraft:cobblestone":404,"artifacts:digging_claws":1,"minecraft:tuff":8,"artifacts:superstitious_hat":1,"croptopia:leek":1,"minecraft:dirt":91,"minecraft:lapis_lazuli":83,"basicweapons:iron_club":1,"minecraft:acacia_planks":17,"minecraft:kelp":3,"minecraft:wheat_seeds":76,"minecraft:iron_ingot":32,"minecraft:gray_bed":1,"minecraft:acacia_sapling":81,"croptopia:yam":1,"croptopia:hops":1,"minecraft:sand":644,"croptopia:rutabaga_seed":1,"refurbished_furniture:red_trampoline":4,"minecraft:acacia_stairs":36,"croptopia:hops_seed":1,"croptopia:leek_seed":2,"minecraft:granite":170,"minecraft:golden_apple":1,"minecraft:bread":64,"minecraft:coal":134},"minecraft:broken":{"minecraft:wooden_pickaxe":2,"minecraft:stone_pickaxe":6,"minecraft:stone_axe":1,"minecraft:stone_shovel":4},"minecraft:used":{"minecraft:stone_sword":5,"minecraft:acacia_log":91,"minecraft:stone_shovel":694,"minecraft:chest":3,"minecraft:shield":3,"minecraft:wooden_shovel":5,"minecraft:stone_hoe":19,"minecraft:iron_chestplate":1,"minecraft:torch":18,"minecraft:dirt":27,"minecraft:cobblestone_wall":12,"minecraft:acacia_sapling":78,"minecraft:granite":35,"minecraft:wooden_axe":33,"minecraft:iron_axe":163,"minecraft:furnace":3,"minecraft:gray_bed":1,"minecraft:acacia_planks":146,"minecraft:wheat_seeds":19,"minecraft:acacia_trapdoor":4,"minecraft:stone_pickaxe":777,"minecraft:wooden_pickaxe":135,"minecraft:sandstone":1,"minecraft:sand":39,"minecraft:crafting_table":6,"minecraft:mushroom_stew":1,"sophisticatedbackpacks:backpack":1,"minecraft:acacia_stairs":101,"minecraft:acacia_door":6,"minecraft:bread":22,"minecraft:iron_pickaxe":226,"minecraft:acacia_fence_gate":37,"minecraft:stone_axe":237,"minecraft:fishing_rod":3,"minecraft:cobblestone":81,"minecraft:glass_pane":4},"minecraft:dropped":{"basicweapons:stone_dagger":1,"minecraft:acacia_log":139,"minecraft:golden_apple":1,"minecraft:wooden_axe":1,"minecraft:wooden_sword":1,"artifacts:digging_claws":1,"minecraft:kelp":3,"minecraft:coarse_dirt":5,"minecraft:bowl":1,"minecraft:stone_shovel":3,"minecraft:rotten_flesh":6,"minecraft:wooden_shovel":1,"minecraft:wooden_pickaxe":1},"minecraft:custom":{"lootr:looted_stat":8,"minecraft:mob_kills":10,"minecraft:interact_with_crafting_table":57,"minecraft:leave_game":2,"minecraft:time_since_death":170165,"minecraft:sprint_one_cm":180821,"minecraft:walk_one_cm":500767,"minecraft:damage_blocked_by_shield":100,"minecraft:drop":29,"minecraft:talked_to_villager":4,"minecraft:play_time":271507,"minecraft:sneak_time":4188,"minecraft:deaths":1,"minecraft:walk_under_water_one_cm":42825,"minecraft:jump":1095,"minecraft:walk_on_water_one_cm":35757,"minecraft:total_world_time":271507,"minecraft:interact_with_furnace":9,"minecraft:sleep_in_bed":1,"minecraft:time_since_rest":168521,"minecraft:damage_taken":1234,"minecraft:damage_dealt":1982,"minecraft:swim_one_cm":88788,"minecraft:fly_one_cm":114831,"minecraft:open_chest":50,"minecraft:crouch_one_cm":6441,"minecraft:fish_caught":1,"minecraft:fall_one_cm":18712}},"DataVersion":3465}