{"stats":{"minecraft:crafted":{"minecraft:wooden_shovel":1,"minecraft:stone_shovel":3,"minecraft:crafting_table":5,"minecraft:wooden_pickaxe":3,"minecraft:furnace":3,"minecraft:stone_axe":2,"minecraft:stick":48,"minecraft:iron_pickaxe":2,"minecraft:iron_ingot":9,"minecraft:stone_pickaxe":5,"minecraft:wooden_axe":1,"minecraft:stone_sword":2,"minecraft:chest":2,"minecraft:acacia_door":6,"minecraft:acacia_planks":236,"minecraft:torch":52,"minecraft:stone_hoe":1},"minecraft:killed":{"minecraft:spider":3,"minecraft:skeleton":1,"naturalist:coral_snake":1,"minecraft:drowned":5},"minecraft:mined":{"minecraft:tuff":8,"minecraft:blackstone":85,"minecraft:kelp_plant":1,"minecraft:crafting_table":2,"minecraft:granite":217,"minecraft:acacia_log":93,"minecraft:grass_block":3,"minecraft:chest":1,"minecraft:dead_bush":5,"minecraft:copper_ore":3,"minecraft:tall_grass":5,"minecraft:cobblestone":10,"minecraft:deepslate_coal_ore":9,"minecraft:kelp":1,"minecraft:sandstone":50,"minecraft:wall_torch":3,"minecraft:deepslate_copper_ore":5,"minecraft:redstone_ore":2,"minecraft:acacia_sapling":2,"minecraft:furnace":1,"minecraft:iron_ore":9,"minecraft:gray_bed":1,"minecraft:deepslate_lapis_ore":8,"croptopia:yam_crop":1,"minecraft:grass":34,"minecraft:coal_ore":54,"minecraft:deepslate_iron_ore":26,"minecraft:dirt":22,"minecraft:sand":265,"croptopia:rutabaga_crop":1,"minecraft:stone":345,"sophisticatedbackpacks:backpack":1,"minecraft:deepslate":10,"minecraft:fern":1},"minecraft:picked_up":{"minecraft:iron_chestplate":1,"minecraft:crafting_table":2,"minecraft:tuff":8,"artifacts:superstitious_hat":1,"minecraft:lapis_lazuli":83,"minecraft:string":2,"minecraft:dirt":25,"minecraft:raw_copper":28,"minecraft:acacia_door":2,"minecraft:blackstone":85,"minecraft:kelp":2,"minecraft:wheat_seeds":69,"minecraft:cobbled_deepslate":10,"minecraft:iron_ingot":32,"minecraft:iron_pickaxe":2,"minecraft:gray_bed":1,"minecraft:chest":1,"minecraft:acacia_sapling":22,"minecraft:furnace":1,"croptopia:yam":1,"minecraft:raw_iron":35,"minecraft:stick":15,"minecraft:sandstone":43,"minecraft:torch":5,"croptopia:rutabaga":1,"minecraft:acacia_log":88,"sophisticatedbackpacks:backpack":3,"minecraft:sand":298,"croptopia:rutabaga_seed":1,"minecraft:redstone":40,"croptopia:yam_seed":1,"minecraft:rotten_flesh":6,"minecraft:stone_shovel":2,"minecraft:granite":169,"minecraft:bread":64,"minecraft:coal":134,"minecraft:cobblestone":335},"minecraft:used":{"minecraft:wheat_seeds":4,"minecraft:stone_sword":5,"minecraft:stone_shovel":265,"minecraft:stone_pickaxe":588,"minecraft:shield":3,"minecraft:chest":3,"minecraft:wooden_pickaxe":135,"minecraft:wooden_shovel":5,"minecraft:stone_hoe":5,"minecraft:iron_chestplate":1,"minecraft:torch":17,"minecraft:dirt":10,"minecraft:sand":2,"minecraft:crafting_table":6,"minecraft:acacia_sapling":19,"minecraft:granite":11,"minecraft:wooden_axe":33,"sophisticatedbackpacks:backpack":1,"minecraft:acacia_door":6,"minecraft:bread":13,"minecraft:iron_pickaxe":139,"minecraft:stone_axe":95,"minecraft:cobblestone":57,"minecraft:furnace":3,"minecraft:gray_bed":1},"minecraft:broken":{"minecraft:stone_pickaxe":4,"minecraft:stone_shovel":1,"minecraft:wooden_pickaxe":2},"minecraft:dropped":{"minecraft:stone_shovel":3,"minecraft:rotten_flesh":6,"minecraft:wooden_axe":1,"minecraft:wooden_shovel":1,"minecraft:wooden_sword":1,"minecraft:wooden_pickaxe":1},"minecraft:custom":{"minecraft:interact_with_furnace":3,"lootr:looted_stat":2,"minecraft:mob_kills":10,"minecraft:interact_with_crafting_table":24,"minecraft:leave_game":2,"minecraft:time_since_death":50165,"minecraft:sleep_in_bed":1,"minecraft:time_since_rest":48521,"minecraft:sprint_one_cm":107699,"minecraft:damage_taken":851,"minecraft:walk_one_cm":198039,"minecraft:damage_blocked_by_shield":100,"minecraft:drop":13,"minecraft:damage_dealt":1982,"minecraft:swim_one_cm":59944,"minecraft:fly_one_cm":59392,"minecraft:open_chest":17,"minecraft:crouch_one_cm":185,"minecraft:play_time":151507,"minecraft:deaths":1,"minecraft:sneak_time":1417,"minecraft:walk_under_water_one_cm":38724,"minecraft:jump":600,"minecraft:walk_on_water_one_cm":25249,"minecraft:total_world_time":151507,"minecraft:fall_one_cm":6860}},"DataVersion":3465}