{"stats":{"minecraft:custom":{"minecraft:jump":40,"minecraft:time_since_rest":4008,"minecraft:sprint_one_cm":7033,"minecraft:play_time":4008,"minecraft:walk_on_water_one_cm":194,"minecraft:time_since_death":4008,"minecraft:walk_one_cm":4293,"minecraft:total_world_time":4008,"minecraft:walk_under_water_one_cm":159,"minecraft:swim_one_cm":4184,"minecraft:fall_one_cm":1848,"minecraft:fly_one_cm":8553},"minecraft:mined":{"minecraft:grass":4,"minecraft:tall_grass":4,"minecraft:dead_bush":5,"minecraft:fern":1},"minecraft:picked_up":{"minecraft:stick":4,"minecraft:wheat_seeds":1}},"DataVersion":3465}