{"stats":{"minecraft:crafted":{"minecraft:wooden_shovel":1,"minecraft:stone_shovel":4,"minecraft:fishing_rod":1,"minecraft:crafting_table":5,"minecraft:iron_helmet":1,"minecraft:wooden_pickaxe":3,"minecraft:iron_sword":1,"minecraft:furnace":3,"minecraft:stone_axe":3,"minecraft:iron_boots":1,"minecraft:iron_chestplate":1,"minecraft:stick":56,"minecraft:iron_pickaxe":2,"minecraft:iron_ingot":9,"minecraft:stone_pickaxe":5,"minecraft:wooden_axe":1,"minecraft:iron_leggings":1,"minecraft:stone_sword":2,"minecraft:chest":2,"minecraft:acacia_door":6,"minecraft:acacia_planks":236,"minecraft:torch":52,"minecraft:stone_hoe":2},"minecraft:killed":{"minecraft:spider":3,"minecraft:skeleton":1,"naturalist:coral_snake":1,"minecraft:drowned":5},"minecraft:mined":{"minecraft:tuff":8,"minecraft:blackstone":85,"minecraft:kelp_plant":1,"minecraft:crafting_table":2,"minecraft:granite":217,"minecraft:acacia_log":93,"minecraft:grass_block":4,"minecraft:chest":1,"minecraft:dead_bush":5,"minecraft:copper_ore":11,"minecraft:tall_grass":5,"minecraft:cobblestone":13,"minecraft:deepslate_coal_ore":9,"minecraft:kelp":1,"minecraft:sandstone":50,"minecraft:wall_torch":3,"minecraft:deepslate_copper_ore":5,"croptopia:leek_crop":1,"minecraft:redstone_ore":2,"minecraft:acacia_sapling":2,"minecraft:furnace":1,"minecraft:iron_ore":9,"minecraft:gray_bed":1,"minecraft:deepslate_lapis_ore":8,"croptopia:yam_crop":1,"minecraft:grass":34,"minecraft:coal_ore":54,"minecraft:deepslate_iron_ore":26,"minecraft:dirt":23,"minecraft:sand":265,"croptopia:rutabaga_crop":1,"minecraft:stone":412,"sophisticatedbackpacks:backpack":1,"minecraft:deepslate":10,"minecraft:fern":1},"minecraft:picked_up":{"minecraft:wheat":4,"minecraft:iron_chestplate":1,"minecraft:crafting_table":2,"minecraft:tuff":8,"artifacts:superstitious_hat":1,"croptopia:leek":1,"minecraft:lapis_lazuli":83,"minecraft:string":2,"minecraft:dirt":27,"minecraft:raw_copper":48,"minecraft:acacia_door":2,"minecraft:blackstone":85,"minecraft:kelp":3,"minecraft:wheat_seeds":73,"minecraft:cobbled_deepslate":10,"minecraft:iron_ingot":32,"minecraft:iron_pickaxe":2,"minecraft:gray_bed":1,"minecraft:chest":1,"minecraft:acacia_sapling":22,"minecraft:furnace":1,"croptopia:yam":1,"minecraft:raw_iron":35,"minecraft:stick":15,"minecraft:sandstone":43,"minecraft:bowl":1,"minecraft:torch":5,"croptopia:rutabaga":1,"minecraft:acacia_log":88,"sophisticatedbackpacks:backpack":3,"minecraft:sand":298,"croptopia:rutabaga_seed":1,"minecraft:redstone":40,"croptopia:yam_seed":1,"minecraft:rotten_flesh":6,"minecraft:stone_shovel":2,"croptopia:leek_seed":2,"minecraft:granite":169,"minecraft:bread":64,"minecraft:cod":1,"minecraft:coal":134,"minecraft:cobblestone":404},"minecraft:used":{"minecraft:wheat_seeds":5,"minecraft:stone_sword":5,"minecraft:stone_shovel":265,"minecraft:stone_pickaxe":646,"minecraft:shield":3,"minecraft:chest":3,"minecraft:wooden_pickaxe":135,"minecraft:wooden_shovel":5,"minecraft:stone_hoe":5,"minecraft:iron_chestplate":1,"minecraft:torch":17,"minecraft:dirt":12,"minecraft:sand":2,"minecraft:crafting_table":6,"minecraft:acacia_sapling":19,"minecraft:granite":11,"minecraft:wooden_axe":33,"sophisticatedbackpacks:backpack":1,"minecraft:acacia_door":6,"minecraft:bread":15,"minecraft:iron_pickaxe":159,"minecraft:stone_axe":95,"minecraft:fishing_rod":3,"minecraft:cobblestone":69,"minecraft:furnace":3,"minecraft:gray_bed":1},"minecraft:broken":{"minecraft:stone_pickaxe":5,"minecraft:stone_shovel":1,"minecraft:wooden_pickaxe":2},"minecraft:dropped":{"minecraft:kelp":3,"minecraft:stone_shovel":3,"minecraft:rotten_flesh":6,"minecraft:wooden_axe":1,"minecraft:wooden_shovel":1,"minecraft:wooden_sword":1,"minecraft:wooden_pickaxe":1},"minecraft:custom":{"minecraft:interact_with_furnace":6,"lootr:looted_stat":2,"minecraft:mob_kills":10,"minecraft:interact_with_crafting_table":35,"minecraft:leave_game":2,"minecraft:time_since_death":62165,"minecraft:sleep_in_bed":1,"minecraft:time_since_rest":60521,"minecraft:sprint_one_cm":116433,"minecraft:damage_taken":861,"minecraft:walk_one_cm":207467,"minecraft:damage_blocked_by_shield":100,"minecraft:drop":16,"minecraft:damage_dealt":1982,"minecraft:swim_one_cm":65300,"minecraft:fly_one_cm":70511,"minecraft:open_chest":26,"minecraft:crouch_one_cm":268,"minecraft:play_time":163507,"minecraft:deaths":1,"minecraft:sneak_time":1447,"minecraft:walk_under_water_one_cm":39570,"minecraft:jump":718,"minecraft:walk_on_water_one_cm":27759,"minecraft:total_world_time":163507,"minecraft:fish_caught":1,"minecraft:fall_one_cm":7696}},"DataVersion":3465}