{"stats":{"minecraft:mined":{"minecraft:dark_prismarine_stairs":49,"minecraft:dark_prismarine":107,"minecraft:stripped_warped_stem":3,"minecraft:tuff":3,"minecraft:spruce_planks":19,"minecraft:white_bed":1,"minecraft:mossy_cobblestone":1,"minecraft:deepslate_diamond_ore":13,"croptopia:grape_crop":1,"minecraft:sea_lantern":7,"minecraft:warped_stairs":2,"minecraft:spruce_trapdoor":1,"minecraft:spruce_fence":2,"minecraft:grass_block":71,"minecraft:decorated_pot":1,"ecologics:coconut_trapdoor":22,"ecologics:coconut_door":1,"ecologics:coconut_log":41,"minecraft:spruce_leaves":1,"minecraft:cartography_table":1,"minecraft:stripped_warped_hyphae":9,"minecraft:moss_block":5,"minecraft:sandstone":152,"minecraft:spawner":12,"minecraft:sandstone_stairs":3,"minecraft:spore_blossom":1,"minecraft:furnace":1,"minecraft:iron_ore":13,"minecraft:fire":2,"minecraft:andesite":58,"minecraft:moss_carpet":1,"minecraft:deepslate_lapis_ore":6,"supplementaries:stick":1,"minecraft:deepslate_iron_ore":42,"minecraft:warped_trapdoor":2,"minecraft:stone":333,"minecraft:spruce_slab":26,"minecraft:podzol":2,"minecraft:smithing_table":1,"minecraft:deepslate_redstone_ore":28,"minecraft:blackstone":6,"minecraft:soul_lantern":2,"minecraft:clay":132,"minecraft:smooth_sandstone":23,"minecraft:crafting_table":5,"minecraft:spruce_button":2,"minecraft:blast_furnace":2,"minecraft:mossy_cobblestone_wall":27,"minecraft:chest":2,"minecraft:dead_bush":2,"minecraft:copper_ore":2,"minecraft:tall_grass":5,"minecraft:cobblestone":5,"minecraft:deepslate_gold_ore":24,"minecraft:lapis_ore":15,"supplementaries:urn":3,"minecraft:stone_stairs":1,"minecraft:stripped_spruce_wood":1,"minecraft:warped_planks":11,"minecraft:wheat":2,"minecraft:sweet_berry_bush":9,"minecraft:spruce_log":242,"minecraft:light_gray_wool":1,"minecraft:dark_prismarine_slab":113,"minecraft:grass":8,"minecraft:oak_log":103,"minecraft:coal_ore":197,"minecraft:gravel":135,"minecraft:dirt":110,"minecraft:sand":747,"minecraft:lodestone":1,"minecraft:smooth_basalt":1,"minecraft:spruce_fence_gate":1,"minecraft:stone_bricks":2,"minecraft:small_dripleaf":1,"minecraft:oak_leaves":3,"minecraft:deepslate":55,"minecraft:fern":1,"minecraft:warped_slab":6},"minecraft:killed":{"minecraft:spider":9,"naturalist:duck":1,"naturalist:boar":4,"minecraft:skeleton":25,"artifacts:mimic":2,"minecraft:creeper":5,"minecraft:sheep":4,"minecraft:zombie":44,"minecraft:enderman":1,"minecraft:cow":1},"minecraft:killed_by":{"minecraft:zombie":2,"mythicmounts:dragon":14},"minecraft:picked_up":{"minecraft:shelter_pottery_sherd":1,"minecraft:crafting_table":5,"minecraft:wheat":4,"artifacts:night_vision_goggles":1,"minecraft:stripped_warped_hyphae":7,"minecraft:clay_ball":836,"ecologics:seashell":5,"minecraft:smithing_table":1,"minecraft:warped_stairs":2,"minecraft:brick":3,"minecraft:string":9,"minecraft:stone_stairs":1,"minecraft:moss_carpet":3,"minecraft:raw_copper":8,"minecraft:wooden_sword":1,"universal_graves:grave_compass":2,"minecraft:blackstone":14,"minecraft:cartography_table":1,"minecraft:cobbled_deepslate":60,"minecraft:stripped_warped_stem":3,"minecraft:dark_prismarine_stairs":42,"minecraft:spruce_planks":17,"minecraft:mossy_cobblestone_wall":27,"minecraft:beef":1,"minecraft:warped_slab":4,"minecraft:iron_nugget":28,"minecraft:light_gray_wool":1,"minecraft:spruce_slab":33,"minecraft:chest":2,"minecraft:spruce_trapdoor":1,"minecraft:furnace":1,"ecologics:coconut_trapdoor":22,"ecologics:coconut_door":1,"minecraft:stick":35,"minecraft:raw_iron":61,"minecraft:sandstone":147,"naturalist:duck":1,"ecologics:coconut_slice":2,"ecologics:coconut_seedling":9,"minecraft:spruce_fence":2,"sophisticatedbackpacks:backpack":1,"minecraft:porkchop":10,"minecraft:warped_planks":7,"minecraft:redstone":122,"minecraft:prismarine_crystals":13,"minecraft:arrow":23,"minecraft:rotten_flesh":48,"ecologics:coconut_log":38,"minecraft:sandstone_stairs":1,"supplementaries:ash":18,"minecraft:mutton":6,"minecraft:white_wool":3,"minecraft:cobblestone":315,"minecraft:feather":2,"minecraft:glow_ink_sac":9,"minecraft:andesite":115,"minecraft:leather":3,"croptopia:glowing_calamari":2,"paraglider:spirit_orb":24,"minecraft:flint":29,"minecraft:tuff":3,"minecraft:stripped_spruce_wood":1,"minecraft:oak_log":164,"artifacts:superstitious_hat":1,"supplementaries:flax_seeds":1,"minecraft:gunpowder":6,"minecraft:lapis_lazuli":144,"minecraft:dirt":166,"minecraft:cooked_mutton":6,"minecraft:leather_boots":1,"minecraft:smooth_sandstone":20,"minecraft:bone":27,"minecraft:apple":4,"minecraft:stone_bricks":2,"minecraft:bow":2,"minecraft:wheat_seeds":17,"minecraft:raw_gold":24,"minecraft:spore_blossom":1,"minecraft:iron_ingot":3,"minecraft:stone_pickaxe":1,"minecraft:moss_block":5,"minecraft:gray_bed":1,"minecraft:oak_planks":1,"minecraft:smooth_basalt":3,"minecraft:sweet_berries":21,"minecraft:gravel":87,"minecraft:sand":762,"ecologics:coconut_husk":2,"minecraft:spruce_sapling":33,"minecraft:blast_furnace":2,"minecraft:white_bed":1,"minecraft:spruce_log":232,"minecraft:spider_eye":3,"naturalist:duck_egg":1,"minecraft:mossy_cobblestone":1,"minecraft:dark_prismarine":94,"minecraft:dark_prismarine_slab":95,"minecraft:spruce_fence_gate":1,"minecraft:diamond":13,"minecraft:soul_lantern":3,"minecraft:gray_wool":1,"minecraft:spruce_button":2,"minecraft:lodestone":1,"minecraft:oak_sapling":46,"minecraft:coal":210},"minecraft:broken":{"minecraft:wooden_pickaxe":1,"minecraft:stone_pickaxe":3,"minecraft:stone_axe":3,"minecraft:iron_pickaxe":2,"minecraft:iron_helmet":1,"minecraft:wooden_axe":1,"minecraft:stone_shovel":5},"minecraft:crafted":{"minecraft:oak_planks":152,"minecraft:stone_shovel":8,"ecologics:coconut_planks":152,"minecraft:furnace":2,"ecologics:coconut_door":6,"croptopia:toast":9,"minecraft:spruce_fence":60,"minecraft:glass_pane":48,"minecraft:glass":20,"minecraft:spruce_stairs":20,"minecraft:spruce_slab":108,"minecraft:stone_pickaxe":3,"minecraft:chest":8,"minecraft:stone_hoe":1,"minecraft:smooth_sandstone_stairs":4,"minecraft:cooked_porkchop":7,"minecraft:crafting_table":4,"minecraft:spruce_planks":312,"minecraft:wooden_pickaxe":2,"minecraft:smooth_sandstone":157,"minecraft:bucket":2,"minecraft:stone_axe":5,"minecraft:bread":1,"minecraft:air":0,"minecraft:spruce_trapdoor":4,"minecraft:diamond_pickaxe":1,"minecraft:stick":116,"ecologics:coconut_trapdoor":18,"minecraft:iron_ingot":13,"minecraft:iron_pickaxe":2,"minecraft:wooden_axe":1,"minecraft:stone_sword":1,"minecraft:sandstone":147,"minecraft:white_bed":1,"minecraft:spruce_fence_gate":3,"minecraft:torch":64,"minecraft:sandstone_stairs":28},"minecraft:custom":{"minecraft:interact_with_smithing_table":1,"lootr:looted_stat":34,"minecraft:mob_kills":101,"minecraft:interact_with_crafting_table":82,"minecraft:open_barrel":2,"minecraft:leave_game":8,"minecraft:time_since_death":5219,"minecraft:climb_one_cm":554,"minecraft:sprint_one_cm":458656,"minecraft:walk_one_cm":822596,"minecraft:damage_blocked_by_shield":2170,"minecraft:drop":57,"minecraft:play_time":387444,"minecraft:deaths":17,"minecraft:sneak_time":5263,"minecraft:walk_under_water_one_cm":10273,"minecraft:interact_with_lectern":4,"minecraft:jump":3330,"minecraft:interact_with_blast_furnace":5,"minecraft:walk_on_water_one_cm":34169,"minecraft:total_world_time":387444,"minecraft:interact_with_furnace":39,"minecraft:interact_with_cartography_table":2,"minecraft:interact_with_loom":1,"minecraft:sleep_in_bed":11,"minecraft:time_since_rest":5244,"minecraft:damage_taken":8712,"minecraft:damage_dealt":17295,"minecraft:swim_one_cm":41321,"minecraft:fly_one_cm":414609,"minecraft:open_chest":143,"minecraft:crouch_one_cm":8797,"minecraft:fall_one_cm":83594,"minecraft:horse_one_cm":819},"minecraft:used":{"minecraft:moss_block":2,"minecraft:stone_sword":39,"minecraft:spruce_slab":55,"minecraft:stone_shovel":766,"minecraft:chest":10,"minecraft:spruce_planks":76,"minecraft:shield":56,"minecraft:smooth_sandstone_stairs":2,"ecologics:coconut_planks":32,"minecraft:stone_hoe":18,"minecraft:stick":13,"minecraft:torch":57,"minecraft:dirt":99,"minecraft:spruce_stairs":9,"minecraft:spruce_fence":37,"ecologics:coconut_door":3,"minecraft:wooden_axe":60,"minecraft:smooth_sandstone":155,"minecraft:furnace":3,"minecraft:cobbled_deepslate":54,"minecraft:wheat_seeds":14,"minecraft:cooked_mutton":6,"minecraft:water_bucket":3,"minecraft:sandstone_stairs":23,"minecraft:oak_planks":65,"minecraft:stone_pickaxe":395,"minecraft:wooden_pickaxe":75,"minecraft:sandstone":58,"minecraft:spruce_fence_gate":4,"minecraft:mossy_cobblestone":1,"minecraft:sand":87,"minecraft:crafting_table":8,"minecraft:blast_furnace":1,"minecraft:white_bed":2,"minecraft:spruce_log":68,"minecraft:diamond_pickaxe":354,"ecologics:coconut_trapdoor":38,"minecraft:apple":11,"minecraft:diamond_shovel":319,"minecraft:iron_pickaxe":501,"minecraft:bread":31,"minecraft:spruce_trapdoor":4,"minecraft:spruce_sapling":9,"minecraft:soul_lantern":3,"minecraft:stone_axe":529,"ecologics:coconut_slice":2,"croptopia:toast":9,"minecraft:diamond_sword":334,"minecraft:wooden_sword":15,"minecraft:cobblestone":109,"minecraft:cooked_porkchop":7,"minecraft:andesite":4,"minecraft:bucket":4,"minecraft:glass_pane":17},"minecraft:dropped":{"minecraft:moss_block":2,"minecraft:wheat_seeds":3,"minecraft:spore_blossom":1,"minecraft:cobblestone":43,"minecraft:leather":1,"minecraft:smooth_basalt":2,"minecraft:bone":8,"minecraft:gravel":84,"minecraft:moss_carpet":3,"minecraft:blackstone":6,"minecraft:cobbled_deepslate":6,"minecraft:tuff":1,"universal_graves:grave_compass":4,"minecraft:rotten_flesh":36,"minecraft:clay_ball":580,"minecraft:warped_planks":1,"supplementaries:ash":7,"minecraft:gunpowder":4,"minecraft:andesite":15,"minecraft:leather_boots":1,"ecologics:coconut_husk":2,"ecologics:seashell":2}},"DataVersion":3465}