{"stats":{"minecraft:crafted":{"minecraft:wooden_shovel":1,"minecraft:acacia_planks":24,"minecraft:stone_axe":1,"minecraft:crafting_table":2,"minecraft:stick":8,"minecraft:wooden_pickaxe":1,"minecraft:stone_pickaxe":1,"minecraft:wooden_axe":1},"minecraft:picked_up":{"minecraft:stick":4,"minecraft:wheat_seeds":4,"minecraft:acacia_log":39,"sophisticatedbackpacks:backpack":2,"minecraft:acacia_sapling":11,"minecraft:dirt":5,"minecraft:cobblestone":31},"minecraft:mined":{"minecraft:grass":29,"minecraft:acacia_log":43,"minecraft:grass_block":2,"minecraft:acacia_sapling":2,"minecraft:dead_bush":5,"minecraft:dirt":3,"minecraft:tall_grass":4,"minecraft:stone":31,"sophisticatedbackpacks:backpack":1,"minecraft:fern":1},"minecraft:used":{"minecraft:stone_axe":9,"minecraft:wooden_axe":33,"sophisticatedbackpacks:backpack":1,"minecraft:crafting_table":2,"minecraft:stone_pickaxe":16,"minecraft:acacia_sapling":11,"minecraft:wooden_pickaxe":16,"minecraft:wooden_shovel":5},"minecraft:custom":{"minecraft:time_since_rest":35737,"minecraft:play_time":35737,"minecraft:sprint_one_cm":25822,"minecraft:walk_one_cm":18902,"minecraft:sneak_time":22,"minecraft:walk_under_water_one_cm":213,"minecraft:jump":105,"minecraft:leave_game":1,"minecraft:time_since_death":35737,"minecraft:walk_on_water_one_cm":705,"minecraft:total_world_time":35737,"minecraft:swim_one_cm":6720,"minecraft:interact_with_crafting_table":5,"minecraft:fly_one_cm":21883,"minecraft:fall_one_cm":2475}},"DataVersion":3465}