{"stats":{"minecraft:crafted":{"minecraft:wooden_shovel":1,"minecraft:stone_shovel":3,"minecraft:crafting_table":4,"minecraft:wooden_pickaxe":1,"minecraft:furnace":2,"minecraft:stone_axe":2,"minecraft:stick":28,"minecraft:stone_pickaxe":3,"minecraft:wooden_axe":1,"minecraft:stone_sword":2,"minecraft:chest":2,"minecraft:acacia_planks":236,"minecraft:torch":20,"minecraft:stone_hoe":1},"minecraft:killed":{"minecraft:spider":3,"minecraft:skeleton":1,"naturalist:coral_snake":1,"minecraft:drowned":4},"minecraft:mined":{"minecraft:crafting_table":1,"minecraft:granite":28,"minecraft:acacia_log":93,"minecraft:grass_block":2,"minecraft:chest":1,"minecraft:dead_bush":5,"minecraft:copper_ore":3,"minecraft:tall_grass":4,"minecraft:deepslate_coal_ore":9,"minecraft:sandstone":50,"minecraft:wall_torch":1,"minecraft:acacia_sapling":2,"minecraft:iron_ore":7,"minecraft:gray_bed":1,"croptopia:yam_crop":1,"minecraft:grass":33,"minecraft:coal_ore":18,"minecraft:deepslate_iron_ore":3,"minecraft:dirt":9,"minecraft:sand":265,"croptopia:rutabaga_crop":1,"minecraft:stone":161,"sophisticatedbackpacks:backpack":1,"minecraft:deepslate":3,"minecraft:fern":1},"minecraft:picked_up":{"minecraft:crafting_table":1,"minecraft:string":2,"minecraft:dirt":11,"minecraft:raw_copper":12,"minecraft:wheat_seeds":5,"minecraft:cobbled_deepslate":3,"minecraft:gray_bed":1,"minecraft:chest":1,"minecraft:acacia_sapling":22,"croptopia:yam":1,"minecraft:raw_iron":10,"minecraft:stick":15,"minecraft:sandstone":43,"minecraft:torch":1,"croptopia:rutabaga":1,"minecraft:acacia_log":88,"sophisticatedbackpacks:backpack":2,"minecraft:sand":298,"croptopia:rutabaga_seed":1,"croptopia:yam_seed":1,"minecraft:rotten_flesh":6,"minecraft:stone_shovel":2,"minecraft:granite":28,"minecraft:coal":27,"minecraft:cobblestone":159},"minecraft:used":{"minecraft:wheat_seeds":4,"minecraft:stone_sword":5,"minecraft:stone_shovel":265,"minecraft:stone_pickaxe":270,"minecraft:shield":3,"minecraft:chest":3,"minecraft:wooden_pickaxe":16,"minecraft:wooden_shovel":5,"minecraft:stone_hoe":5,"minecraft:iron_chestplate":1,"minecraft:torch":6,"minecraft:dirt":5,"minecraft:sand":2,"minecraft:crafting_table":4,"minecraft:acacia_sapling":19,"minecraft:granite":11,"minecraft:wooden_axe":33,"sophisticatedbackpacks:backpack":1,"minecraft:bread":10,"minecraft:stone_axe":94,"minecraft:furnace":2,"minecraft:gray_bed":1},"minecraft:broken":{"minecraft:stone_pickaxe":2,"minecraft:stone_shovel":1},"minecraft:dropped":{"minecraft:stone_shovel":3,"minecraft:rotten_flesh":6,"minecraft:wooden_axe":1,"minecraft:wooden_shovel":1,"minecraft:wooden_sword":1,"minecraft:wooden_pickaxe":1},"minecraft:custom":{"minecraft:interact_with_furnace":1,"lootr:looted_stat":2,"minecraft:mob_kills":9,"minecraft:interact_with_crafting_table":17,"minecraft:leave_game":2,"minecraft:time_since_death":79507,"minecraft:time_since_rest":79507,"minecraft:sprint_one_cm":93268,"minecraft:damage_taken":551,"minecraft:walk_one_cm":126926,"minecraft:damage_blocked_by_shield":100,"minecraft:drop":13,"minecraft:damage_dealt":1727,"minecraft:swim_one_cm":19663,"minecraft:fly_one_cm":53849,"minecraft:open_chest":15,"minecraft:crouch_one_cm":148,"minecraft:play_time":79507,"minecraft:sneak_time":133,"minecraft:walk_under_water_one_cm":1007,"minecraft:jump":321,"minecraft:walk_on_water_one_cm":2500,"minecraft:total_world_time":79507,"minecraft:fall_one_cm":5231}},"DataVersion":3465}