{"stats":{"minecraft:dropped":{"minecraft:wheat_seeds":2,"minecraft:cobblestone":40,"minecraft:leather":1,"minecraft:rotten_flesh":3,"minecraft:warped_planks":1,"minecraft:gunpowder":1,"minecraft:leather_boots":1,"ecologics:coconut_husk":2,"ecologics:seashell":2},"minecraft:picked_up":{"minecraft:shelter_pottery_sherd":1,"minecraft:crafting_table":4,"minecraft:wheat":4,"minecraft:stripped_warped_hyphae":7,"ecologics:seashell":5,"minecraft:warped_stairs":2,"minecraft:brick":3,"minecraft:string":2,"minecraft:stone_stairs":1,"minecraft:raw_copper":8,"minecraft:wooden_sword":1,"minecraft:stripped_warped_stem":3,"minecraft:dark_prismarine_stairs":42,"minecraft:spruce_planks":17,"minecraft:mossy_cobblestone_wall":27,"minecraft:beef":1,"minecraft:warped_slab":4,"minecraft:light_gray_wool":1,"minecraft:spruce_slab":33,"minecraft:chest":2,"minecraft:spruce_trapdoor":1,"minecraft:furnace":1,"ecologics:coconut_trapdoor":22,"minecraft:sandstone":147,"minecraft:stick":35,"minecraft:raw_iron":3,"ecologics:coconut_door":1,"naturalist:duck":1,"ecologics:coconut_slice":2,"ecologics:coconut_seedling":9,"minecraft:spruce_fence":2,"minecraft:porkchop":7,"minecraft:warped_planks":7,"minecraft:prismarine_crystals":13,"minecraft:arrow":3,"minecraft:rotten_flesh":7,"ecologics:coconut_log":38,"minecraft:sandstone_stairs":1,"minecraft:mutton":6,"minecraft:white_wool":3,"minecraft:cobblestone":104,"minecraft:feather":2,"minecraft:andesite":58,"minecraft:leather":3,"paraglider:spirit_orb":24,"minecraft:flint":4,"minecraft:stripped_spruce_wood":1,"minecraft:oak_log":164,"minecraft:gunpowder":3,"minecraft:lapis_lazuli":69,"minecraft:dirt":102,"minecraft:leather_boots":1,"minecraft:cooked_mutton":6,"minecraft:smooth_sandstone":20,"minecraft:bone":7,"minecraft:apple":4,"minecraft:stone_bricks":2,"minecraft:bow":1,"minecraft:wheat_seeds":16,"minecraft:stone_pickaxe":1,"minecraft:moss_block":1,"minecraft:sweet_berries":21,"minecraft:gravel":2,"minecraft:sand":747,"ecologics:coconut_husk":2,"minecraft:spruce_sapling":33,"minecraft:white_bed":1,"minecraft:spruce_log":232,"naturalist:duck_egg":1,"minecraft:mossy_cobblestone":1,"minecraft:dark_prismarine":94,"minecraft:dark_prismarine_slab":95,"minecraft:spruce_fence_gate":1,"minecraft:soul_lantern":3,"minecraft:gray_wool":1,"minecraft:spruce_button":2,"minecraft:lodestone":1,"minecraft:oak_sapling":46,"minecraft:coal":195},"minecraft:crafted":{"minecraft:oak_planks":152,"minecraft:stone_shovel":8,"ecologics:coconut_planks":152,"minecraft:furnace":2,"ecologics:coconut_door":6,"croptopia:toast":9,"minecraft:spruce_fence":60,"minecraft:glass_pane":48,"minecraft:glass":20,"minecraft:spruce_stairs":20,"minecraft:spruce_slab":108,"minecraft:stone_pickaxe":3,"minecraft:chest":8,"minecraft:stone_hoe":1,"minecraft:smooth_sandstone_stairs":4,"minecraft:cooked_porkchop":7,"minecraft:crafting_table":3,"minecraft:spruce_planks":312,"minecraft:wooden_pickaxe":1,"minecraft:smooth_sandstone":157,"minecraft:stone_axe":5,"minecraft:bread":1,"minecraft:air":0,"minecraft:spruce_trapdoor":4,"minecraft:stick":108,"ecologics:coconut_trapdoor":18,"minecraft:iron_ingot":3,"minecraft:iron_pickaxe":2,"minecraft:wooden_axe":1,"minecraft:stone_sword":1,"minecraft:sandstone":147,"minecraft:white_bed":1,"minecraft:spruce_fence_gate":3,"minecraft:torch":56,"minecraft:sandstone_stairs":28},"minecraft:used":{"minecraft:stone_sword":39,"minecraft:stone_shovel":766,"minecraft:spruce_slab":55,"minecraft:chest":10,"minecraft:spruce_planks":76,"minecraft:shield":16,"ecologics:coconut_planks":32,"minecraft:smooth_sandstone_stairs":2,"minecraft:stone_hoe":18,"minecraft:stick":13,"minecraft:torch":17,"minecraft:dirt":29,"minecraft:spruce_stairs":9,"minecraft:spruce_fence":37,"ecologics:coconut_door":3,"minecraft:wooden_axe":60,"minecraft:smooth_sandstone":155,"minecraft:furnace":3,"minecraft:wheat_seeds":14,"minecraft:cooked_mutton":6,"minecraft:sandstone_stairs":23,"minecraft:stone_pickaxe":395,"minecraft:oak_planks":65,"minecraft:wooden_pickaxe":59,"minecraft:sandstone":58,"minecraft:spruce_fence_gate":4,"minecraft:mossy_cobblestone":1,"minecraft:sand":72,"minecraft:crafting_table":7,"minecraft:white_bed":2,"minecraft:spruce_log":68,"ecologics:coconut_trapdoor":38,"minecraft:diamond_shovel":17,"minecraft:bread":6,"minecraft:iron_pickaxe":388,"minecraft:spruce_trapdoor":4,"minecraft:spruce_sapling":9,"minecraft:soul_lantern":3,"ecologics:coconut_slice":2,"minecraft:stone_axe":516,"croptopia:toast":9,"minecraft:cobblestone":12,"minecraft:cooked_porkchop":7,"minecraft:glass_pane":17},"minecraft:broken":{"minecraft:wooden_pickaxe":1,"minecraft:stone_pickaxe":3,"minecraft:stone_axe":3,"minecraft:iron_pickaxe":1,"minecraft:wooden_axe":1,"minecraft:stone_shovel":5},"minecraft:custom":{"lootr:looted_stat":29,"minecraft:mob_kills":29,"minecraft:open_barrel":2,"minecraft:interact_with_crafting_table":74,"minecraft:leave_game":4,"minecraft:time_since_death":253454,"minecraft:climb_one_cm":414,"minecraft:sprint_one_cm":304506,"minecraft:walk_one_cm":537576,"minecraft:damage_blocked_by_shield":600,"minecraft:drop":10,"minecraft:play_time":282460,"minecraft:deaths":1,"minecraft:sneak_time":4850,"minecraft:walk_under_water_one_cm":863,"minecraft:interact_with_lectern":4,"minecraft:jump":1814,"minecraft:walk_on_water_one_cm":10332,"minecraft:total_world_time":282460,"minecraft:interact_with_furnace":36,"minecraft:interact_with_loom":1,"minecraft:sleep_in_bed":11,"minecraft:time_since_rest":66583,"minecraft:damage_taken":2469,"minecraft:damage_dealt":4736,"minecraft:swim_one_cm":33658,"minecraft:fly_one_cm":249426,"minecraft:open_chest":120,"minecraft:crouch_one_cm":7610,"minecraft:fall_one_cm":49086},"minecraft:killed":{"minecraft:spider":2,"naturalist:duck":1,"naturalist:boar":3,"minecraft:skeleton":8,"minecraft:creeper":2,"minecraft:sheep":4,"minecraft:zombie":7,"minecraft:cow":1},"minecraft:mined":{"minecraft:stripped_warped_stem":3,"minecraft:dark_prismarine":107,"minecraft:dark_prismarine_stairs":49,"minecraft:spruce_planks":19,"minecraft:white_bed":1,"minecraft:mossy_cobblestone":1,"croptopia:grape_crop":1,"minecraft:sea_lantern":7,"minecraft:warped_stairs":2,"minecraft:spruce_trapdoor":1,"minecraft:grass_block":62,"minecraft:spruce_fence":2,"minecraft:decorated_pot":1,"ecologics:coconut_trapdoor":22,"ecologics:coconut_door":1,"ecologics:coconut_log":41,"minecraft:spruce_leaves":1,"minecraft:stripped_warped_hyphae":9,"minecraft:moss_block":1,"minecraft:sandstone":152,"minecraft:spawner":12,"minecraft:sandstone_stairs":3,"minecraft:furnace":1,"minecraft:iron_ore":3,"minecraft:fire":1,"minecraft:andesite":29,"supplementaries:stick":1,"minecraft:warped_trapdoor":2,"minecraft:stone":101,"minecraft:spruce_slab":26,"minecraft:soul_lantern":2,"minecraft:smooth_sandstone":23,"minecraft:crafting_table":4,"minecraft:spruce_button":2,"minecraft:mossy_cobblestone_wall":27,"minecraft:chest":2,"minecraft:dead_bush":2,"minecraft:tall_grass":3,"minecraft:copper_ore":2,"minecraft:cobblestone":3,"minecraft:lapis_ore":10,"minecraft:stone_stairs":1,"minecraft:stripped_spruce_wood":1,"minecraft:warped_planks":11,"minecraft:wheat":2,"minecraft:sweet_berry_bush":9,"minecraft:spruce_log":242,"minecraft:light_gray_wool":1,"minecraft:dark_prismarine_slab":113,"minecraft:grass":7,"minecraft:oak_log":103,"minecraft:coal_ore":181,"minecraft:gravel":4,"minecraft:sand":739,"minecraft:dirt":40,"minecraft:lodestone":1,"minecraft:spruce_fence_gate":1,"minecraft:stone_bricks":2,"minecraft:fern":1,"minecraft:warped_slab":6}},"DataVersion":3465}