{"stats":{"minecraft:crafted":{"minecraft:wooden_shovel":1,"minecraft:acacia_planks":24,"minecraft:crafting_table":1,"minecraft:wooden_axe":1},"minecraft:custom":{"minecraft:time_since_rest":16008,"minecraft:play_time":16008,"minecraft:sprint_one_cm":18412,"minecraft:walk_one_cm":12633,"minecraft:sneak_time":5,"minecraft:walk_under_water_one_cm":159,"minecraft:jump":67,"minecraft:time_since_death":16008,"minecraft:walk_on_water_one_cm":194,"minecraft:total_world_time":16008,"minecraft:fly_one_cm":14708,"minecraft:swim_one_cm":4184,"minecraft:interact_with_crafting_table":1,"minecraft:fall_one_cm":1848},"minecraft:used":{"minecraft:wooden_axe":33,"minecraft:crafting_table":1,"minecraft:acacia_sapling":11},"minecraft:mined":{"minecraft:grass":21,"minecraft:acacia_log":35,"minecraft:acacia_sapling":2,"minecraft:dead_bush":5,"minecraft:tall_grass":4,"minecraft:fern":1},"minecraft:picked_up":{"minecraft:stick":4,"minecraft:wheat_seeds":3,"minecraft:acacia_log":31,"sophisticatedbackpacks:backpack":1,"minecraft:acacia_sapling":11}},"DataVersion":3465}