{"stats":{"minecraft:custom":{"minecraft:jump":43,"minecraft:time_since_rest":16837,"minecraft:crouch_one_cm":70,"minecraft:leave_game":5,"minecraft:play_time":16837,"minecraft:sprint_one_cm":4208,"minecraft:time_since_death":16837,"minecraft:walk_on_water_one_cm":739,"minecraft:walk_one_cm":3073,"minecraft:sneak_time":55,"minecraft:total_world_time":16837,"minecraft:climb_one_cm":426,"minecraft:walk_under_water_one_cm":34,"minecraft:swim_one_cm":469,"minecraft:fly_one_cm":10584}},"DataVersion":3700}