{"stats":{"minecraft:custom":{"minecraft:jump":27,"minecraft:time_since_rest":10225,"minecraft:crouch_one_cm":70,"minecraft:leave_game":4,"minecraft:play_time":10225,"minecraft:sprint_one_cm":1898,"minecraft:time_since_death":10225,"minecraft:walk_on_water_one_cm":739,"minecraft:walk_one_cm":1543,"minecraft:sneak_time":49,"minecraft:total_world_time":10225,"minecraft:climb_one_cm":426,"minecraft:walk_under_water_one_cm":34,"minecraft:swim_one_cm":469,"minecraft:fly_one_cm":7646}},"DataVersion":3700}