{"stats":{"minecraft:used":{"refurbished_furniture:light_microwave":2,"minecraft:andesite":6,"refurbished_furniture:black_kitchen_drawer":1,"refurbished_furniture:white_lamp":2,"refurbished_furniture:cherry_kitchen_sink":2,"refurbished_furniture:light_electricity_generator":1,"refurbished_furniture:white_sofa":1},"minecraft:custom":{"minecraft:jump":85,"minecraft:time_since_rest":27796,"minecraft:crouch_one_cm":126,"minecraft:leave_game":5,"minecraft:play_time":27796,"minecraft:sprint_one_cm":8218,"minecraft:time_since_death":27796,"minecraft:walk_on_water_one_cm":739,"minecraft:walk_one_cm":7199,"minecraft:sneak_time":279,"minecraft:total_world_time":27796,"minecraft:climb_one_cm":502,"minecraft:walk_under_water_one_cm":34,"minecraft:swim_one_cm":469,"minecraft:fly_one_cm":21591}},"DataVersion":3700}