{"stats":{"minecraft:used":{"bbb:polished_stone_layer":12,"minecraft:dirt":1,"bbb:quartz_urn":13,"minecraft:grass_block":6,"bbb:quartz_moulding":27,"bbb:quartz_block":5,"bbb:quartz_column":6,"bbb:quartz_layer":61},"minecraft:dropped":{"minecraft:wheat_seeds":1,"minecraft:grass_block":1},"minecraft:custom":{"minecraft:time_since_rest":2711,"minecraft:crouch_one_cm":233,"minecraft:play_time":12345,"minecraft:sprint_one_cm":5992,"minecraft:walk_one_cm":7873,"minecraft:deaths":3,"minecraft:sneak_time":270,"minecraft:drop":2,"minecraft:jump":37,"minecraft:leave_game":1,"minecraft:time_since_death":2686,"minecraft:total_world_time":12345,"minecraft:fall_one_cm":267,"minecraft:fly_one_cm":36474},"minecraft:picked_up":{"minecraft:wheat_seeds":3}},"DataVersion":3465}