{"stats":{"minecraft:used":{"refurbished_furniture:crimson_bath":1,"minecraft:oak_leaves":1,"refurbished_furniture:recycle_bin":1,"refurbished_furniture:red_trampoline":1,"refurbished_furniture:black_kitchen_drawer":1,"refurbished_furniture:white_sofa":1,"refurbished_furniture:red_grill":1,"minecraft:andesite":6,"refurbished_furniture:light_microwave":2,"refurbished_furniture:white_lamp":2,"refurbished_furniture:cherry_kitchen_sink":2,"refurbished_furniture:light_electricity_generator":1},"minecraft:dropped":{"minecraft:oak_leaves":1},"minecraft:custom":{"minecraft:time_since_rest":33167,"minecraft:sprint_one_cm":8218,"minecraft:crouch_one_cm":126,"minecraft:play_time":33167,"minecraft:walk_one_cm":10860,"minecraft:sneak_time":285,"minecraft:walk_under_water_one_cm":34,"minecraft:drop":1,"minecraft:jump":103,"minecraft:leave_game":6,"minecraft:walk_on_water_one_cm":739,"minecraft:time_since_death":33167,"minecraft:climb_one_cm":502,"minecraft:total_world_time":33167,"minecraft:swim_one_cm":469,"minecraft:fly_one_cm":21591}},"DataVersion":3700}