{"stats":{"minecraft:custom":{"minecraft:jump":27,"minecraft:time_since_rest":8722,"minecraft:crouch_one_cm":70,"minecraft:leave_game":3,"minecraft:play_time":8722,"minecraft:sprint_one_cm":1898,"minecraft:time_since_death":8722,"minecraft:walk_on_water_one_cm":739,"minecraft:walk_one_cm":1543,"minecraft:sneak_time":42,"minecraft:total_world_time":8722,"minecraft:climb_one_cm":426,"minecraft:walk_under_water_one_cm":34,"minecraft:swim_one_cm":469,"minecraft:fly_one_cm":7646}},"DataVersion":3700}