{
  "minecraft:recipes/decorations/crafting_table": {
    "criteria": {
      "unlock_right_away": "2024-11-05 21:09:26 +0000"
    },
    "done": true
  },
  "betterdungeons:root": {
    "criteria": {
      "always": "2024-11-05 21:09:26 +0000"
    },
    "done": true
  },
  "betterdeserttemples:root": {
    "criteria": {
      "always": "2024-11-05 21:09:26 +0000"
    },
    "done": true
  },
  "lootr:root": {
    "criteria": {
      "always_true": "2024-11-05 21:09:26 +0000"
    },
    "done": true
  },
  "betternether:root": {
    "criteria": {
      "welcome": "2024-11-05 21:09:27 +0000"
    },
    "done": true
  },
  "betterend:root": {
    "criteria": {
      "welcome": "2024-11-05 21:09:27 +0000"
    },
    "done": true
  },
  "minecraft:adventure/adventuring_time": {
    "criteria": {
      "minecraft:plains": "2024-11-05 21:09:27 +0000"
    },
    "done": false
  },
  "naturalist:recipes/food/cooked_egg": {
    "criteria": {
      "has_eggs": "2024-11-05 21:11:05 +0000"
    },
    "done": true
  },
  "sophisticatedbackpacks:recipes/misc/iron_backpack": {
    "criteria": {
      "has_backpack": "2024-11-05 21:11:05 +0000"
    },
    "done": true
  },
  "bbb:recipes/bamboo_wall": {
    "criteria": {
      "has_logs": "2024-11-05 21:11:05 +0000"
    },
    "done": true
  },
  "bbb:recipes/bamboo_beam": {
    "criteria": {
      "has_log": "2024-11-05 21:11:05 +0000"
    },
    "done": true
  },
  "sophisticatedbackpacks:recipes/misc/copper_backpack": {
    "criteria": {
      "has_backpack": "2024-11-05 21:11:05 +0000"
    },
    "done": true
  },
  "mcda:recipes/base_armors/guards_armor_chestplate": {
    "criteria": {
      "has_leather_chestplate": "2024-11-05 21:24:43 +0000"
    },
    "done": true
  },
  "mcda:recipes/base_armors/goat_gear_helmet": {
    "criteria": {
      "has_leather_helmet": "2024-11-05 21:24:42 +0000"
    },
    "done": true
  },
  "croptopia:recipes/misc/apple_juice": {
    "criteria": {
      "has_apple": "2024-11-05 21:23:30 +0000"
    },
    "done": true
  },
  "mcda:recipes/base_armors/goat_gear_boots": {
    "criteria": {
      "has_leather_boots": "2024-11-05 21:24:45 +0000"
    },
    "done": true
  },
  "minecraft:recipes/decorations/chest": {
    "criteria": {
      "has_lots_of_items": "2024-11-05 21:21:53 +0000"
    },
    "done": true
  },
  "mcdw:recipes/bows/bow_bubble_bow": {
    "criteria": {
      "has_water_bucket": "2024-11-05 21:25:23 +0000"
    },
    "done": true
  },
  "croptopia:recipes/campfire_toast": {
    "criteria": {
      "has_bread": "2024-11-05 21:23:32 +0000"
    },
    "done": true
  },
  "mcda:recipes/base_armors/climbing_gear_chestplate": {
    "criteria": {
      "has_leather_chestplate": "2024-11-05 21:24:43 +0000"
    },
    "done": true
  },
  "mcda:recipes/base_armors/goat_gear_leggings": {
    "criteria": {
      "has_leather_leggings": "2024-11-05 21:24:44 +0000"
    },
    "done": true
  },
  "refurbished_furniture:recipes/baking/sea_salt": {
    "criteria": {
      "has_ingredient": "2024-11-05 21:25:23 +0000"
    },
    "done": true
  },
  "mcda:recipes/unique_armors/archers_helmet": {
    "criteria": {
      "has_leather_helmet": "2024-11-05 21:24:42 +0000"
    },
    "done": true
  },
  "mcda:recipes/base_armors/guards_armor_helmet": {
    "criteria": {
      "has_leather_helmet": "2024-11-05 21:24:42 +0000"
    },
    "done": true
  },
  "mcda:recipes/base_armors/scale_mail_boots": {
    "criteria": {
      "has_leather_boots": "2024-11-05 21:24:45 +0000"
    },
    "done": true
  },
  "betterend:recipes/misc/shadow_berry_jelly": {
    "criteria": {
      "has_tag_c_water_bottles": "2024-11-05 21:25:23 +0000"
    },
    "done": true
  },
  "croptopia:recipes/fruit_smoothie": {
    "criteria": {
      "has_fruit": "2024-11-05 21:23:30 +0000"
    },
    "done": true
  },
  "croptopia:recipes/cheeseburger": {
    "criteria": {
      "has_bread": "2024-11-05 21:23:32 +0000"
    },
    "done": true
  },
  "croptopia:recipes/food/toast_from_smoking_bread": {
    "criteria": {
      "has_bread": "2024-11-05 21:23:32 +0000"
    },
    "done": true
  },
  "mcda:recipes/base_armors/squid_armor_helmet": {
    "criteria": {
      "has_leather_helmet": "2024-11-05 21:24:42 +0000"
    },
    "done": true
  },
  "mcwlights:recipes/paper_lamp": {
    "criteria": {
      "has_the_recipe": "2024-11-05 21:25:34 +0000"
    },
    "done": true
  },
  "mcda:recipes/upgrade_cores/upgrade_core_archer": {
    "criteria": {
      "has_core_specification_item": "2024-11-05 21:25:10 +0000"
    },
    "done": true
  },
  "mcda:recipes/unique_armors/archers_boots": {
    "criteria": {
      "has_leather_boots": "2024-11-05 21:24:45 +0000"
    },
    "done": true
  },
  "mcda:recipes/base_armors/scale_mail_leggings": {
    "criteria": {
      "has_leather_leggings": "2024-11-05 21:24:44 +0000"
    },
    "done": true
  },
  "minecraft:story/upgrade_tools": {
    "criteria": {
      "stone_pickaxe": "2024-11-05 21:25:34 +0000"
    },
    "done": true
  },
  "betterend:recipes/misc/blossom_berry_jelly": {
    "criteria": {
      "has_tag_c_water_bottles": "2024-11-05 21:25:23 +0000"
    },
    "done": true
  },
  "artifacts:amateur_archaeologist": {
    "criteria": {
      "find_artifact": "2024-11-05 21:21:29 +0000"
    },
    "done": true
  },
  "mcda:recipes/base_armors/guards_armor_leggings": {
    "criteria": {
      "has_leather_leggings": "2024-11-05 21:24:44 +0000"
    },
    "done": true
  },
  "mcwlights:recipes/torches": {
    "criteria": {
      "has_the_recipe": "2024-11-05 21:25:34 +0000"
    },
    "done": true
  },
  "supplementaries:recipes/soap": {
    "criteria": {
      "has_water_bucket": "2024-11-05 21:25:23 +0000"
    },
    "done": true
  },
  "mcda:recipes/base_armors/squid_armor_chestplate": {
    "criteria": {
      "has_leather_chestplate": "2024-11-05 21:24:43 +0000"
    },
    "done": true
  },
  "mcda:recipes/base_armors/climbing_gear_helmet": {
    "criteria": {
      "has_leather_helmet": "2024-11-05 21:24:42 +0000"
    },
    "done": true
  },
  "croptopia:recipes/misc/apple_sapling": {
    "criteria": {
      "has_apple": "2024-11-05 21:23:30 +0000"
    },
    "done": true
  },
  "mcda:recipes/upgrade_cores/upgrade_core_oceanic": {
    "criteria": {
      "has_core_specification_item": "2024-11-05 21:25:23 +0000"
    },
    "done": true
  },
  "croptopia:gather_food": {
    "criteria": {
      "buttered_toast": "2024-11-05 21:24:08 +0000"
    },
    "done": false
  },
  "lootr:social": {
    "criteria": {
      "opened_chest": "2024-11-05 21:23:29 +0000"
    },
    "done": false
  },
  "mcda:recipes/base_armors/goat_gear_chestplate": {
    "criteria": {
      "has_leather_chestplate": "2024-11-05 21:24:43 +0000"
    },
    "done": true
  },
  "mcda:recipes/base_armors/squid_armor_leggings": {
    "criteria": {
      "has_leather_leggings": "2024-11-05 21:24:44 +0000"
    },
    "done": true
  },
  "mcda:recipes/base_armors/climbing_gear_boots": {
    "criteria": {
      "has_leather_boots": "2024-11-05 21:24:45 +0000"
    },
    "done": true
  },
  "minecraft:recipes/brewing/cauldron": {
    "criteria": {
      "has_water_bucket": "2024-11-05 21:25:23 +0000"
    },
    "done": true
  },
  "mcwlights:recipes/tiki_torches": {
    "criteria": {
      "has_the_recipe": "2024-11-05 21:25:34 +0000"
    },
    "done": true
  },
  "refurbished_furniture:recipes/misc/slicing/bread_slice_from_bread": {
    "criteria": {
      "has_bread": "2024-11-05 21:23:32 +0000"
    },
    "done": true
  },
  "croptopia:recipes/food/toast_from_bread": {
    "criteria": {
      "has_bread": "2024-11-05 21:23:32 +0000"
    },
    "done": true
  },
  "lootr:1chest": {
    "criteria": {
      "opened_chest": "2024-11-05 21:23:29 +0000"
    },
    "done": true
  },
  "croptopia:recipes/misc/apple_pie": {
    "criteria": {
      "has_apple": "2024-11-05 21:23:30 +0000"
    },
    "done": true
  },
  "croptopia:recipes/shaped_toast_sandwich": {
    "criteria": {
      "has_toast": "2024-11-05 21:24:08 +0000"
    },
    "done": true
  },
  "refurbished_furniture:recipes/food/dough": {
    "criteria": {
      "has_water": "2024-11-05 21:25:23 +0000"
    },
    "done": true
  },
  "betterend:recipes/misc/sweet_berry_jelly": {
    "criteria": {
      "has_tag_c_water_bottles": "2024-11-05 21:25:23 +0000"
    },
    "done": true
  },
  "minecraft:recipes/decorations/torch": {
    "criteria": {
      "has_stone_pickaxe": "2024-11-05 21:25:34 +0000"
    },
    "done": true
  },
  "refurbished_furniture:recipes/freezing/ice": {
    "criteria": {
      "has_ingredient": "2024-11-05 21:25:23 +0000"
    },
    "done": true
  },
  "mcda:recipes/base_armors/squid_armor_boots": {
    "criteria": {
      "has_leather_boots": "2024-11-05 21:24:45 +0000"
    },
    "done": true
  },
  "mcda:recipes/base_armors/scale_mail_chestplate": {
    "criteria": {
      "has_leather_chestplate": "2024-11-05 21:24:43 +0000"
    },
    "done": true
  },
  "croptopia:recipes/documentation": {
    "criteria": {
      "has_crop": "2024-11-05 21:23:30 +0000"
    },
    "done": true
  },
  "mcda:recipes/base_armors/climbing_gear_leggings": {
    "criteria": {
      "has_leather_leggings": "2024-11-05 21:24:44 +0000"
    },
    "done": true
  },
  "mcda:recipes/unique_armors/archers_leggings": {
    "criteria": {
      "has_leather_leggings": "2024-11-05 21:24:44 +0000"
    },
    "done": true
  },
  "croptopia:recipes/fruit_salad": {
    "criteria": {
      "has_apple": "2024-11-05 21:23:30 +0000"
    },
    "done": true
  },
  "croptopia:recipes/shaped_water_bottle": {
    "criteria": {
      "has_water": "2024-11-05 21:25:23 +0000"
    },
    "done": true
  },
  "mcwlights:recipes/lantern": {
    "criteria": {
      "has_the_recipe": "2024-11-05 21:25:34 +0000"
    },
    "done": true
  },
  "mcda:recipes/base_armors/guards_armor_boots": {
    "criteria": {
      "has_leather_boots": "2024-11-05 21:24:45 +0000"
    },
    "done": true
  },
  "DataVersion": 3465
}