{
  "minecraft:recipes/decorations/crafting_table": {
    "criteria": {
      "unlock_right_away": "2024-11-05 21:09:26 +0000"
    },
    "done": true
  },
  "betterdungeons:root": {
    "criteria": {
      "always": "2024-11-05 21:09:26 +0000"
    },
    "done": true
  },
  "betterdeserttemples:root": {
    "criteria": {
      "always": "2024-11-05 21:09:26 +0000"
    },
    "done": true
  },
  "lootr:root": {
    "criteria": {
      "always_true": "2024-11-05 21:09:26 +0000"
    },
    "done": true
  },
  "betternether:root": {
    "criteria": {
      "welcome": "2024-11-05 21:09:27 +0000"
    },
    "done": true
  },
  "betterend:root": {
    "criteria": {
      "welcome": "2024-11-05 21:09:27 +0000"
    },
    "done": true
  },
  "minecraft:adventure/adventuring_time": {
    "criteria": {
      "minecraft:forest": "2024-11-05 21:26:31 +0000",
      "minecraft:plains": "2024-11-05 21:09:27 +0000"
    },
    "done": false
  },
  "naturalist:recipes/food/cooked_egg": {
    "criteria": {
      "has_eggs": "2024-11-05 21:11:05 +0000"
    },
    "done": true
  },
  "sophisticatedbackpacks:recipes/misc/iron_backpack": {
    "criteria": {
      "has_backpack": "2024-11-05 21:11:05 +0000"
    },
    "done": true
  },
  "bbb:recipes/bamboo_wall": {
    "criteria": {
      "has_logs": "2024-11-05 21:11:05 +0000"
    },
    "done": true
  },
  "bbb:recipes/bamboo_beam": {
    "criteria": {
      "has_log": "2024-11-05 21:11:05 +0000"
    },
    "done": true
  },
  "sophisticatedbackpacks:recipes/misc/copper_backpack": {
    "criteria": {
      "has_backpack": "2024-11-05 21:11:05 +0000"
    },
    "done": true
  },
  "mcda:recipes/base_armors/guards_armor_chestplate": {
    "criteria": {
      "has_leather_chestplate": "2024-11-05 21:24:43 +0000"
    },
    "done": true
  },
  "mcda:recipes/base_armors/goat_gear_helmet": {
    "criteria": {
      "has_leather_helmet": "2024-11-05 21:24:42 +0000"
    },
    "done": true
  },
  "minecraft:recipes/decorations/ladder": {
    "criteria": {
      "has_stick": "2024-11-05 21:27:15 +0000"
    },
    "done": true
  },
  "refurbished_furniture:recipes/misc/constructing/rfm/ecologics/coconut_lattice_fence_gate": {
    "criteria": {
      "has_stick": "2024-11-05 21:27:15 +0000"
    },
    "done": true
  },
  "betternether:recipes/decorations/wart_ladder": {
    "criteria": {
      "has_stick": "2024-11-05 21:27:15 +0000"
    },
    "done": true
  },
  "betterend:recipes/decorations/lacugrove_bar_stool": {
    "criteria": {
      "has_stick": "2024-11-05 21:27:15 +0000"
    },
    "done": true
  },
  "croptopia:recipes/misc/apple_juice": {
    "criteria": {
      "has_apple": "2024-11-05 21:23:30 +0000"
    },
    "done": true
  },
  "mcdw:recipes/crossbows/crossbow_slayer": {
    "criteria": {
      "has_string": "2024-11-05 21:30:38 +0000"
    },
    "done": true
  },
  "betterend:recipes/decorations/lucernia_chair": {
    "criteria": {
      "has_stick": "2024-11-05 21:27:15 +0000"
    },
    "done": true
  },
  "ecologics:recipes/ecologics/azalea_chest_boat": {
    "criteria": {
      "has_boat": "2024-11-05 21:25:48 +0000"
    },
    "done": true
  },
  "betternether:recipes/decorations/warped_chair": {
    "criteria": {
      "has_stick": "2024-11-05 21:27:15 +0000"
    },
    "done": true
  },
  "betterend:recipes/decorations/lacugrove_taburet": {
    "criteria": {
      "has_stick": "2024-11-05 21:27:15 +0000"
    },
    "done": true
  },
  "betterend:recipes/decorations/helix_tree_sign": {
    "criteria": {
      "has_stick": "2024-11-05 21:27:15 +0000"
    },
    "done": true
  },
  "betterend:recipes/decorations/jellyshroom_chair": {
    "criteria": {
      "has_stick": "2024-11-05 21:27:15 +0000"
    },
    "done": true
  },
  "betterend:recipes/misc/blossom_berry_jelly_potion": {
    "criteria": {
      "has_potion": "2024-11-05 21:30:08 +0000"
    },
    "done": true
  },
  "mcda:recipes/crafting_items/fabric_bolt_yellow": {
    "criteria": {
      "has_stick": "2024-11-05 21:27:15 +0000"
    },
    "done": true
  },
  "betterend:recipes/decorations/end_lotus_ladder": {
    "criteria": {
      "has_stick": "2024-11-05 21:27:15 +0000"
    },
    "done": true
  },
  "minecraft:nether/brew_potion": {
    "criteria": {
      "potion": "2024-11-05 21:32:06 +0000"
    },
    "done": true
  },
  "bbb:recipes/acacia_lantern": {
    "criteria": {
      "has_torch": "2024-11-05 21:26:22 +0000"
    },
    "done": true
  },
  "supplementaries:recipes/flags/flag_magenta": {
    "criteria": {
      "has_stick": "2024-11-05 21:27:15 +0000"
    },
    "done": true
  },
  "mcdw:recipes/bows/bow_masters_bow": {
    "criteria": {
      "has_string": "2024-11-05 21:30:38 +0000"
    },
    "done": true
  },
  "betternether:recipes/decorations/rubeus_taburet": {
    "criteria": {
      "has_stick": "2024-11-05 21:27:15 +0000"
    },
    "done": true
  },
  "betternether:recipes/decorations/crimson_chair": {
    "criteria": {
      "has_stick": "2024-11-05 21:27:15 +0000"
    },
    "done": true
  },
  "betterend:recipes/decorations/tenanea_taburet": {
    "criteria": {
      "has_stick": "2024-11-05 21:27:15 +0000"
    },
    "done": true
  },
  "mcda:recipes/crafting_items/fabric_bolt_brown": {
    "criteria": {
      "has_stick": "2024-11-05 21:27:15 +0000"
    },
    "done": true
  },
  "minecraft:recipes/tools/wooden_axe": {
    "criteria": {
      "has_stick": "2024-11-05 21:27:15 +0000"
    },
    "done": true
  },
  "bbb:recipes/oak_beam": {
    "criteria": {
      "has_log": "2024-11-05 21:27:14 +0000"
    },
    "done": true
  },
  "betternether:recipes/decorations/jungle_bar_stool": {
    "criteria": {
      "has_stick": "2024-11-05 21:27:15 +0000"
    },
    "done": true
  },
  "betternether:recipes/decorations/oak_taburet": {
    "criteria": {
      "has_stick": "2024-11-05 21:27:15 +0000"
    },
    "done": true
  },
  "minecraft:recipes/transportation/spruce_chest_boat": {
    "criteria": {
      "has_boat": "2024-11-05 21:25:48 +0000"
    },
    "done": true
  },
  "refurbished_furniture:recipes/misc/constructing/rfm/betternether/rubeus_lattice_fence_gate": {
    "criteria": {
      "has_stick": "2024-11-05 21:27:15 +0000"
    },
    "done": true
  },
  "betterend:recipes/decorations/pythadendron_fence": {
    "criteria": {
      "has_stick": "2024-11-05 21:27:15 +0000"
    },
    "done": true
  },
  "mcda:recipes/base_armors/goat_gear_boots": {
    "criteria": {
      "has_leather_boots": "2024-11-05 21:24:45 +0000"
    },
    "done": true
  },
  "betternether:recipes/decorations/cherry_taburet": {
    "criteria": {
      "has_stick": "2024-11-05 21:27:15 +0000"
    },
    "done": true
  },
  "minecraft:recipes/decorations/chest": {
    "criteria": {
      "has_lots_of_items": "2024-11-05 21:21:53 +0000"
    },
    "done": true
  },
  "mcdw:recipes/crossbows/crossbow_corrupted_crossbow": {
    "criteria": {
      "has_string": "2024-11-05 21:30:38 +0000"
    },
    "done": true
  },
  "betternether:recipes/decorations/bamboo_taburet": {
    "criteria": {
      "has_stick": "2024-11-05 21:27:15 +0000"
    },
    "done": true
  },
  "minecraft:adventure/sleep_in_bed": {
    "criteria": {
      "slept_in_bed": "2024-11-05 21:32:54 +0000"
    },
    "done": true
  },
  "betterend:recipes/decorations/lacugrove_chair": {
    "criteria": {
      "has_stick": "2024-11-05 21:27:15 +0000"
    },
    "done": true
  },
  "betternether:recipes/decorations/anchor_tree_bar_stool": {
    "criteria": {
      "has_stick": "2024-11-05 21:27:15 +0000"
    },
    "done": true
  },
  "bbb:recipes/oak_wall": {
    "criteria": {
      "has_logs": "2024-11-05 21:27:14 +0000"
    },
    "done": true
  },
  "minecraft:recipes/transportation/mangrove_chest_boat": {
    "criteria": {
      "has_boat": "2024-11-05 21:25:48 +0000"
    },
    "done": true
  },
  "minecraft:recipes/redstone/tripwire_hook": {
    "criteria": {
      "has_string": "2024-11-05 21:30:38 +0000"
    },
    "done": true
  },
  "betternether:recipes/decorations/anchor_tree_sign": {
    "criteria": {
      "has_stick": "2024-11-05 21:27:15 +0000"
    },
    "done": true
  },
  "betternether:recipes/transportation/rail": {
    "criteria": {
      "has_stick": "2024-11-05 21:27:15 +0000"
    },
    "done": true
  },
  "mcdw:recipes/double_axes/double_axe_cursed": {
    "criteria": {
      "has_rotten_flesh": "2024-11-05 21:45:04 +0000"
    },
    "done": true
  },
  "minecraft:recipes/decorations/candle": {
    "criteria": {
      "has_string": "2024-11-05 21:30:38 +0000"
    },
    "done": true
  },
  "refurbished_furniture:recipes/misc/constructing/birch_lattice_fence": {
    "criteria": {
      "has_stick": "2024-11-05 21:27:15 +0000"
    },
    "done": true
  },
  "minecraft:recipes/transportation/oak_chest_boat": {
    "criteria": {
      "has_boat": "2024-11-05 21:25:48 +0000"
    },
    "done": true
  },
  "bbb:recipes/oak_pallet": {
    "criteria": {
      "has_planks": "2024-11-05 21:27:14 +0000"
    },
    "done": true
  },
  "betternether:recipes/decorations/rubeus_chair": {
    "criteria": {
      "has_stick": "2024-11-05 21:27:15 +0000"
    },
    "done": true
  },
  "betterend:recipes/decorations/umbrella_tree_fence": {
    "criteria": {
      "has_stick": "2024-11-05 21:27:15 +0000"
    },
    "done": true
  },
  "betternether:recipes/redstone/mushroom_fir_gate": {
    "criteria": {
      "has_stick": "2024-11-05 21:27:15 +0000"
    },
    "done": true
  },
  "refurbished_furniture:recipes/misc/constructing/rfm/betterend/umbrella_tree_lattice_fence": {
    "criteria": {
      "has_stick": "2024-11-05 21:27:15 +0000"
    },
    "done": true
  },
  "bbb:recipes/oak_frame": {
    "criteria": {
      "has_log": "2024-11-05 21:27:14 +0000"
    },
    "done": true
  },
  "mcdw:recipes/bows/bow_bubble_bow": {
    "criteria": {
      "has_water_bucket": "2024-11-05 21:25:23 +0000"
    },
    "done": true
  },
  "betterend:recipes/decorations/jellyshroom_sign": {
    "criteria": {
      "has_stick": "2024-11-05 21:27:15 +0000"
    },
    "done": true
  },
  "betternether:recipes/decorations/oak_bar_stool": {
    "criteria": {
      "has_stick": "2024-11-05 21:27:15 +0000"
    },
    "done": true
  },
  "another_furniture:recipes/acacia_drawer": {
    "criteria": {
      "has_planks": "2024-11-05 21:27:15 +0000"
    },
    "done": true
  },
  "betterend:recipes/redstone/tenanea_gate": {
    "criteria": {
      "has_stick": "2024-11-05 21:27:15 +0000"
    },
    "done": true
  },
  "betterend:recipes/decorations/dragon_tree_taburet": {
    "criteria": {
      "has_stick": "2024-11-05 21:27:15 +0000"
    },
    "done": true
  },
  "betternether:recipes/decorations/birch_taburet": {
    "criteria": {
      "has_stick": "2024-11-05 21:27:15 +0000"
    },
    "done": true
  },
  "mcda:recipes/base_armors/spelunker_armor_helmet": {
    "criteria": {
      "has_torch": "2024-11-05 21:26:22 +0000"
    },
    "done": true
  },
  "croptopia:recipes/campfire_toast": {
    "criteria": {
      "has_bread": "2024-11-05 21:23:32 +0000"
    },
    "done": true
  },
  "betternether:recipes/redstone/stalagnate_gate": {
    "criteria": {
      "has_stick": "2024-11-05 21:27:15 +0000"
    },
    "done": true
  },
  "bbb:recipes/spruce_pallet": {
    "criteria": {
      "has_planks": "2024-11-05 21:27:24 +0000"
    },
    "done": true
  },
  "refurbished_furniture:recipes/misc/constructing/rfm/betterend/jellyshroom_lattice_fence_gate": {
    "criteria": {
      "has_stick": "2024-11-05 21:27:15 +0000"
    },
    "done": true
  },
  "refurbished_furniture:recipes/misc/constructing/rfm/ecologics/walnut_lattice_fence_gate": {
    "criteria": {
      "has_stick": "2024-11-05 21:27:15 +0000"
    },
    "done": true
  },
  "betterend:recipes/decorations/helix_tree_fence": {
    "criteria": {
      "has_stick": "2024-11-05 21:27:15 +0000"
    },
    "done": true
  },
  "ecologics:recipes/ecologics/walnut_chest_boat": {
    "criteria": {
      "has_boat": "2024-11-05 21:25:48 +0000"
    },
    "done": true
  },
  "betternether:recipes/decorations/nether_reed_ladder": {
    "criteria": {
      "has_stick": "2024-11-05 21:27:15 +0000"
    },
    "done": true
  },
  "betterend:recipes/redstone/pythadendron_gate": {
    "criteria": {
      "has_stick": "2024-11-05 21:27:15 +0000"
    },
    "done": true
  },
  "refurbished_furniture:recipes/misc/constructing/rfm/betterend/lacugrove_lattice_fence": {
    "criteria": {
      "has_stick": "2024-11-05 21:27:15 +0000"
    },
    "done": true
  },
  "betterend:recipes/decorations/helix_tree_ladder": {
    "criteria": {
      "has_stick": "2024-11-05 21:27:15 +0000"
    },
    "done": true
  },
  "betterend:recipes/decorations/lacugrove_sign": {
    "criteria": {
      "has_stick": "2024-11-05 21:27:15 +0000"
    },
    "done": true
  },
  "betterend:recipes/decorations/umbrella_tree_ladder": {
    "criteria": {
      "has_stick": "2024-11-05 21:27:15 +0000"
    },
    "done": true
  },
  "mcdw:recipes/shortbows/bow_shortbow": {
    "criteria": {
      "has_string": "2024-11-05 21:30:38 +0000"
    },
    "done": true
  },
  "minecraft:recipes/decorations/campfire": {
    "criteria": {
      "has_coal": "2024-11-05 21:26:09 +0000"
    },
    "done": true
  },
  "refurbished_furniture:recipes/misc/constructing/dark_oak_lattice_fence": {
    "criteria": {
      "has_stick": "2024-11-05 21:27:15 +0000"
    },
    "done": true
  },
  "mcda:recipes/base_armors/climbing_gear_chestplate": {
    "criteria": {
      "has_leather_chestplate": "2024-11-05 21:24:43 +0000"
    },
    "done": true
  },
  "betternether:recipes/decorations/oak_chair": {
    "criteria": {
      "has_stick": "2024-11-05 21:27:15 +0000"
    },
    "done": true
  },
  "betternether:recipes/decorations/willow_ladder": {
    "criteria": {
      "has_stick": "2024-11-05 21:27:15 +0000"
    },
    "done": true
  },
  "mcdw:recipes/shortbows/bow_mechanical_shortbow": {
    "criteria": {
      "has_string": "2024-11-05 21:30:38 +0000"
    },
    "done": true
  },
  "lootr:1barrel": {
    "criteria": {
      "opened_barrel": "2024-11-05 21:30:54 +0000"
    },
    "done": true
  },
  "mcda:recipes/base_armors/goat_gear_leggings": {
    "criteria": {
      "has_leather_leggings": "2024-11-05 21:24:44 +0000"
    },
    "done": true
  },
  "betterend:recipes/misc/end_stone_smelter": {
    "criteria": {
      "has_tag_c_furnaces": "2024-11-05 21:32:16 +0000"
    },
    "done": true
  },
  "betterend:recipes/decorations/end_lotus_taburet": {
    "criteria": {
      "has_stick": "2024-11-05 21:27:15 +0000"
    },
    "done": true
  },
  "refurbished_furniture:recipes/misc/constructing/rfm/betterend/tenanea_lattice_fence": {
    "criteria": {
      "has_stick": "2024-11-05 21:27:15 +0000"
    },
    "done": true
  },
  "croptopia:eatcrafted": {
    "criteria": {
      "eat_crafted": "2024-11-05 21:29:50 +0000"
    },
    "done": true
  },
  "another_furniture:recipes/cherry_drawer": {
    "criteria": {
      "has_planks": "2024-11-05 21:27:15 +0000"
    },
    "done": true
  },
  "minecraft:recipes/redstone/dispenser": {
    "criteria": {
      "has_bow": "2024-11-05 21:29:11 +0000"
    },
    "done": true
  },
  "betternether:recipes/decorations/nether_sakura_bar_stool": {
    "criteria": {
      "has_stick": "2024-11-05 21:27:15 +0000"
    },
    "done": true
  },
  "mcdw:recipes/bows/bow_echo_of_the_valley": {
    "criteria": {
      "has_string": "2024-11-05 21:30:38 +0000"
    },
    "done": true
  },
  "betterend:recipes/decorations/dragon_tree_bar_stool": {
    "criteria": {
      "has_stick": "2024-11-05 21:27:15 +0000"
    },
    "done": true
  },
  "betternether:recipes/decorations/bamboo_bar_stool": {
    "criteria": {
      "has_stick": "2024-11-05 21:27:15 +0000"
    },
    "done": true
  },
  "betternether:recipes/decorations/dark_oak_taburet": {
    "criteria": {
      "has_stick": "2024-11-05 21:27:15 +0000"
    },
    "done": true
  },
  "refurbished_furniture:recipes/misc/constructing/rfm/betterend/helix_tree_lattice_fence_gate": {
    "criteria": {
      "has_stick": "2024-11-05 21:27:15 +0000"
    },
    "done": true
  },
  "supplementaries:recipes/flags/flag_black": {
    "criteria": {
      "has_stick": "2024-11-05 21:27:15 +0000"
    },
    "done": true
  },
  "betternether:recipes/decorations/mushroom_fir_taburet": {
    "criteria": {
      "has_stick": "2024-11-05 21:27:15 +0000"
    },
    "done": true
  },
  "minecraft:recipes/combat/wooden_sword": {
    "criteria": {
      "has_stick": "2024-11-05 21:27:15 +0000"
    },
    "done": true
  },
  "minecraft:recipes/building_blocks/oak_planks": {
    "criteria": {
      "has_logs": "2024-11-05 21:27:14 +0000"
    },
    "done": true
  },
  "mcdw:recipes/bows/bow_web_bow": {
    "criteria": {
      "has_base_bow": "2024-11-05 21:29:11 +0000"
    },
    "done": true
  },
  "supplementaries:recipes/flags/flag_green": {
    "criteria": {
      "has_stick": "2024-11-05 21:27:15 +0000"
    },
    "done": true
  },
  "mcdw:recipes/bows/bow_lost_souls": {
    "criteria": {
      "has_string": "2024-11-05 21:30:38 +0000"
    },
    "done": true
  },
  "refurbished_furniture:recipes/misc/constructing/rfm/betterend/dragon_tree_lattice_fence_gate": {
    "criteria": {
      "has_stick": "2024-11-05 21:27:15 +0000"
    },
    "done": true
  },
  "betternether:recipes/decorations/mushroom_fir_sign": {
    "criteria": {
      "has_stick": "2024-11-05 21:27:15 +0000"
    },
    "done": true
  },
  "mcdw:recipes/bows/bow_power_bow": {
    "criteria": {
      "has_string": "2024-11-05 21:30:38 +0000"
    },
    "done": true
  },
  "refurbished_furniture:recipes/baking/sea_salt": {
    "criteria": {
      "has_ingredient": "2024-11-05 21:25:23 +0000"
    },
    "done": true
  },
  "mcda:recipes/crafting_items/fabric_bolt_gray": {
    "criteria": {
      "has_stick": "2024-11-05 21:27:15 +0000"
    },
    "done": true
  },
  "mcda:recipes/crafting_items/fabric_bolt_red": {
    "criteria": {
      "has_stick": "2024-11-05 21:27:15 +0000"
    },
    "done": true
  },
  "mcda:recipes/unique_armors/archers_helmet": {
    "criteria": {
      "has_leather_helmet": "2024-11-05 21:24:42 +0000"
    },
    "done": true
  },
  "supplementaries:recipes/flags/flag_purple": {
    "criteria": {
      "has_stick": "2024-11-05 21:27:15 +0000"
    },
    "done": true
  },
  "betterend:recipes/decorations/tenanea_sign": {
    "criteria": {
      "has_stick": "2024-11-05 21:27:15 +0000"
    },
    "done": true
  },
  "mcdw:recipes/bows/bow_nocturnal_bow": {
    "criteria": {
      "has_string": "2024-11-05 21:30:38 +0000"
    },
    "done": true
  },
  "refurbished_furniture:recipes/misc/constructing/rfm/betterend/dragon_tree_lattice_fence": {
    "criteria": {
      "has_stick": "2024-11-05 21:27:15 +0000"
    },
    "done": true
  },
  "mcdw:recipes/bows/bow_burst_gale_bow": {
    "criteria": {
      "has_string": "2024-11-05 21:30:38 +0000"
    },
    "done": true
  },
  "betternether:recipes/decorations/cherry_bar_stool": {
    "criteria": {
      "has_stick": "2024-11-05 21:27:15 +0000"
    },
    "done": true
  },
  "mcdw:recipes/shortbows/bow_purple_storm": {
    "criteria": {
      "has_string": "2024-11-05 21:30:38 +0000"
    },
    "done": true
  },
  "supplementaries:recipes/flags/flag_white": {
    "criteria": {
      "has_stick": "2024-11-05 21:27:15 +0000"
    },
    "done": true
  },
  "betterend:recipes/redstone/mossy_glowshroom_gate": {
    "criteria": {
      "has_stick": "2024-11-05 21:27:15 +0000"
    },
    "done": true
  },
  "refurbished_furniture:recipes/misc/constructing/rfm/betternether/mushroom_fir_lattice_fence_gate": {
    "criteria": {
      "has_stick": "2024-11-05 21:27:15 +0000"
    },
    "done": true
  },
  "refurbished_furniture:recipes/misc/constructing/jungle_lattice_fence_gate": {
    "criteria": {
      "has_stick": "2024-11-05 21:27:15 +0000"
    },
    "done": true
  },
  "mcdw:recipes/bows/bow_void_bow": {
    "criteria": {
      "has_string": "2024-11-05 21:30:38 +0000"
    },
    "done": true
  },
  "mcda:recipes/base_armors/guards_armor_helmet": {
    "criteria": {
      "has_leather_helmet": "2024-11-05 21:24:42 +0000"
    },
    "done": true
  },
  "refurbished_furniture:recipes/misc/constructing/magenta_trampoline": {
    "criteria": {
      "has_string": "2024-11-05 21:30:38 +0000"
    },
    "done": true
  },
  "refurbished_furniture:recipes/misc/constructing/rfm/ecologics/azalea_lattice_fence": {
    "criteria": {
      "has_stick": "2024-11-05 21:27:15 +0000"
    },
    "done": true
  },
  "betterend:recipes/decorations/helix_tree_chair": {
    "criteria": {
      "has_stick": "2024-11-05 21:27:15 +0000"
    },
    "done": true
  },
  "mcda:recipes/base_armors/scale_mail_boots": {
    "criteria": {
      "has_leather_boots": "2024-11-05 21:24:45 +0000"
    },
    "done": true
  },
  "bbb:recipes/rope": {
    "criteria": {
      "has_string": "2024-11-05 21:30:38 +0000"
    },
    "done": true
  },
  "refurbished_furniture:recipes/misc/constructing/rfm/betternether/nether_reed_lattice_fence": {
    "criteria": {
      "has_stick": "2024-11-05 21:27:15 +0000"
    },
    "done": true
  },
  "mcdw:recipes/crossbows/crossbow_butterfly": {
    "criteria": {
      "has_string": "2024-11-05 21:30:38 +0000"
    },
    "done": true
  },
  "betternether:recipes/decorations/mushroom_fir_chair": {
    "criteria": {
      "has_stick": "2024-11-05 21:27:15 +0000"
    },
    "done": true
  },
  "betterend:recipes/misc/leather_wrapped_stick": {
    "criteria": {
      "has_stick": "2024-11-05 21:27:15 +0000"
    },
    "done": true
  },
  "refurbished_furniture:recipes/misc/constructing/rfm/betterend/end_lotus_lattice_fence_gate": {
    "criteria": {
      "has_stick": "2024-11-05 21:27:15 +0000"
    },
    "done": true
  },
  "supplementaries:recipes/boat_jar": {
    "criteria": {
      "minecraft:boats": "2024-11-05 21:25:48 +0000"
    },
    "done": true
  },
  "betterend:recipes/decorations/dragon_tree_fence": {
    "criteria": {
      "has_stick": "2024-11-05 21:27:15 +0000"
    },
    "done": true
  },
  "mcdw:recipes/crossbows/crossbow_slicer": {
    "criteria": {
      "has_string": "2024-11-05 21:30:38 +0000"
    },
    "done": true
  },
  "mcdw:recipes/longbows/bow_longbow": {
    "criteria": {
      "has_string": "2024-11-05 21:30:38 +0000"
    },
    "done": true
  },
  "bbb:recipes/spruce_frame": {
    "criteria": {
      "has_planks": "2024-11-05 21:27:24 +0000"
    },
    "done": true
  },
  "betterend:recipes/misc/shadow_berry_jelly": {
    "criteria": {
      "has_tag_c_water_bottles": "2024-11-05 21:25:23 +0000"
    },
    "done": true
  },
  "betternether:recipes/decorations/warped_taburet": {
    "criteria": {
      "has_stick": "2024-11-05 21:27:15 +0000"
    },
    "done": true
  },
  "betterend:recipes/decorations/mossy_glowshroom_sign": {
    "criteria": {
      "has_stick": "2024-11-05 21:27:15 +0000"
    },
    "done": true
  },
  "mcdw:recipes/bows/bow_pink_scoundrel": {
    "criteria": {
      "has_string": "2024-11-05 21:30:38 +0000"
    },
    "done": true
  },
  "supplementaries:recipes/flags/flag_gray": {
    "criteria": {
      "has_stick": "2024-11-05 21:27:15 +0000"
    },
    "done": true
  },
  "minecraft:recipes/combat/bow": {
    "criteria": {
      "has_string": "2024-11-05 21:30:38 +0000"
    },
    "done": true
  },
  "refurbished_furniture:recipes/misc/constructing/rfm/betternether/mushroom_fir_lattice_fence": {
    "criteria": {
      "has_stick": "2024-11-05 21:27:15 +0000"
    },
    "done": true
  },
  "betterend:recipes/decorations/tenanea_bar_stool": {
    "criteria": {
      "has_stick": "2024-11-05 21:27:15 +0000"
    },
    "done": true
  },
  "mcda:recipes/crafting_items/glut_charm": {
    "criteria": {
      "has_rotten_flesh": "2024-11-05 21:45:04 +0000"
    },
    "done": true
  },
  "mcdw:recipes/bows/bow_trickbow": {
    "criteria": {
      "has_string": "2024-11-05 21:30:38 +0000"
    },
    "done": true
  },
  "refurbished_furniture:recipes/misc/constructing/spruce_lattice_fence": {
    "criteria": {
      "has_stick": "2024-11-05 21:27:15 +0000"
    },
    "done": true
  },
  "mcda:recipes/upgrade_cores/upgrade_core_verdant": {
    "criteria": {
      "has_core_specification_item": "2024-11-05 21:27:16 +0000"
    },
    "done": true
  },
  "betternether:recipes/decorations/anchor_tree_chair": {
    "criteria": {
      "has_stick": "2024-11-05 21:27:15 +0000"
    },
    "done": true
  },
  "mcdw:recipes/hammers/hammer_boneclub": {
    "criteria": {
      "has_string": "2024-11-05 21:30:38 +0000"
    },
    "done": true
  },
  "minecraft:recipes/decorations/composter": {
    "criteria": {
      "has_wood_slab": "2024-11-05 21:31:00 +0000"
    },
    "done": true
  },
  "refurbished_furniture:recipes/misc/constructing/crimson_lattice_fence_gate": {
    "criteria": {
      "has_stick": "2024-11-05 21:27:15 +0000"
    },
    "done": true
  },
  "minecraft:recipes/decorations/smoker": {
    "criteria": {
      "has_furnace": "2024-11-05 21:32:16 +0000"
    },
    "done": true
  },
  "croptopia:recipes/fruit_smoothie": {
    "criteria": {
      "has_fruit": "2024-11-05 21:23:30 +0000"
    },
    "done": true
  },
  "mcda:recipes/crafting_items/fabric_bolt_magenta": {
    "criteria": {
      "has_stick": "2024-11-05 21:27:15 +0000"
    },
    "done": true
  },
  "croptopia:recipes/cheeseburger": {
    "criteria": {
      "has_bread": "2024-11-05 21:23:32 +0000"
    },
    "done": true
  },
  "supplementaries:recipes/bamboo_spikes": {
    "criteria": {
      "minecraft:wooden_slabs": "2024-11-05 21:31:00 +0000"
    },
    "done": true
  },
  "betternether:recipes/decorations/anchor_tree_taburet": {
    "criteria": {
      "has_stick": "2024-11-05 21:27:15 +0000"
    },
    "done": true
  },
  "betternether:recipes/decorations/warped_ladder": {
    "criteria": {
      "has_stick": "2024-11-05 21:27:15 +0000"
    },
    "done": true
  },
  "refurbished_furniture:recipes/misc/constructing/light_gray_trampoline": {
    "criteria": {
      "has_string": "2024-11-05 21:30:38 +0000"
    },
    "done": true
  },
  "betterend:recipes/decorations/tenanea_fence": {
    "criteria": {
      "has_stick": "2024-11-05 21:27:15 +0000"
    },
    "done": true
  },
  "refurbished_furniture:recipes/misc/constructing/green_trampoline": {
    "criteria": {
      "has_string": "2024-11-05 21:30:38 +0000"
    },
    "done": true
  },
  "betterend:recipes/decorations/lucernia_bar_stool": {
    "criteria": {
      "has_stick": "2024-11-05 21:27:15 +0000"
    },
    "done": true
  },
  "betternether:recipes/decorations/acacia_chair": {
    "criteria": {
      "has_stick": "2024-11-05 21:27:15 +0000"
    },
    "done": true
  },
  "minecraft:recipes/building_blocks/spruce_wood": {
    "criteria": {
      "has_log": "2024-11-05 21:27:24 +0000"
    },
    "done": true
  },
  "betterend:recipes/redstone/helix_tree_gate": {
    "criteria": {
      "has_stick": "2024-11-05 21:27:15 +0000"
    },
    "done": true
  },
  "bbb:recipes/mangrove_lantern": {
    "criteria": {
      "has_torch": "2024-11-05 21:26:22 +0000"
    },
    "done": true
  },
  "betternether:recipes/decorations/spruce_taburet": {
    "criteria": {
      "has_stick": "2024-11-05 21:27:15 +0000"
    },
    "done": true
  },
  "refurbished_furniture:recipes/misc/constructing/rfm/betterend/mossy_glowshroom_lattice_fence_gate": {
    "criteria": {
      "has_stick": "2024-11-05 21:27:15 +0000"
    },
    "done": true
  },
  "betterend:recipes/decorations/pythadendron_sign": {
    "criteria": {
      "has_stick": "2024-11-05 21:27:15 +0000"
    },
    "done": true
  },
  "another_furniture:recipes/warped_drawer": {
    "criteria": {
      "has_planks": "2024-11-05 21:27:15 +0000"
    },
    "done": true
  },
  "betternether:recipes/decorations/wart_taburet": {
    "criteria": {
      "has_stick": "2024-11-05 21:27:15 +0000"
    },
    "done": true
  },
  "ecologics:recipes/ecologics/coconut_chest_boat": {
    "criteria": {
      "has_boat": "2024-11-05 21:25:48 +0000"
    },
    "done": true
  },
  "croptopia:recipes/food/toast_from_smoking_bread": {
    "criteria": {
      "has_bread": "2024-11-05 21:23:32 +0000"
    },
    "done": true
  },
  "supplementaries:recipes/flags/flag_light_blue": {
    "criteria": {
      "has_stick": "2024-11-05 21:27:15 +0000"
    },
    "done": true
  },
  "betternether:recipes/decorations/bar_stool_cincinnasite": {
    "criteria": {
      "has_stick": "2024-11-05 21:27:15 +0000"
    },
    "done": true
  },
  "mcdw:recipes/bows/bow_bonebow": {
    "criteria": {
      "has_string": "2024-11-05 21:30:38 +0000"
    },
    "done": true
  },
  "betterend:recipes/misc/copy_handle_attachment": {
    "criteria": {
      "has_stick": "2024-11-05 21:27:15 +0000"
    },
    "done": true
  },
  "refurbished_furniture:recipes/misc/knife": {
    "criteria": {
      "has_string": "2024-11-05 21:30:38 +0000"
    },
    "done": true
  },
  "refurbished_furniture:recipes/misc/workbench": {
    "criteria": {
      "has_slabs": "2024-11-05 21:31:00 +0000"
    },
    "done": true
  },
  "betternether:recipes/decorations/willow_sign": {
    "criteria": {
      "has_stick": "2024-11-05 21:27:15 +0000"
    },
    "done": true
  },
  "supplementaries:recipes/blackboard": {
    "criteria": {
      "minecraft:wooden_slabs": "2024-11-05 21:31:00 +0000"
    },
    "done": true
  },
  "mcdw:recipes/crossbows/crossbow_azure_seeker": {
    "criteria": {
      "has_string": "2024-11-05 21:30:38 +0000"
    },
    "done": true
  },
  "refurbished_furniture:recipes/misc/constructing/rfm/betternether/nether_mushroom_lattice_fence_gate": {
    "criteria": {
      "has_stick": "2024-11-05 21:27:15 +0000"
    },
    "done": true
  },
  "betterend:recipes/redstone/end_lotus_gate": {
    "criteria": {
      "has_stick": "2024-11-05 21:27:15 +0000"
    },
    "done": true
  },
  "mcda:recipes/crafting_items/fabric_bolt_cyan": {
    "criteria": {
      "has_stick": "2024-11-05 21:27:15 +0000"
    },
    "done": true
  },
  "betternether:recipes/decorations/mangrove_bar_stool": {
    "criteria": {
      "has_stick": "2024-11-05 21:27:15 +0000"
    },
    "done": true
  },
  "betterend:recipes/misc/terminite_sword_handle": {
    "criteria": {
      "has_item.minecraft.stick": "2024-11-05 21:27:15 +0000"
    },
    "done": true
  },
  "mcda:recipes/base_armors/squid_armor_helmet": {
    "criteria": {
      "has_leather_helmet": "2024-11-05 21:24:42 +0000"
    },
    "done": true
  },
  "refurbished_furniture:recipes/misc/wrench": {
    "criteria": {
      "has_string": "2024-11-05 21:30:38 +0000"
    },
    "done": true
  },
  "minecraft:recipes/transportation/dark_oak_chest_boat": {
    "criteria": {
      "has_boat": "2024-11-05 21:25:48 +0000"
    },
    "done": true
  },
  "betternether:recipes/decorations/acacia_bar_stool": {
    "criteria": {
      "has_stick": "2024-11-05 21:27:15 +0000"
    },
    "done": true
  },
  "betternether:recipes/decorations/willow_bar_stool": {
    "criteria": {
      "has_stick": "2024-11-05 21:27:15 +0000"
    },
    "done": true
  },
  "mcdw:recipes/bows/bow_winters_touch": {
    "criteria": {
      "has_string": "2024-11-05 21:30:38 +0000"
    },
    "done": true
  },
  "another_furniture:recipes/jungle_drawer": {
    "criteria": {
      "has_planks": "2024-11-05 21:27:15 +0000"
    },
    "done": true
  },
  "mcdw:recipes/whips/whip_whip": {
    "criteria": {
      "has_string": "2024-11-05 21:30:38 +0000"
    },
    "done": true
  },
  "refurbished_furniture:recipes/misc/constructing/rfm/betternether/anchor_tree_lattice_fence": {
    "criteria": {
      "has_stick": "2024-11-05 21:27:15 +0000"
    },
    "done": true
  },
  "betternether:recipes/decorations/nether_reed_chair": {
    "criteria": {
      "has_stick": "2024-11-05 21:27:15 +0000"
    },
    "done": true
  },
  "refurbished_furniture:recipes/misc/constructing/pink_trampoline": {
    "criteria": {
      "has_string": "2024-11-05 21:30:38 +0000"
    },
    "done": true
  },
  "mcwlights:recipes/paper_lamp": {
    "criteria": {
      "has_the_recipe": "2024-11-05 21:25:34 +0000"
    },
    "done": true
  },
  "betterend:recipes/decorations/end_lotus_fence": {
    "criteria": {
      "has_stick": "2024-11-05 21:27:15 +0000"
    },
    "done": true
  },
  "mcdw:recipes/crossbows/crossbow_soul": {
    "criteria": {
      "has_string": "2024-11-05 21:30:38 +0000"
    },
    "done": true
  },
  "mcda:recipes/upgrade_cores/upgrade_core_archer": {
    "criteria": {
      "has_core_specification_item": "2024-11-05 21:25:10 +0000"
    },
    "done": true
  },
  "betternether:recipes/redstone/wart_gate": {
    "criteria": {
      "has_stick": "2024-11-05 21:27:15 +0000"
    },
    "done": true
  },
  "refurbished_furniture:recipes/misc/constructing/rfm/betterend/umbrella_tree_lattice_fence_gate": {
    "criteria": {
      "has_stick": "2024-11-05 21:27:15 +0000"
    },
    "done": true
  },
  "refurbished_furniture:recipes/misc/constructing/rfm/ecologics/walnut_lattice_fence": {
    "criteria": {
      "has_stick": "2024-11-05 21:27:15 +0000"
    },
    "done": true
  },
  "mcda:recipes/unique_armors/archers_boots": {
    "criteria": {
      "has_leather_boots": "2024-11-05 21:24:45 +0000"
    },
    "done": true
  },
  "mcda:recipes/base_armors/scale_mail_leggings": {
    "criteria": {
      "has_leather_leggings": "2024-11-05 21:24:44 +0000"
    },
    "done": true
  },
  "refurbished_furniture:recipes/misc/constructing/rfm/betternether/nether_reed_lattice_fence_gate": {
    "criteria": {
      "has_stick": "2024-11-05 21:27:15 +0000"
    },
    "done": true
  },
  "refurbished_furniture:recipes/misc/constructing/oak_lattice_fence": {
    "criteria": {
      "has_stick": "2024-11-05 21:27:15 +0000"
    },
    "done": true
  },
  "betterend:recipes/misc/sweet_berry_jelly_potion": {
    "criteria": {
      "has_potion": "2024-11-05 21:30:08 +0000"
    },
    "done": true
  },
  "minecraft:recipes/tools/wooden_pickaxe": {
    "criteria": {
      "has_stick": "2024-11-05 21:27:15 +0000"
    },
    "done": true
  },
  "betternether:recipes/decorations/jungle_taburet": {
    "criteria": {
      "has_stick": "2024-11-05 21:27:15 +0000"
    },
    "done": true
  },
  "refurbished_furniture:recipes/misc/constructing/rfm/betternether/rubeus_lattice_fence": {
    "criteria": {
      "has_stick": "2024-11-05 21:27:15 +0000"
    },
    "done": true
  },
  "betternether:recipes/decorations/stalagnate_sign": {
    "criteria": {
      "has_stick": "2024-11-05 21:27:15 +0000"
    },
    "done": true
  },
  "supplementaries:recipes/flags/flag_cyan": {
    "criteria": {
      "has_stick": "2024-11-05 21:27:15 +0000"
    },
    "done": true
  },
  "minecraft:story/upgrade_tools": {
    "criteria": {
      "stone_pickaxe": "2024-11-05 21:25:34 +0000"
    },
    "done": true
  },
  "betterend:recipes/decorations/jellyshroom_taburet": {
    "criteria": {
      "has_stick": "2024-11-05 21:27:15 +0000"
    },
    "done": true
  },
  "betterend:recipes/misc/blossom_berry_jelly": {
    "criteria": {
      "has_tag_c_water_bottles": "2024-11-05 21:25:23 +0000"
    },
    "done": true
  },
  "betternether:recipes/decorations/nether_mushroom_fence": {
    "criteria": {
      "has_stick": "2024-11-05 21:27:15 +0000"
    },
    "done": true
  },
  "betternether:recipes/decorations/nether_sakura_sign": {
    "criteria": {
      "has_stick": "2024-11-05 21:27:15 +0000"
    },
    "done": true
  },
  "betternether:recipes/decorations/rubeus_bar_stool": {
    "criteria": {
      "has_stick": "2024-11-05 21:27:15 +0000"
    },
    "done": true
  },
  "mcdw:recipes/crossbows/crossbow_dual": {
    "criteria": {
      "has_string": "2024-11-05 21:30:38 +0000"
    },
    "done": true
  },
  "refurbished_furniture:recipes/misc/constructing/cherry_lattice_fence_gate": {
    "criteria": {
      "has_stick": "2024-11-05 21:27:15 +0000"
    },
    "done": true
  },
  "betterend:recipes/decorations/jellyshroom_bar_stool": {
    "criteria": {
      "has_stick": "2024-11-05 21:27:15 +0000"
    },
    "done": true
  },
  "betterend:recipes/decorations/lucernia_taburet": {
    "criteria": {
      "has_stick": "2024-11-05 21:27:15 +0000"
    },
    "done": true
  },
  "betternether:recipes/decorations/nether_mushroom_ladder": {
    "criteria": {
      "has_stick": "2024-11-05 21:27:15 +0000"
    },
    "done": true
  },
  "refurbished_furniture:recipes/misc/constructing/rfm/betterend/lacugrove_lattice_fence_gate": {
    "criteria": {
      "has_stick": "2024-11-05 21:27:15 +0000"
    },
    "done": true
  },
  "betterend:recipes/decorations/lacugrove_fence": {
    "criteria": {
      "has_stick": "2024-11-05 21:27:15 +0000"
    },
    "done": true
  },
  "betternether:recipes/decorations/nether_reed_taburet": {
    "criteria": {
      "has_stick": "2024-11-05 21:27:15 +0000"
    },
    "done": true
  },
  "another_furniture:recipes/mangrove_drawer": {
    "criteria": {
      "has_planks": "2024-11-05 21:27:15 +0000"
    },
    "done": true
  },
  "betterend:recipes/redstone/dragon_tree_gate": {
    "criteria": {
      "has_stick": "2024-11-05 21:27:15 +0000"
    },
    "done": true
  },
  "betternether:recipes/decorations/spruce_chair": {
    "criteria": {
      "has_stick": "2024-11-05 21:27:15 +0000"
    },
    "done": true
  },
  "supplementaries:recipes/flags/flag_red": {
    "criteria": {
      "has_stick": "2024-11-05 21:27:15 +0000"
    },
    "done": true
  },
  "mcdw:recipes/crossbows/crossbow_imploding": {
    "criteria": {
      "has_string": "2024-11-05 21:30:38 +0000"
    },
    "done": true
  },
  "artifacts:amateur_archaeologist": {
    "criteria": {
      "find_artifact": "2024-11-05 21:21:29 +0000"
    },
    "done": true
  },
  "minecraft:adventure/kill_a_mob": {
    "criteria": {
      "minecraft:zombie": "2024-11-05 21:45:03 +0000"
    },
    "done": true
  },
  "mcda:recipes/base_armors/guards_armor_leggings": {
    "criteria": {
      "has_leather_leggings": "2024-11-05 21:24:44 +0000"
    },
    "done": true
  },
  "betternether:recipes/decorations/mangrove_taburet": {
    "criteria": {
      "has_stick": "2024-11-05 21:27:15 +0000"
    },
    "done": true
  },
  "betternether:recipes/transportation/activator_rail": {
    "criteria": {
      "has_stick": "2024-11-05 21:27:15 +0000"
    },
    "done": true
  },
  "betternether:recipes/decorations/cherry_chair": {
    "criteria": {
      "has_stick": "2024-11-05 21:27:15 +0000"
    },
    "done": true
  },
  "refurbished_furniture:recipes/misc/constructing/warped_lattice_fence": {
    "criteria": {
      "has_stick": "2024-11-05 21:27:15 +0000"
    },
    "done": true
  },
  "mcdw:recipes/crossbows/crossbow_rapid": {
    "criteria": {
      "has_string": "2024-11-05 21:30:38 +0000"
    },
    "done": true
  },
  "betternether:recipes/redstone/willow_gate": {
    "criteria": {
      "has_stick": "2024-11-05 21:27:15 +0000"
    },
    "done": true
  },
  "betterend:recipes/decorations/tenanea_ladder": {
    "criteria": {
      "has_stick": "2024-11-05 21:27:15 +0000"
    },
    "done": true
  },
  "another_furniture:recipes/furniture_hammer": {
    "criteria": {
      "has_stick": "2024-11-05 21:27:15 +0000"
    },
    "done": true
  },
  "refurbished_furniture:recipes/misc/constructing/birch_lattice_fence_gate": {
    "criteria": {
      "has_stick": "2024-11-05 21:27:15 +0000"
    },
    "done": true
  },
  "mcda:recipes/crafting_items/fabric_bolt_light_gray": {
    "criteria": {
      "has_stick": "2024-11-05 21:27:15 +0000"
    },
    "done": true
  },
  "another_furniture:recipes/birch_drawer": {
    "criteria": {
      "has_planks": "2024-11-05 21:27:15 +0000"
    },
    "done": true
  },
  "betterend:recipes/decorations/mossy_glowshroom_taburet": {
    "criteria": {
      "has_stick": "2024-11-05 21:27:15 +0000"
    },
    "done": true
  },
  "betterend:recipes/decorations/mossy_glowshroom_fence": {
    "criteria": {
      "has_stick": "2024-11-05 21:27:15 +0000"
    },
    "done": true
  },
  "mcwlights:recipes/torches": {
    "criteria": {
      "has_the_recipe": "2024-11-05 21:25:34 +0000"
    },
    "done": true
  },
  "betterend:recipes/decorations/mossy_glowshroom_ladder": {
    "criteria": {
      "has_stick": "2024-11-05 21:27:15 +0000"
    },
    "done": true
  },
  "betternether:recipes/decorations/taburet_cincinnasite": {
    "criteria": {
      "has_stick": "2024-11-05 21:27:15 +0000"
    },
    "done": true
  },
  "betternether:recipes/decorations/crimson_ladder": {
    "criteria": {
      "has_stick": "2024-11-05 21:27:15 +0000"
    },
    "done": true
  },
  "refurbished_furniture:recipes/misc/slicing/brown_dye_from_rotten_flesh": {
    "criteria": {
      "has_rotten_flesh": "2024-11-05 21:45:04 +0000"
    },
    "done": true
  },
  "refurbished_furniture:recipes/misc/constructing/crimson_lattice_fence": {
    "criteria": {
      "has_stick": "2024-11-05 21:27:15 +0000"
    },
    "done": true
  },
  "refurbished_furniture:recipes/misc/constructing/jungle_lattice_fence": {
    "criteria": {
      "has_stick": "2024-11-05 21:27:15 +0000"
    },
    "done": true
  },
  "refurbished_furniture:recipes/misc/constructing/spruce_lattice_fence_gate": {
    "criteria": {
      "has_stick": "2024-11-05 21:27:15 +0000"
    },
    "done": true
  },
  "betternether:recipes/decorations/nether_reed_fence": {
    "criteria": {
      "has_stick": "2024-11-05 21:27:15 +0000"
    },
    "done": true
  },
  "betternether:recipes/decorations/mushroom_fir_bar_stool": {
    "criteria": {
      "has_stick": "2024-11-05 21:27:15 +0000"
    },
    "done": true
  },
  "betternether:recipes/decorations/willow_taburet": {
    "criteria": {
      "has_stick": "2024-11-05 21:27:15 +0000"
    },
    "done": true
  },
  "refurbished_furniture:recipes/misc/constructing/rfm/betterend/end_lotus_lattice_fence": {
    "criteria": {
      "has_stick": "2024-11-05 21:27:15 +0000"
    },
    "done": true
  },
  "mcdw:recipes/bows/bow_green_menace": {
    "criteria": {
      "has_string": "2024-11-05 21:30:38 +0000"
    },
    "done": true
  },
  "betternether:recipes/decorations/birch_bar_stool": {
    "criteria": {
      "has_stick": "2024-11-05 21:27:15 +0000"
    },
    "done": true
  },
  "mcda:recipes/crafting_items/fabric_bolt_light_blue": {
    "criteria": {
      "has_stick": "2024-11-05 21:27:15 +0000"
    },
    "done": true
  },
  "another_furniture:recipes/oak_drawer": {
    "criteria": {
      "has_planks": "2024-11-05 21:27:15 +0000"
    },
    "done": true
  },
  "betternether:recipes/redstone/rubeus_gate": {
    "criteria": {
      "has_stick": "2024-11-05 21:27:15 +0000"
    },
    "done": true
  },
  "betterend:recipes/decorations/lacugrove_ladder": {
    "criteria": {
      "has_stick": "2024-11-05 21:27:15 +0000"
    },
    "done": true
  },
  "refurbished_furniture:recipes/misc/spatula": {
    "criteria": {
      "has_string": "2024-11-05 21:30:38 +0000"
    },
    "done": true
  },
  "refurbished_furniture:recipes/misc/constructing/rfm/betterend/helix_tree_lattice_fence": {
    "criteria": {
      "has_stick": "2024-11-05 21:27:15 +0000"
    },
    "done": true
  },
  "betternether:recipes/decorations/wart_fence": {
    "criteria": {
      "has_stick": "2024-11-05 21:27:15 +0000"
    },
    "done": true
  },
  "betternether:recipes/decorations/chair_cincinnasite": {
    "criteria": {
      "has_stick": "2024-11-05 21:27:15 +0000"
    },
    "done": true
  },
  "refurbished_furniture:recipes/misc/constructing/dark_oak_lattice_fence_gate": {
    "criteria": {
      "has_stick": "2024-11-05 21:27:15 +0000"
    },
    "done": true
  },
  "mcdw:recipes/bows/bow_twin_bow": {
    "criteria": {
      "has_base_bow": "2024-11-05 21:29:11 +0000"
    },
    "done": true
  },
  "supplementaries:recipes/flags/flag_orange": {
    "criteria": {
      "has_stick": "2024-11-05 21:27:15 +0000"
    },
    "done": true
  },
  "supplementaries:recipes/soap": {
    "criteria": {
      "has_water_bucket": "2024-11-05 21:25:23 +0000"
    },
    "done": true
  },
  "refurbished_furniture:recipes/misc/constructing/orange_trampoline": {
    "criteria": {
      "has_string": "2024-11-05 21:30:38 +0000"
    },
    "done": true
  },
  "refurbished_furniture:recipes/misc/constructing/cyan_trampoline": {
    "criteria": {
      "has_string": "2024-11-05 21:30:38 +0000"
    },
    "done": true
  },
  "bbb:recipes/bamboo_lantern": {
    "criteria": {
      "has_torch": "2024-11-05 21:26:22 +0000"
    },
    "done": true
  },
  "bbb:recipes/cherry_lantern": {
    "criteria": {
      "has_torch": "2024-11-05 21:26:22 +0000"
    },
    "done": true
  },
  "betternether:recipes/decorations/crimson_bar_stool": {
    "criteria": {
      "has_stick": "2024-11-05 21:27:15 +0000"
    },
    "done": true
  },
  "mcda:recipes/base_armors/squid_armor_chestplate": {
    "criteria": {
      "has_leather_chestplate": "2024-11-05 21:24:43 +0000"
    },
    "done": true
  },
  "betternether:recipes/decorations/wart_bar_stool": {
    "criteria": {
      "has_stick": "2024-11-05 21:27:15 +0000"
    },
    "done": true
  },
  "betternether:recipes/decorations/bamboo_chair": {
    "criteria": {
      "has_stick": "2024-11-05 21:27:15 +0000"
    },
    "done": true
  },
  "betternether:recipes/decorations/nether_mushroom_bar_stool": {
    "criteria": {
      "has_stick": "2024-11-05 21:27:15 +0000"
    },
    "done": true
  },
  "betternether:recipes/decorations/willow_fence": {
    "criteria": {
      "has_stick": "2024-11-05 21:27:15 +0000"
    },
    "done": true
  },
  "mcdw:recipes/bows/bow_wind_bow": {
    "criteria": {
      "has_string": "2024-11-05 21:30:38 +0000"
    },
    "done": true
  },
  "another_furniture:recipes/dark_oak_drawer": {
    "criteria": {
      "has_planks": "2024-11-05 21:27:15 +0000"
    },
    "done": true
  },
  "supplementaries:recipes/cage": {
    "criteria": {
      "minecraft:wooden_slabs": "2024-11-05 21:31:00 +0000"
    },
    "done": true
  },
  "bbb:recipes/dark_oak_lantern": {
    "criteria": {
      "has_torch": "2024-11-05 21:26:22 +0000"
    },
    "done": true
  },
  "minecraft:recipes/transportation/jungle_chest_boat": {
    "criteria": {
      "has_boat": "2024-11-05 21:25:48 +0000"
    },
    "done": true
  },
  "minecraft:adventure/kill_all_mobs": {
    "criteria": {
      "minecraft:zombie": "2024-11-05 21:45:03 +0000"
    },
    "done": false
  },
  "betternether:recipes/decorations/birch_chair": {
    "criteria": {
      "has_stick": "2024-11-05 21:27:15 +0000"
    },
    "done": true
  },
  "refurbished_furniture:recipes/misc/constructing/brown_trampoline": {
    "criteria": {
      "has_string": "2024-11-05 21:30:38 +0000"
    },
    "done": true
  },
  "betternether:recipes/decorations/crimson_taburet": {
    "criteria": {
      "has_stick": "2024-11-05 21:27:15 +0000"
    },
    "done": true
  },
  "betterend:recipes/redstone/umbrella_tree_gate": {
    "criteria": {
      "has_stick": "2024-11-05 21:27:15 +0000"
    },
    "done": true
  },
  "refurbished_furniture:recipes/misc/constructing/oak_lattice_fence_gate": {
    "criteria": {
      "has_stick": "2024-11-05 21:27:15 +0000"
    },
    "done": true
  },
  "supplementaries:recipes/bomb": {
    "criteria": {
      "has_string": "2024-11-05 21:30:38 +0000"
    },
    "done": true
  },
  "refurbished_furniture:recipes/misc/constructing/light_blue_trampoline": {
    "criteria": {
      "has_string": "2024-11-05 21:30:38 +0000"
    },
    "done": true
  },
  "betterend:recipes/decorations/lucernia_fence": {
    "criteria": {
      "has_stick": "2024-11-05 21:27:15 +0000"
    },
    "done": true
  },
  "mcdw:recipes/crossbows/crossbow_scatter": {
    "criteria": {
      "has_string": "2024-11-05 21:30:38 +0000"
    },
    "done": true
  },
  "betternether:recipes/building_blocks/whispering_gourd_lantern": {
    "criteria": {
      "has_torch": "2024-11-05 21:26:22 +0000"
    },
    "done": true
  },
  "mcdw:recipes/bows/bow_bubble_burster": {
    "criteria": {
      "has_string": "2024-11-05 21:30:38 +0000"
    },
    "done": true
  },
  "mcda:recipes/base_armors/climbing_gear_helmet": {
    "criteria": {
      "has_leather_helmet": "2024-11-05 21:24:42 +0000"
    },
    "done": true
  },
  "betternether:recipes/decorations/wart_sign": {
    "criteria": {
      "has_stick": "2024-11-05 21:27:15 +0000"
    },
    "done": true
  },
  "bbb:recipes/spruce_beam": {
    "criteria": {
      "has_log": "2024-11-05 21:27:24 +0000"
    },
    "done": true
  },
  "betternether:recipes/decorations/stalagnate_chair": {
    "criteria": {
      "has_stick": "2024-11-05 21:27:15 +0000"
    },
    "done": true
  },
  "bbb:recipes/crimson_lantern": {
    "criteria": {
      "has_torch": "2024-11-05 21:26:22 +0000"
    },
    "done": true
  },
  "croptopia:recipes/misc/apple_sapling": {
    "criteria": {
      "has_apple": "2024-11-05 21:23:30 +0000"
    },
    "done": true
  },
  "refurbished_furniture:recipes/misc/constructing/rfm/betternether/wart_lattice_fence_gate": {
    "criteria": {
      "has_stick": "2024-11-05 21:27:15 +0000"
    },
    "done": true
  },
  "betterend:recipes/decorations/helix_tree_bar_stool": {
    "criteria": {
      "has_stick": "2024-11-05 21:27:15 +0000"
    },
    "done": true
  },
  "mcda:recipes/upgrade_cores/upgrade_core_oceanic": {
    "criteria": {
      "has_core_specification_item": "2024-11-05 21:25:23 +0000"
    },
    "done": true
  },
  "refurbished_furniture:recipes/misc/constructing/red_trampoline": {
    "criteria": {
      "has_string": "2024-11-05 21:30:38 +0000"
    },
    "done": true
  },
  "mcdw:recipes/crossbows/crossbow_burst": {
    "criteria": {
      "has_string": "2024-11-05 21:30:38 +0000"
    },
    "done": true
  },
  "refurbished_furniture:recipes/misc/constructing/blue_trampoline": {
    "criteria": {
      "has_string": "2024-11-05 21:30:38 +0000"
    },
    "done": true
  },
  "betterend:recipes/decorations/jellyshroom_fence": {
    "criteria": {
      "has_stick": "2024-11-05 21:27:15 +0000"
    },
    "done": true
  },
  "ecologics:recipes/ecologics/flowering_azalea_chest_boat": {
    "criteria": {
      "has_boat": "2024-11-05 21:25:48 +0000"
    },
    "done": true
  },
  "mcda:recipes/crafting_items/fabric_bolt_blue": {
    "criteria": {
      "has_stick": "2024-11-05 21:27:15 +0000"
    },
    "done": true
  },
  "betternether:recipes/decorations/nether_reed_sign": {
    "criteria": {
      "has_stick": "2024-11-05 21:27:15 +0000"
    },
    "done": true
  },
  "betterend:recipes/decorations/lucernia_sign": {
    "criteria": {
      "has_stick": "2024-11-05 21:27:15 +0000"
    },
    "done": true
  },
  "croptopia:gather_food": {
    "criteria": {
      "buttered_toast": "2024-11-05 21:24:08 +0000"
    },
    "done": false
  },
  "lootr:social": {
    "criteria": {
      "opened_barrel": "2024-11-05 21:30:54 +0000",
      "opened_chest": "2024-11-05 21:23:29 +0000"
    },
    "done": false
  },
  "another_furniture:recipes/spruce_drawer": {
    "criteria": {
      "has_planks": "2024-11-05 21:27:15 +0000"
    },
    "done": true
  },
  "mcda:recipes/crafting_items/fabric_bolt_lime": {
    "criteria": {
      "has_stick": "2024-11-05 21:27:15 +0000"
    },
    "done": true
  },
  "bbb:recipes/spruce_wall": {
    "criteria": {
      "has_logs": "2024-11-05 21:27:24 +0000"
    },
    "done": true
  },
  "minecraft:recipes/transportation/bamboo_chest_raft": {
    "criteria": {
      "has_boat": "2024-11-05 21:25:48 +0000"
    },
    "done": true
  },
  "supplementaries:recipes/flags/flag_pink": {
    "criteria": {
      "has_stick": "2024-11-05 21:27:15 +0000"
    },
    "done": true
  },
  "mcda:recipes/base_armors/goat_gear_chestplate": {
    "criteria": {
      "has_leather_chestplate": "2024-11-05 21:24:43 +0000"
    },
    "done": true
  },
  "betterend:recipes/misc/copy_tool_assembly": {
    "criteria": {
      "has_stick": "2024-11-05 21:27:15 +0000"
    },
    "done": true
  },
  "betternether:recipes/decorations/nether_reed_bar_stool": {
    "criteria": {
      "has_stick": "2024-11-05 21:27:15 +0000"
    },
    "done": true
  },
  "mcdw:recipes/crossbows/crossbow_exploding": {
    "criteria": {
      "has_string": "2024-11-05 21:30:38 +0000"
    },
    "done": true
  },
  "mcdw:recipes/crossbows/crossbow_feral_soul": {
    "criteria": {
      "has_string": "2024-11-05 21:30:38 +0000"
    },
    "done": true
  },
  "betternether:recipes/decorations/acacia_taburet": {
    "criteria": {
      "has_stick": "2024-11-05 21:27:15 +0000"
    },
    "done": true
  },
  "minecraft:recipes/tools/wooden_hoe": {
    "criteria": {
      "has_stick": "2024-11-05 21:27:15 +0000"
    },
    "done": true
  },
  "betterend:recipes/decorations/pythadendron_chair": {
    "criteria": {
      "has_stick": "2024-11-05 21:27:15 +0000"
    },
    "done": true
  },
  "betterend:recipes/decorations/pythadendron_ladder": {
    "criteria": {
      "has_stick": "2024-11-05 21:27:15 +0000"
    },
    "done": true
  },
  "betternether:recipes/decorations/mushroom_fir_fence": {
    "criteria": {
      "has_stick": "2024-11-05 21:27:15 +0000"
    },
    "done": true
  },
  "betterend:recipes/decorations/umbrella_tree_chair": {
    "criteria": {
      "has_stick": "2024-11-05 21:27:15 +0000"
    },
    "done": true
  },
  "minecraft:recipes/misc/charcoal": {
    "criteria": {
      "has_log": "2024-11-05 21:27:14 +0000"
    },
    "done": true
  },
  "refurbished_furniture:recipes/misc/constructing/acacia_lattice_fence": {
    "criteria": {
      "has_stick": "2024-11-05 21:27:15 +0000"
    },
    "done": true
  },
  "mcdw:recipes/bows/bow_haunted_bow": {
    "criteria": {
      "has_base_bow": "2024-11-05 21:29:11 +0000"
    },
    "done": true
  },
  "mcda:recipes/base_armors/squid_armor_leggings": {
    "criteria": {
      "has_leather_leggings": "2024-11-05 21:24:44 +0000"
    },
    "done": true
  },
  "betternether:recipes/decorations/jungle_chair": {
    "criteria": {
      "has_stick": "2024-11-05 21:27:15 +0000"
    },
    "done": true
  },
  "betternether:recipes/decorations/nether_sakura_fence": {
    "criteria": {
      "has_stick": "2024-11-05 21:27:15 +0000"
    },
    "done": true
  },
  "betterend:recipes/misc/golden_hammer": {
    "criteria": {
      "has_stick": "2024-11-05 21:27:15 +0000"
    },
    "done": true
  },
  "refurbished_furniture:recipes/misc/constructing/white_trampoline": {
    "criteria": {
      "has_string": "2024-11-05 21:30:38 +0000"
    },
    "done": true
  },
  "supplementaries:recipes/slingshot": {
    "criteria": {
      "has_string": "2024-11-05 21:30:38 +0000"
    },
    "done": true
  },
  "betternether:recipes/redstone/anchor_tree_gate": {
    "criteria": {
      "has_stick": "2024-11-05 21:27:15 +0000"
    },
    "done": true
  },
  "betterend:recipes/decorations/dragon_tree_ladder": {
    "criteria": {
      "has_stick": "2024-11-05 21:27:15 +0000"
    },
    "done": true
  },
  "betternether:recipes/decorations/mushroom_fir_ladder": {
    "criteria": {
      "has_stick": "2024-11-05 21:27:15 +0000"
    },
    "done": true
  },
  "refurbished_furniture:recipes/misc/constructing/rfm/betterend/mossy_glowshroom_lattice_fence": {
    "criteria": {
      "has_stick": "2024-11-05 21:27:15 +0000"
    },
    "done": true
  },
  "betternether:recipes/decorations/nether_sakura_ladder": {
    "criteria": {
      "has_stick": "2024-11-05 21:27:15 +0000"
    },
    "done": true
  },
  "minecraft:recipes/tools/wooden_shovel": {
    "criteria": {
      "has_stick": "2024-11-05 21:27:15 +0000"
    },
    "done": true
  },
  "refurbished_furniture:recipes/misc/constructing/rfm/betternether/stalagnate_lattice_fence": {
    "criteria": {
      "has_stick": "2024-11-05 21:27:15 +0000"
    },
    "done": true
  },
  "another_furniture:recipes/bamboo_drawer": {
    "criteria": {
      "has_planks": "2024-11-05 21:27:15 +0000"
    },
    "done": true
  },
  "betterend:recipes/decorations/umbrella_tree_sign": {
    "criteria": {
      "has_stick": "2024-11-05 21:27:15 +0000"
    },
    "done": true
  },
  "mcda:recipes/base_armors/climbing_gear_boots": {
    "criteria": {
      "has_leather_boots": "2024-11-05 21:24:45 +0000"
    },
    "done": true
  },
  "refurbished_furniture:recipes/misc/constructing/rfm/betternether/wart_lattice_fence": {
    "criteria": {
      "has_stick": "2024-11-05 21:27:15 +0000"
    },
    "done": true
  },
  "minecraft:recipes/brewing/cauldron": {
    "criteria": {
      "has_water_bucket": "2024-11-05 21:25:23 +0000"
    },
    "done": true
  },
  "minecraft:adventure/root": {
    "criteria": {
      "killed_something": "2024-11-05 21:45:03 +0000"
    },
    "done": true
  },
  "mcdw:recipes/crossbows/crossbow_harp": {
    "criteria": {
      "has_string": "2024-11-05 21:30:38 +0000"
    },
    "done": true
  },
  "mcdw:recipes/bows/bow_call_of_the_void": {
    "criteria": {
      "has_string": "2024-11-05 21:30:38 +0000"
    },
    "done": true
  },
  "betterend:recipes/decorations/end_lotus_sign": {
    "criteria": {
      "has_stick": "2024-11-05 21:27:15 +0000"
    },
    "done": true
  },
  "refurbished_furniture:recipes/misc/constructing/rfm/betterend/pythadendron_lattice_fence": {
    "criteria": {
      "has_stick": "2024-11-05 21:27:15 +0000"
    },
    "done": true
  },
  "supplementaries:recipes/item_shelf": {
    "criteria": {
      "minecraft:wooden_slabs": "2024-11-05 21:31:00 +0000"
    },
    "done": true
  },
  "minecraft:recipes/combat/crossbow": {
    "criteria": {
      "has_string": "2024-11-05 21:30:38 +0000"
    },
    "done": true
  },
  "bbb:recipes/spruce_lantern": {
    "criteria": {
      "has_torch": "2024-11-05 21:26:22 +0000"
    },
    "done": true
  },
  "minecraft:recipes/decorations/barrel": {
    "criteria": {
      "has_wood_slab": "2024-11-05 21:31:00 +0000"
    },
    "done": true
  },
  "refurbished_furniture:recipes/misc/constructing/rfm/betterend/jellyshroom_lattice_fence": {
    "criteria": {
      "has_stick": "2024-11-05 21:27:15 +0000"
    },
    "done": true
  },
  "betternether:recipes/redstone/nether_sakura_gate": {
    "criteria": {
      "has_stick": "2024-11-05 21:27:15 +0000"
    },
    "done": true
  },
  "betternether:recipes/redstone/nether_reed_gate": {
    "criteria": {
      "has_stick": "2024-11-05 21:27:15 +0000"
    },
    "done": true
  },
  "betterend:recipes/decorations/lucernia_ladder": {
    "criteria": {
      "has_stick": "2024-11-05 21:27:15 +0000"
    },
    "done": true
  },
  "betterend:recipes/decorations/helix_tree_taburet": {
    "criteria": {
      "has_stick": "2024-11-05 21:27:15 +0000"
    },
    "done": true
  },
  "refurbished_furniture:recipes/misc/constructing/rfm/betterend/lucernia_lattice_fence": {
    "criteria": {
      "has_stick": "2024-11-05 21:27:15 +0000"
    },
    "done": true
  },
  "mcdw:recipes/crossbows/crossbow_heavy": {
    "criteria": {
      "has_string": "2024-11-05 21:30:38 +0000"
    },
    "done": true
  },
  "mcwlights:recipes/tiki_torches": {
    "criteria": {
      "has_the_recipe": "2024-11-05 21:25:34 +0000"
    },
    "done": true
  },
  "refurbished_furniture:recipes/misc/constructing/rfm/betternether/nether_sakura_lattice_fence": {
    "criteria": {
      "has_stick": "2024-11-05 21:27:15 +0000"
    },
    "done": true
  },
  "betterend:recipes/decorations/pythadendron_taburet": {
    "criteria": {
      "has_stick": "2024-11-05 21:27:15 +0000"
    },
    "done": true
  },
  "mcdw:recipes/crossbows/crossbow_doom_crossbow": {
    "criteria": {
      "has_string": "2024-11-05 21:30:38 +0000"
    },
    "done": true
  },
  "betternether:recipes/decorations/nether_mushroom_taburet": {
    "criteria": {
      "has_stick": "2024-11-05 21:27:15 +0000"
    },
    "done": true
  },
  "supplementaries:recipes/sack": {
    "criteria": {
      "has_string": "2024-11-05 21:30:38 +0000"
    },
    "done": true
  },
  "betterend:recipes/decorations/tenanea_chair": {
    "criteria": {
      "has_stick": "2024-11-05 21:27:15 +0000"
    },
    "done": true
  },
  "refurbished_furniture:recipes/misc/constructing/yellow_trampoline": {
    "criteria": {
      "has_string": "2024-11-05 21:30:38 +0000"
    },
    "done": true
  },
  "refurbished_furniture:recipes/misc/constructing/mangrove_lattice_fence_gate": {
    "criteria": {
      "has_stick": "2024-11-05 21:27:15 +0000"
    },
    "done": true
  },
  "refurbished_furniture:recipes/misc/constructing/rfm/betternether/nether_sakura_lattice_fence_gate": {
    "criteria": {
      "has_stick": "2024-11-05 21:27:15 +0000"
    },
    "done": true
  },
  "minecraft:recipes/building_blocks/oak_wood": {
    "criteria": {
      "has_log": "2024-11-05 21:27:14 +0000"
    },
    "done": true
  },
  "refurbished_furniture:recipes/misc/slicing/bread_slice_from_bread": {
    "criteria": {
      "has_bread": "2024-11-05 21:23:32 +0000"
    },
    "done": true
  },
  "croptopia:recipes/food/toast_from_bread": {
    "criteria": {
      "has_bread": "2024-11-05 21:23:32 +0000"
    },
    "done": true
  },
  "mcdw:recipes/bows/bow_phantom_bow": {
    "criteria": {
      "has_base_bow": "2024-11-05 21:29:11 +0000"
    },
    "done": true
  },
  "refurbished_furniture:recipes/misc/constructing/rfm/ecologics/flowering_azalea_lattice_fence": {
    "criteria": {
      "has_stick": "2024-11-05 21:27:15 +0000"
    },
    "done": true
  },
  "lootr:1chest": {
    "criteria": {
      "opened_chest": "2024-11-05 21:23:29 +0000"
    },
    "done": true
  },
  "mcdw:recipes/crossbows/crossbow_auto": {
    "criteria": {
      "has_string": "2024-11-05 21:30:38 +0000"
    },
    "done": true
  },
  "mcda:recipes/crafting_items/fabric_bolt_purple": {
    "criteria": {
      "has_stick": "2024-11-05 21:27:15 +0000"
    },
    "done": true
  },
  "another_furniture:recipes/spruce_flower_box": {
    "criteria": {
      "has_slab": "2024-11-05 21:31:00 +0000"
    },
    "done": true
  },
  "betternether:recipes/decorations/dark_oak_bar_stool": {
    "criteria": {
      "has_stick": "2024-11-05 21:27:15 +0000"
    },
    "done": true
  },
  "bbb:recipes/jungle_lantern": {
    "criteria": {
      "has_torch": "2024-11-05 21:26:22 +0000"
    },
    "done": true
  },
  "betterend:recipes/decorations/end_lotus_chair": {
    "criteria": {
      "has_stick": "2024-11-05 21:27:15 +0000"
    },
    "done": true
  },
  "refurbished_furniture:recipes/misc/constructing/gray_trampoline": {
    "criteria": {
      "has_string": "2024-11-05 21:30:38 +0000"
    },
    "done": true
  },
  "mcda:recipes/crafting_items/fabric_bolt_orange": {
    "criteria": {
      "has_stick": "2024-11-05 21:27:15 +0000"
    },
    "done": true
  },
  "betterend:recipes/decorations/mossy_glowshroom_bar_stool": {
    "criteria": {
      "has_stick": "2024-11-05 21:27:15 +0000"
    },
    "done": true
  },
  "betternether:recipes/decorations/mangrove_chair": {
    "criteria": {
      "has_stick": "2024-11-05 21:27:15 +0000"
    },
    "done": true
  },
  "betternether:recipes/decorations/stalagnate_ladder": {
    "criteria": {
      "has_stick": "2024-11-05 21:27:15 +0000"
    },
    "done": true
  },
  "supplementaries:recipes/flags/flag_brown": {
    "criteria": {
      "has_stick": "2024-11-05 21:27:15 +0000"
    },
    "done": true
  },
  "refurbished_furniture:recipes/misc/constructing/rfm/betterend/pythadendron_lattice_fence_gate": {
    "criteria": {
      "has_stick": "2024-11-05 21:27:15 +0000"
    },
    "done": true
  },
  "supplementaries:recipes/flower_box": {
    "criteria": {
      "minecraft:wooden_slabs": "2024-11-05 21:31:00 +0000"
    },
    "done": true
  },
  "betterend:recipes/misc/copy_terminite_upgrade": {
    "criteria": {
      "has_stick": "2024-11-05 21:27:15 +0000"
    },
    "done": true
  },
  "betternether:recipes/decorations/nether_sakura_chair": {
    "criteria": {
      "has_stick": "2024-11-05 21:27:15 +0000"
    },
    "done": true
  },
  "mcdw:recipes/whips/whip_vine_whip": {
    "criteria": {
      "has_string": "2024-11-05 21:30:38 +0000"
    },
    "done": true
  },
  "betternether:recipes/redstone/nether_mushroom_gate": {
    "criteria": {
      "has_stick": "2024-11-05 21:27:15 +0000"
    },
    "done": true
  },
  "refurbished_furniture:recipes/misc/constructing/rfm/betternether/willow_lattice_fence_gate": {
    "criteria": {
      "has_stick": "2024-11-05 21:27:15 +0000"
    },
    "done": true
  },
  "betternether:recipes/decorations/dark_oak_chair": {
    "criteria": {
      "has_stick": "2024-11-05 21:27:15 +0000"
    },
    "done": true
  },
  "refurbished_furniture:recipes/misc/constructing/rfm/betterend/tenanea_lattice_fence_gate": {
    "criteria": {
      "has_stick": "2024-11-05 21:27:15 +0000"
    },
    "done": true
  },
  "croptopia:recipes/misc/apple_pie": {
    "criteria": {
      "has_apple": "2024-11-05 21:23:30 +0000"
    },
    "done": true
  },
  "minecraft:recipes/tools/fishing_rod": {
    "criteria": {
      "has_string": "2024-11-05 21:30:38 +0000"
    },
    "done": true
  },
  "betternether:recipes/decorations/warped_bar_stool": {
    "criteria": {
      "has_stick": "2024-11-05 21:27:15 +0000"
    },
    "done": true
  },
  "bbb:recipes/warped_lantern": {
    "criteria": {
      "has_torch": "2024-11-05 21:26:22 +0000"
    },
    "done": true
  },
  "minecraft:recipes/transportation/acacia_chest_boat": {
    "criteria": {
      "has_boat": "2024-11-05 21:25:48 +0000"
    },
    "done": true
  },
  "another_furniture:recipes/spruce_bench": {
    "criteria": {
      "has_slab": "2024-11-05 21:31:00 +0000"
    },
    "done": true
  },
  "mcda:recipes/crafting_items/fabric_bolt_green": {
    "criteria": {
      "has_stick": "2024-11-05 21:27:15 +0000"
    },
    "done": true
  },
  "betternether:recipes/decorations/stalagnate_taburet": {
    "criteria": {
      "has_stick": "2024-11-05 21:27:15 +0000"
    },
    "done": true
  },
  "refurbished_furniture:recipes/misc/constructing/rfm/betternether/willow_lattice_fence": {
    "criteria": {
      "has_stick": "2024-11-05 21:27:15 +0000"
    },
    "done": true
  },
  "refurbished_furniture:recipes/misc/constructing/lime_trampoline": {
    "criteria": {
      "has_string": "2024-11-05 21:30:38 +0000"
    },
    "done": true
  },
  "supplementaries:recipes/sconce": {
    "criteria": {
      "has_torch": "2024-11-05 21:26:22 +0000"
    },
    "done": true
  },
  "mcdw:recipes/bows/bow_soul_bow": {
    "criteria": {
      "has_base_bow": "2024-11-05 21:29:11 +0000"
    },
    "done": true
  },
  "mcda:recipes/crafting_items/fabric_bolt_black": {
    "criteria": {
      "has_stick": "2024-11-05 21:27:15 +0000"
    },
    "done": true
  },
  "refurbished_furniture:recipes/misc/constructing/rfm/betternether/nether_mushroom_lattice_fence": {
    "criteria": {
      "has_stick": "2024-11-05 21:27:15 +0000"
    },
    "done": true
  },
  "bclib:recipes/transportation/tag_rail": {
    "criteria": {
      "has_stick": "2024-11-05 21:27:15 +0000"
    },
    "done": true
  },
  "refurbished_furniture:recipes/misc/constructing/black_trampoline": {
    "criteria": {
      "has_string": "2024-11-05 21:30:38 +0000"
    },
    "done": true
  },
  "supplementaries:recipes/bellows": {
    "criteria": {
      "minecraft:wooden_slabs": "2024-11-05 21:31:00 +0000"
    },
    "done": true
  },
  "croptopia:recipes/shaped_toast_sandwich": {
    "criteria": {
      "has_toast": "2024-11-05 21:24:08 +0000"
    },
    "done": true
  },
  "betterend:recipes/decorations/mossy_glowshroom_chair": {
    "criteria": {
      "has_stick": "2024-11-05 21:27:15 +0000"
    },
    "done": true
  },
  "betternether:recipes/decorations/rubeus_ladder": {
    "criteria": {
      "has_stick": "2024-11-05 21:27:15 +0000"
    },
    "done": true
  },
  "betterend:recipes/misc/shadow_berry_jelly_potion": {
    "criteria": {
      "has_potion": "2024-11-05 21:30:08 +0000"
    },
    "done": true
  },
  "mcdw:recipes/shortbows/bow_love_spell_bow": {
    "criteria": {
      "has_string": "2024-11-05 21:30:38 +0000"
    },
    "done": true
  },
  "mcdw:recipes/bows/bow_elite_power_bow": {
    "criteria": {
      "has_string": "2024-11-05 21:30:38 +0000"
    },
    "done": true
  },
  "minecraft:husbandry/root": {
    "criteria": {
      "consumed_item": "2024-11-05 21:29:50 +0000"
    },
    "done": true
  },
  "mcdw:recipes/longbows/bow_guardian_bow": {
    "criteria": {
      "has_string": "2024-11-05 21:30:38 +0000"
    },
    "done": true
  },
  "betterend:recipes/decorations/end_lotus_bar_stool": {
    "criteria": {
      "has_stick": "2024-11-05 21:27:15 +0000"
    },
    "done": true
  },
  "mcdw:recipes/crossbows/crossbow_voidcaller_crossbow": {
    "criteria": {
      "has_string": "2024-11-05 21:30:38 +0000"
    },
    "done": true
  },
  "minecraft:recipes/transportation/cherry_chest_boat": {
    "criteria": {
      "has_boat": "2024-11-05 21:25:48 +0000"
    },
    "done": true
  },
  "minecraft:recipes/transportation/birch_chest_boat": {
    "criteria": {
      "has_boat": "2024-11-05 21:25:48 +0000"
    },
    "done": true
  },
  "minecraft:recipes/building_blocks/coal_block": {
    "criteria": {
      "has_coal": "2024-11-05 21:26:09 +0000"
    },
    "done": true
  },
  "mcdw:recipes/crossbows/crossbow_shadow_crossbow": {
    "criteria": {
      "has_string": "2024-11-05 21:30:38 +0000"
    },
    "done": true
  },
  "betterend:recipes/misc/iron_hammer": {
    "criteria": {
      "has_stick": "2024-11-05 21:27:15 +0000"
    },
    "done": true
  },
  "refurbished_furniture:recipes/misc/constructing/cherry_lattice_fence": {
    "criteria": {
      "has_stick": "2024-11-05 21:27:15 +0000"
    },
    "done": true
  },
  "refurbished_furniture:recipes/misc/constructing/rfm/ecologics/flowering_azalea_lattice_fence_gate": {
    "criteria": {
      "has_stick": "2024-11-05 21:27:15 +0000"
    },
    "done": true
  },
  "another_furniture:recipes/spruce_shutter": {
    "criteria": {
      "has_slab": "2024-11-05 21:31:00 +0000"
    },
    "done": true
  },
  "betterend:recipes/redstone/lacugrove_gate": {
    "criteria": {
      "has_stick": "2024-11-05 21:27:15 +0000"
    },
    "done": true
  },
  "betterend:recipes/decorations/pythadendron_bar_stool": {
    "criteria": {
      "has_stick": "2024-11-05 21:27:15 +0000"
    },
    "done": true
  },
  "betternether:recipes/decorations/rubeus_sign": {
    "criteria": {
      "has_stick": "2024-11-05 21:27:15 +0000"
    },
    "done": true
  },
  "refurbished_furniture:recipes/food/dough": {
    "criteria": {
      "has_water": "2024-11-05 21:25:23 +0000"
    },
    "done": true
  },
  "betterend:recipes/misc/sweet_berry_jelly": {
    "criteria": {
      "has_tag_c_water_bottles": "2024-11-05 21:25:23 +0000"
    },
    "done": true
  },
  "minecraft:recipes/decorations/torch": {
    "criteria": {
      "has_stone_pickaxe": "2024-11-05 21:25:34 +0000"
    },
    "done": true
  },
  "supplementaries:recipes/flags/flag_blue": {
    "criteria": {
      "has_stick": "2024-11-05 21:27:15 +0000"
    },
    "done": true
  },
  "refurbished_furniture:recipes/misc/constructing/rfm/ecologics/azalea_lattice_fence_gate": {
    "criteria": {
      "has_stick": "2024-11-05 21:27:15 +0000"
    },
    "done": true
  },
  "mcdw:recipes/bows/bow_hunting_bow": {
    "criteria": {
      "has_base_bow": "2024-11-05 21:29:11 +0000"
    },
    "done": true
  },
  "minecraft:recipes/building_blocks/spruce_planks": {
    "criteria": {
      "has_logs": "2024-11-05 21:27:24 +0000"
    },
    "done": true
  },
  "bbb:recipes/birch_lantern": {
    "criteria": {
      "has_torch": "2024-11-05 21:26:22 +0000"
    },
    "done": true
  },
  "betterend:recipes/misc/thallasium_sword_handle": {
    "criteria": {
      "has_item.minecraft.stick": "2024-11-05 21:27:15 +0000"
    },
    "done": true
  },
  "mcda:recipes/crafting_items/fabric_bolt_white": {
    "criteria": {
      "has_stick": "2024-11-05 21:27:15 +0000"
    },
    "done": true
  },
  "betterend:recipes/decorations/jellyshroom_ladder": {
    "criteria": {
      "has_stick": "2024-11-05 21:27:15 +0000"
    },
    "done": true
  },
  "betterend:recipes/misc/copy_thallasium_upgrade": {
    "criteria": {
      "has_stick": "2024-11-05 21:27:15 +0000"
    },
    "done": true
  },
  "betternether:recipes/decorations/rubeus_fence": {
    "criteria": {
      "has_stick": "2024-11-05 21:27:15 +0000"
    },
    "done": true
  },
  "bbb:recipes/brazier": {
    "criteria": {
      "has_coal": "2024-11-05 21:26:09 +0000"
    },
    "done": true
  },
  "refurbished_furniture:recipes/misc/constructing/warped_lattice_fence_gate": {
    "criteria": {
      "has_stick": "2024-11-05 21:27:15 +0000"
    },
    "done": true
  },
  "mcda:recipes/crafting_items/fabric_bolt_pink": {
    "criteria": {
      "has_stick": "2024-11-05 21:27:15 +0000"
    },
    "done": true
  },
  "refurbished_furniture:recipes/freezing/ice": {
    "criteria": {
      "has_ingredient": "2024-11-05 21:25:23 +0000"
    },
    "done": true
  },
  "betternether:recipes/decorations/nether_sakura_taburet": {
    "criteria": {
      "has_stick": "2024-11-05 21:27:15 +0000"
    },
    "done": true
  },
  "mcdw:recipes/longbows/bow_red_snake": {
    "criteria": {
      "has_string": "2024-11-05 21:30:38 +0000"
    },
    "done": true
  },
  "mcda:recipes/base_armors/squid_armor_boots": {
    "criteria": {
      "has_leather_boots": "2024-11-05 21:24:45 +0000"
    },
    "done": true
  },
  "another_furniture:recipes/crimson_drawer": {
    "criteria": {
      "has_planks": "2024-11-05 21:27:15 +0000"
    },
    "done": true
  },
  "betterend:recipes/redstone/jellyshroom_gate": {
    "criteria": {
      "has_stick": "2024-11-05 21:27:15 +0000"
    },
    "done": true
  },
  "mcda:recipes/base_armors/scale_mail_chestplate": {
    "criteria": {
      "has_leather_chestplate": "2024-11-05 21:24:43 +0000"
    },
    "done": true
  },
  "betternether:recipes/decorations/anchor_tree_fence": {
    "criteria": {
      "has_stick": "2024-11-05 21:27:15 +0000"
    },
    "done": true
  },
  "croptopia:recipes/documentation": {
    "criteria": {
      "has_crop": "2024-11-05 21:23:30 +0000"
    },
    "done": true
  },
  "betternether:recipes/decorations/wart_chair": {
    "criteria": {
      "has_stick": "2024-11-05 21:27:15 +0000"
    },
    "done": true
  },
  "refurbished_furniture:recipes/misc/constructing/mangrove_lattice_fence": {
    "criteria": {
      "has_stick": "2024-11-05 21:27:15 +0000"
    },
    "done": true
  },
  "mcda:recipes/base_armors/climbing_gear_leggings": {
    "criteria": {
      "has_leather_leggings": "2024-11-05 21:24:44 +0000"
    },
    "done": true
  },
  "supplementaries:recipes/flags/flag_yellow": {
    "criteria": {
      "has_stick": "2024-11-05 21:27:15 +0000"
    },
    "done": true
  },
  "refurbished_furniture:recipes/misc/constructing/rfm/ecologics/coconut_lattice_fence": {
    "criteria": {
      "has_stick": "2024-11-05 21:27:15 +0000"
    },
    "done": true
  },
  "mcda:recipes/unique_armors/archers_leggings": {
    "criteria": {
      "has_leather_leggings": "2024-11-05 21:24:44 +0000"
    },
    "done": true
  },
  "betterend:recipes/redstone/lucernia_gate": {
    "criteria": {
      "has_stick": "2024-11-05 21:27:15 +0000"
    },
    "done": true
  },
  "betterend:recipes/misc/diamond_hammer": {
    "criteria": {
      "has_stick": "2024-11-05 21:27:15 +0000"
    },
    "done": true
  },
  "croptopia:recipes/fruit_salad": {
    "criteria": {
      "has_apple": "2024-11-05 21:23:30 +0000"
    },
    "done": true
  },
  "bbb:recipes/oak_lantern": {
    "criteria": {
      "has_torch": "2024-11-05 21:26:22 +0000"
    },
    "done": true
  },
  "supplementaries:recipes/flags/flag_light_gray": {
    "criteria": {
      "has_stick": "2024-11-05 21:27:15 +0000"
    },
    "done": true
  },
  "croptopia:recipes/shaped_water_bottle": {
    "criteria": {
      "has_water": "2024-11-05 21:25:23 +0000"
    },
    "done": true
  },
  "betternether:recipes/decorations/stalagnate_fence": {
    "criteria": {
      "has_stick": "2024-11-05 21:27:15 +0000"
    },
    "done": true
  },
  "mcdw:recipes/bows/bow_snow_bow": {
    "criteria": {
      "has_base_bow": "2024-11-05 21:29:11 +0000"
    },
    "done": true
  },
  "betternether:recipes/decorations/nether_mushroom_chair": {
    "criteria": {
      "has_stick": "2024-11-05 21:27:15 +0000"
    },
    "done": true
  },
  "minecraft:recipes/building_blocks/white_wool_from_string": {
    "criteria": {
      "has_string": "2024-11-05 21:30:38 +0000"
    },
    "done": true
  },
  "betternether:recipes/decorations/nether_mushroom_sign": {
    "criteria": {
      "has_stick": "2024-11-05 21:27:15 +0000"
    },
    "done": true
  },
  "refurbished_furniture:recipes/misc/constructing/rfm/betternether/anchor_tree_lattice_fence_gate": {
    "criteria": {
      "has_stick": "2024-11-05 21:27:15 +0000"
    },
    "done": true
  },
  "refurbished_furniture:recipes/misc/constructing/rfm/betterend/lucernia_lattice_fence_gate": {
    "criteria": {
      "has_stick": "2024-11-05 21:27:15 +0000"
    },
    "done": true
  },
  "betterend:recipes/decorations/umbrella_tree_bar_stool": {
    "criteria": {
      "has_stick": "2024-11-05 21:27:15 +0000"
    },
    "done": true
  },
  "refurbished_furniture:recipes/misc/constructing/acacia_lattice_fence_gate": {
    "criteria": {
      "has_stick": "2024-11-05 21:27:15 +0000"
    },
    "done": true
  },
  "supplementaries:recipes/jar": {
    "criteria": {
      "minecraft:wooden_slabs": "2024-11-05 21:31:00 +0000"
    },
    "done": true
  },
  "supplementaries:recipes/pulley": {
    "criteria": {
      "minecraft:wooden_slabs": "2024-11-05 21:31:00 +0000"
    },
    "done": true
  },
  "betternether:recipes/decorations/anchor_tree_ladder": {
    "criteria": {
      "has_stick": "2024-11-05 21:27:15 +0000"
    },
    "done": true
  },
  "betterend:recipes/decorations/umbrella_tree_taburet": {
    "criteria": {
      "has_stick": "2024-11-05 21:27:15 +0000"
    },
    "done": true
  },
  "refurbished_furniture:recipes/misc/constructing/rfm/betternether/stalagnate_lattice_fence_gate": {
    "criteria": {
      "has_stick": "2024-11-05 21:27:15 +0000"
    },
    "done": true
  },
  "refurbished_furniture:recipes/misc/constructing/purple_trampoline": {
    "criteria": {
      "has_string": "2024-11-05 21:30:38 +0000"
    },
    "done": true
  },
  "minecraft:recipes/decorations/loom": {
    "criteria": {
      "has_string": "2024-11-05 21:30:38 +0000"
    },
    "done": true
  },
  "minecraft:story/root": {
    "criteria": {
      "crafting_table": "2024-11-05 21:31:52 +0000"
    },
    "done": true
  },
  "mcwlights:recipes/lantern": {
    "criteria": {
      "has_the_recipe": "2024-11-05 21:25:34 +0000"
    },
    "done": true
  },
  "betternether:recipes/decorations/willow_chair": {
    "criteria": {
      "has_stick": "2024-11-05 21:27:15 +0000"
    },
    "done": true
  },
  "betterend:recipes/decorations/dragon_tree_sign": {
    "criteria": {
      "has_stick": "2024-11-05 21:27:15 +0000"
    },
    "done": true
  },
  "betternether:recipes/decorations/spruce_bar_stool": {
    "criteria": {
      "has_stick": "2024-11-05 21:27:15 +0000"
    },
    "done": true
  },
  "supplementaries:recipes/flags/flag_lime": {
    "criteria": {
      "has_stick": "2024-11-05 21:27:15 +0000"
    },
    "done": true
  },
  "betternether:recipes/decorations/stalagnate_bar_stool": {
    "criteria": {
      "has_stick": "2024-11-05 21:27:15 +0000"
    },
    "done": true
  },
  "mcda:recipes/base_armors/guards_armor_boots": {
    "criteria": {
      "has_leather_boots": "2024-11-05 21:24:45 +0000"
    },
    "done": true
  },
  "betterend:recipes/decorations/dragon_tree_chair": {
    "criteria": {
      "has_stick": "2024-11-05 21:27:15 +0000"
    },
    "done": true
  },
  "DataVersion": 3465
}