{
  "bbb:recipes/acacia_lantern": {
    "criteria": {
      "has_torch": "2024-11-05 21:40:14 +0000"
    },
    "done": true
  },
  "minecraft:recipes/decorations/crafting_table": {
    "criteria": {
      "unlock_right_away": "2024-11-05 21:33:45 +0000"
    },
    "done": true
  },
  "naturalist:recipes/food/cooked_egg": {
    "criteria": {
      "has_eggs": "2024-11-05 21:40:03 +0000"
    },
    "done": true
  },
  "mcdw:recipes/bows/bow_bubble_bow": {
    "criteria": {
      "has_water_bucket": "2024-11-05 21:40:21 +0000"
    },
    "done": true
  },
  "mcda:recipes/base_armors/spelunker_armor_helmet": {
    "criteria": {
      "has_torch": "2024-11-05 21:40:14 +0000"
    },
    "done": true
  },
  "betternether:root": {
    "criteria": {
      "welcome": "2024-11-05 21:33:46 +0000"
    },
    "done": true
  },
  "betterend:root": {
    "criteria": {
      "welcome": "2024-11-05 21:33:46 +0000"
    },
    "done": true
  },
  "betterdungeons:root": {
    "criteria": {
      "always": "2024-11-05 21:33:45 +0000"
    },
    "done": true
  },
  "refurbished_furniture:recipes/baking/sea_salt": {
    "criteria": {
      "has_ingredient": "2024-11-05 21:40:21 +0000"
    },
    "done": true
  },
  "betterend:recipes/misc/shadow_berry_jelly": {
    "criteria": {
      "has_tag_c_water_bottles": "2024-11-05 21:40:21 +0000"
    },
    "done": true
  },
  "bbb:recipes/mangrove_lantern": {
    "criteria": {
      "has_torch": "2024-11-05 21:40:14 +0000"
    },
    "done": true
  },
  "betterdeserttemples:root": {
    "criteria": {
      "always": "2024-11-05 21:33:45 +0000"
    },
    "done": true
  },
  "mcwlights:recipes/paper_lamp": {
    "criteria": {
      "has_the_recipe": "2024-11-05 21:40:04 +0000"
    },
    "done": true
  },
  "minecraft:story/upgrade_tools": {
    "criteria": {
      "stone_pickaxe": "2024-11-05 21:40:04 +0000"
    },
    "done": true
  },
  "betterend:recipes/misc/blossom_berry_jelly": {
    "criteria": {
      "has_tag_c_water_bottles": "2024-11-05 21:40:21 +0000"
    },
    "done": true
  },
  "mcwlights:recipes/torches": {
    "criteria": {
      "has_the_recipe": "2024-11-05 21:40:04 +0000"
    },
    "done": true
  },
  "supplementaries:recipes/soap": {
    "criteria": {
      "has_water_bucket": "2024-11-05 21:40:21 +0000"
    },
    "done": true
  },
  "bbb:recipes/bamboo_lantern": {
    "criteria": {
      "has_torch": "2024-11-05 21:40:14 +0000"
    },
    "done": true
  },
  "bbb:recipes/cherry_lantern": {
    "criteria": {
      "has_torch": "2024-11-05 21:40:14 +0000"
    },
    "done": true
  },
  "bbb:recipes/dark_oak_lantern": {
    "criteria": {
      "has_torch": "2024-11-05 21:40:14 +0000"
    },
    "done": true
  },
  "betternether:recipes/building_blocks/whispering_gourd_lantern": {
    "criteria": {
      "has_torch": "2024-11-05 21:40:14 +0000"
    },
    "done": true
  },
  "bbb:recipes/crimson_lantern": {
    "criteria": {
      "has_torch": "2024-11-05 21:40:14 +0000"
    },
    "done": true
  },
  "mcda:recipes/upgrade_cores/upgrade_core_oceanic": {
    "criteria": {
      "has_core_specification_item": "2024-11-05 21:40:21 +0000"
    },
    "done": true
  },
  "croptopia:gather_food": {
    "criteria": {
      "buttered_toast": "2024-11-05 21:40:31 +0000"
    },
    "done": false
  },
  "bbb:recipes/bamboo_wall": {
    "criteria": {
      "has_logs": "2024-11-05 21:40:03 +0000"
    },
    "done": true
  },
  "bbb:recipes/bamboo_beam": {
    "criteria": {
      "has_log": "2024-11-05 21:40:03 +0000"
    },
    "done": true
  },
  "minecraft:recipes/brewing/cauldron": {
    "criteria": {
      "has_water_bucket": "2024-11-05 21:40:21 +0000"
    },
    "done": true
  },
  "bbb:recipes/spruce_lantern": {
    "criteria": {
      "has_torch": "2024-11-05 21:40:14 +0000"
    },
    "done": true
  },
  "mcwlights:recipes/tiki_torches": {
    "criteria": {
      "has_the_recipe": "2024-11-05 21:40:04 +0000"
    },
    "done": true
  },
  "bbb:recipes/jungle_lantern": {
    "criteria": {
      "has_torch": "2024-11-05 21:40:14 +0000"
    },
    "done": true
  },
  "bbb:recipes/warped_lantern": {
    "criteria": {
      "has_torch": "2024-11-05 21:40:14 +0000"
    },
    "done": true
  },
  "supplementaries:recipes/sconce": {
    "criteria": {
      "has_torch": "2024-11-05 21:40:14 +0000"
    },
    "done": true
  },
  "lootr:root": {
    "criteria": {
      "always_true": "2024-11-05 21:33:45 +0000"
    },
    "done": true
  },
  "croptopia:recipes/shaped_toast_sandwich": {
    "criteria": {
      "has_toast": "2024-11-05 21:40:31 +0000"
    },
    "done": true
  },
  "refurbished_furniture:recipes/food/dough": {
    "criteria": {
      "has_water": "2024-11-05 21:40:21 +0000"
    },
    "done": true
  },
  "betterend:recipes/misc/sweet_berry_jelly": {
    "criteria": {
      "has_tag_c_water_bottles": "2024-11-05 21:40:21 +0000"
    },
    "done": true
  },
  "minecraft:recipes/decorations/torch": {
    "criteria": {
      "has_stone_pickaxe": "2024-11-05 21:40:04 +0000"
    },
    "done": true
  },
  "bbb:recipes/birch_lantern": {
    "criteria": {
      "has_torch": "2024-11-05 21:40:14 +0000"
    },
    "done": true
  },
  "refurbished_furniture:recipes/freezing/ice": {
    "criteria": {
      "has_ingredient": "2024-11-05 21:40:21 +0000"
    },
    "done": true
  },
  "bbb:recipes/oak_lantern": {
    "criteria": {
      "has_torch": "2024-11-05 21:40:14 +0000"
    },
    "done": true
  },
  "croptopia:recipes/shaped_water_bottle": {
    "criteria": {
      "has_water": "2024-11-05 21:40:21 +0000"
    },
    "done": true
  },
  "minecraft:adventure/adventuring_time": {
    "criteria": {
      "minecraft:forest": "2024-11-05 21:33:46 +0000",
      "minecraft:plains": "2024-11-05 21:34:43 +0000"
    },
    "done": false
  },
  "mcwlights:recipes/lantern": {
    "criteria": {
      "has_the_recipe": "2024-11-05 21:40:04 +0000"
    },
    "done": true
  },
  "DataVersion": 3465
}