{
  "minecraft:recipes/decorations/crafting_table": {
    "criteria": {
      "unlock_right_away": "2024-10-13 16:42:08 +0000"
    },
    "done": true
  },
  "lootr:root": {
    "criteria": {
      "always_true": "2024-10-13 16:42:08 +0000"
    },
    "done": true
  },
  "betternether:root": {
    "criteria": {
      "welcome": "2024-10-13 16:42:10 +0000"
    },
    "done": true
  },
  "betterend:root": {
    "criteria": {
      "welcome": "2024-10-13 16:42:10 +0000"
    },
    "done": true
  },
  "minecraft:recipes/transportation/cherry_boat": {
    "criteria": {
      "in_water": "2024-10-13 16:43:05 +0000"
    },
    "done": true
  },
  "minecraft:recipes/transportation/bamboo_raft": {
    "criteria": {
      "in_water": "2024-10-13 16:43:05 +0000"
    },
    "done": true
  },
  "minecraft:recipes/transportation/acacia_boat": {
    "criteria": {
      "in_water": "2024-10-13 16:43:05 +0000"
    },
    "done": true
  },
  "minecraft:recipes/transportation/jungle_boat": {
    "criteria": {
      "in_water": "2024-10-13 16:43:05 +0000"
    },
    "done": true
  },
  "minecraft:recipes/transportation/spruce_boat": {
    "criteria": {
      "in_water": "2024-10-13 16:43:05 +0000"
    },
    "done": true
  },
  "minecraft:recipes/transportation/birch_boat": {
    "criteria": {
      "in_water": "2024-10-13 16:43:05 +0000"
    },
    "done": true
  },
  "minecraft:recipes/transportation/oak_boat": {
    "criteria": {
      "in_water": "2024-10-13 16:43:05 +0000"
    },
    "done": true
  },
  "minecraft:recipes/transportation/mangrove_boat": {
    "criteria": {
      "in_water": "2024-10-13 16:43:05 +0000"
    },
    "done": true
  },
  "minecraft:recipes/transportation/dark_oak_boat": {
    "criteria": {
      "in_water": "2024-10-13 16:43:05 +0000"
    },
    "done": true
  },
  "refurbished_furniture:recipes/misc/constructing/black_kitchen_sink": {
    "criteria": {
      "has_wooden_kitchen_sinks": "2024-10-13 18:06:16 +0000"
    },
    "done": true
  },
  "refurbished_furniture:recipes/misc/constructing/lime_kitchen_sink": {
    "criteria": {
      "has_wooden_kitchen_sinks": "2024-10-13 18:06:16 +0000"
    },
    "done": true
  },
  "minecraft:story/mine_stone": {
    "criteria": {
      "get_stone": "2024-10-13 18:05:37 +0000"
    },
    "done": true
  },
  "minecraft:recipes/decorations/furnace": {
    "criteria": {
      "has_cobblestone": "2024-10-13 18:05:37 +0000"
    },
    "done": true
  },
  "minecraft:recipes/building_blocks/andesite_stairs": {
    "criteria": {
      "has_andesite": "2024-10-13 18:05:37 +0000"
    },
    "done": true
  },
  "refurbished_furniture:recipes/misc/constructing/white_kitchen_sink": {
    "criteria": {
      "has_wooden_kitchen_sinks": "2024-10-13 18:06:16 +0000"
    },
    "done": true
  },
  "refurbished_furniture:recipes/decorations/dark_microwave": {
    "criteria": {
      "has_microwave": "2024-10-13 18:06:44 +0000"
    },
    "done": true
  },
  "refurbished_furniture:recipes/misc/constructing/brown_kitchen_sink": {
    "criteria": {
      "has_wooden_kitchen_sinks": "2024-10-13 18:06:16 +0000"
    },
    "done": true
  },
  "refurbished_furniture:recipes/misc/constructing/light_gray_kitchen_sink": {
    "criteria": {
      "has_wooden_kitchen_sinks": "2024-10-13 18:06:16 +0000"
    },
    "done": true
  },
  "minecraft:recipes/tools/stone_pickaxe": {
    "criteria": {
      "has_cobblestone": "2024-10-13 18:05:37 +0000"
    },
    "done": true
  },
  "minecraft:recipes/building_blocks/polished_andesite_from_andesite_stonecutting": {
    "criteria": {
      "has_andesite": "2024-10-13 18:05:37 +0000"
    },
    "done": true
  },
  "minecraft:recipes/building_blocks/polished_andesite_stairs_from_andesite_stonecutting": {
    "criteria": {
      "has_andesite": "2024-10-13 18:05:37 +0000"
    },
    "done": true
  },
  "refurbished_furniture:recipes/misc/constructing/light_blue_kitchen_sink": {
    "criteria": {
      "has_wooden_kitchen_sinks": "2024-10-13 18:06:16 +0000"
    },
    "done": true
  },
  "refurbished_furniture:recipes/misc/constructing/blue_kitchen_sink": {
    "criteria": {
      "has_wooden_kitchen_sinks": "2024-10-13 18:06:16 +0000"
    },
    "done": true
  },
  "minecraft:recipes/tools/stone_shovel": {
    "criteria": {
      "has_cobblestone": "2024-10-13 18:05:37 +0000"
    },
    "done": true
  },
  "refurbished_furniture:recipes/misc/constructing/orange_kitchen_sink": {
    "criteria": {
      "has_wooden_kitchen_sinks": "2024-10-13 18:06:16 +0000"
    },
    "done": true
  },
  "minecraft:recipes/redstone/lever": {
    "criteria": {
      "has_cobblestone": "2024-10-13 18:05:37 +0000"
    },
    "done": true
  },
  "refurbished_furniture:recipes/misc/constructing/dark_microwave": {
    "criteria": {
      "has_light_microwave": "2024-10-13 18:06:44 +0000"
    },
    "done": true
  },
  "refurbished_furniture:recipes/misc/constructing/magenta_kitchen_sink": {
    "criteria": {
      "has_wooden_kitchen_sinks": "2024-10-13 18:06:16 +0000"
    },
    "done": true
  },
  "minecraft:recipes/combat/stone_sword": {
    "criteria": {
      "has_cobblestone": "2024-10-13 18:05:37 +0000"
    },
    "done": true
  },
  "minecraft:recipes/tools/stone_axe": {
    "criteria": {
      "has_cobblestone": "2024-10-13 18:05:37 +0000"
    },
    "done": true
  },
  "refurbished_furniture:recipes/misc/constructing/cyan_kitchen_sink": {
    "criteria": {
      "has_wooden_kitchen_sinks": "2024-10-13 18:06:16 +0000"
    },
    "done": true
  },
  "refurbished_furniture:recipes/misc/constructing/red_kitchen_sink": {
    "criteria": {
      "has_wooden_kitchen_sinks": "2024-10-13 18:06:16 +0000"
    },
    "done": true
  },
  "minecraft:recipes/decorations/andesite_wall_from_andesite_stonecutting": {
    "criteria": {
      "has_andesite": "2024-10-13 18:05:37 +0000"
    },
    "done": true
  },
  "minecraft:recipes/building_blocks/polished_andesite_slab_from_andesite_stonecutting": {
    "criteria": {
      "has_andesite": "2024-10-13 18:05:37 +0000"
    },
    "done": true
  },
  "refurbished_furniture:recipes/misc/constructing/pink_kitchen_sink": {
    "criteria": {
      "has_wooden_kitchen_sinks": "2024-10-13 18:06:16 +0000"
    },
    "done": true
  },
  "refurbished_furniture:recipes/misc/constructing/gray_kitchen_sink": {
    "criteria": {
      "has_wooden_kitchen_sinks": "2024-10-13 18:06:16 +0000"
    },
    "done": true
  },
  "minecraft:recipes/building_blocks/andesite_slab_from_andesite_stonecutting": {
    "criteria": {
      "has_andesite": "2024-10-13 18:05:37 +0000"
    },
    "done": true
  },
  "refurbished_furniture:recipes/misc/constructing/green_kitchen_sink": {
    "criteria": {
      "has_wooden_kitchen_sinks": "2024-10-13 18:06:16 +0000"
    },
    "done": true
  },
  "minecraft:recipes/building_blocks/andesite_stairs_from_andesite_stonecutting": {
    "criteria": {
      "has_andesite": "2024-10-13 18:05:37 +0000"
    },
    "done": true
  },
  "refurbished_furniture:recipes/misc/constructing/andesite_stepping_stones": {
    "criteria": {
      "has_andesite": "2024-10-13 18:05:37 +0000"
    },
    "done": true
  },
  "refurbished_furniture:recipes/misc/constructing/yellow_kitchen_sink": {
    "criteria": {
      "has_wooden_kitchen_sinks": "2024-10-13 18:06:16 +0000"
    },
    "done": true
  },
  "minecraft:recipes/building_blocks/polished_andesite": {
    "criteria": {
      "has_andesite": "2024-10-13 18:05:37 +0000"
    },
    "done": true
  },
  "minecraft:adventure/adventuring_time": {
    "criteria": {
      "minecraft:river": "2024-10-13 18:05:59 +0000"
    },
    "done": false
  },
  "minecraft:recipes/decorations/andesite_wall": {
    "criteria": {
      "has_andesite": "2024-10-13 18:05:37 +0000"
    },
    "done": true
  },
  "minecraft:recipes/building_blocks/andesite_slab": {
    "criteria": {
      "has_andesite": "2024-10-13 18:05:37 +0000"
    },
    "done": true
  },
  "minecraft:recipes/tools/stone_hoe": {
    "criteria": {
      "has_cobblestone": "2024-10-13 18:05:37 +0000"
    },
    "done": true
  },
  "refurbished_furniture:recipes/misc/constructing/purple_kitchen_sink": {
    "criteria": {
      "has_wooden_kitchen_sinks": "2024-10-13 18:06:16 +0000"
    },
    "done": true
  },
  "DataVersion": 3700
}